customerID,gender,SeniorCitizen,Partner,Dependents,tenure,PhoneService,MultipleLines,InternetService,OnlineSecurity,OnlineBackup,DeviceProtection,TechSupport,StreamingTV,StreamingMovies,Contract,PaperlessBilling,PaymentMethod,MonthlyCharges,TotalCharges,Churn,ChurnProbability,PredictedChurn,RiskLevel,HighValueCustomer,RetentionPriority,RecommendedAction,PriorityOrder
5150-ITWWB,Male,1,No,No,3,Yes,Yes,Fiber optic,No,No,No,No,Yes,Yes,Month-to-month,Yes,Electronic check,94.85,335.75,0,0.9348272477316887,1,Very High Risk,True,Priority 1,Offer incentive to move to a long-term contract | Encourage automatic payment adoption | Provide proactive onboarding and early engagement,1
8161-QYMTT,Male,0,No,No,7,Yes,Yes,Fiber optic,No,No,No,No,Yes,Yes,Month-to-month,Yes,Electronic check,94.1,701.3,0,0.9185895529851139,1,Very High Risk,True,Priority 1,Offer incentive to move to a long-term contract | Encourage automatic payment adoption | Provide proactive onboarding and early engagement,1
6350-XFYGW,Male,1,No,No,4,Yes,No,Fiber optic,No,No,Yes,No,Yes,Yes,Month-to-month,Yes,Electronic check,94.75,422.4,0,0.9131263304144839,1,Very High Risk,True,Priority 1,Offer incentive to move to a long-term contract | Encourage automatic payment adoption | Provide proactive onboarding and early engagement,1
7668-XCFYV,Female,1,Yes,No,17,Yes,Yes,Fiber optic,No,No,No,No,Yes,Yes,Month-to-month,Yes,Electronic check,92.55,1614.7,0,0.9117394045585007,1,Very High Risk,True,Priority 1,Offer incentive to move to a long-term contract | Encourage automatic payment adoption | Conduct plan review or provide personalized retention offer,1
3320-VEOYC,Male,1,No,No,14,Yes,Yes,Fiber optic,No,No,No,No,Yes,Yes,Month-to-month,Yes,Electronic check,95.6,1273.3,0,0.9108181455192502,1,Very High Risk,True,Priority 1,Offer incentive to move to a long-term contract | Encourage automatic payment adoption | Conduct plan review or provide personalized retention offer,1
7225-CBZPL,Male,1,Yes,No,17,Yes,Yes,Fiber optic,No,No,No,No,Yes,Yes,Month-to-month,Yes,Electronic check,94.8,1563.9,0,0.9078262906899028,1,Very High Risk,True,Priority 1,Offer incentive to move to a long-term contract | Encourage automatic payment adoption | Conduct plan review or provide personalized retention offer,1
5935-FCCNB,Female,1,No,No,17,Yes,Yes,Fiber optic,No,No,No,No,Yes,Yes,Month-to-month,Yes,Electronic check,94.2,1608.15,0,0.9059107754170185,1,Very High Risk,True,Priority 1,Offer incentive to move to a long-term contract | Encourage automatic payment adoption | Conduct plan review or provide personalized retention offer,1
4927-WWOOZ,Male,0,Yes,No,2,Yes,Yes,Fiber optic,No,No,Yes,No,Yes,No,Month-to-month,Yes,Electronic check,91.45,171.45,0,0.9001450454239076,1,Very High Risk,True,Priority 1,Offer incentive to move to a long-term contract | Encourage automatic payment adoption | Provide proactive onboarding and early engagement,1
3452-GWUIN,Female,1,Yes,No,19,Yes,Yes,Fiber optic,No,No,No,No,Yes,Yes,Month-to-month,Yes,Electronic check,94.95,1760.25,0,0.9000356182315669,1,Very High Risk,True,Priority 1,Offer incentive to move to a long-term contract | Encourage automatic payment adoption | Conduct plan review or provide personalized retention offer,1
3318-NMQXL,Male,0,No,No,3,Yes,No,Fiber optic,No,No,No,No,Yes,Yes,Month-to-month,Yes,Electronic check,92.0,266.8,0,0.8995148263910696,1,Very High Risk,True,Priority 1,Offer incentive to move to a long-term contract | Encourage automatic payment adoption | Provide proactive onboarding and early engagement,1
6969-MVBAI,Female,1,No,No,9,Yes,Yes,Fiber optic,No,No,Yes,No,Yes,No,Month-to-month,Yes,Electronic check,90.1,816.8,0,0.8959152147258505,1,Very High Risk,True,Priority 1,Offer incentive to move to a long-term contract | Encourage automatic payment adoption | Provide proactive onboarding and early engagement,1
7398-SKNQZ,Female,0,Yes,No,3,Yes,Yes,Fiber optic,No,No,No,No,Yes,Yes,Month-to-month,No,Electronic check,94.9,273.2,0,0.8951265035872786,1,Very High Risk,True,Priority 1,Offer incentive to move to a long-term contract | Encourage automatic payment adoption | Provide proactive onboarding and early engagement,1
3096-GKWEB,Male,0,Yes,No,18,Yes,Yes,Fiber optic,No,No,No,No,Yes,Yes,Month-to-month,Yes,Electronic check,94.75,1691.9,0,0.8924271911966667,1,Very High Risk,True,Priority 1,Offer incentive to move to a long-term contract | Encourage automatic payment adoption | Conduct plan review or provide personalized retention offer,1
1941-HOSAM,Male,0,Yes,Yes,1,Yes,No,Fiber optic,No,No,No,No,Yes,Yes,Month-to-month,Yes,Electronic check,90.1,90.1,0,0.8905071035207247,1,Very High Risk,True,Priority 1,Offer incentive to move to a long-term contract | Encourage automatic payment adoption | Provide proactive onboarding and early engagement,1
0916-QOFDP,Female,1,Yes,Yes,14,Yes,Yes,Fiber optic,No,No,No,No,Yes,Yes,Month-to-month,Yes,Electronic check,95.8,1346.3,0,0.8898051925483658,1,Very High Risk,True,Priority 1,Offer incentive to move to a long-term contract | Encourage automatic payment adoption | Conduct plan review or provide personalized retention offer,1
8087-LGYHQ,Male,0,No,No,9,Yes,No,Fiber optic,No,No,Yes,No,Yes,Yes,Month-to-month,Yes,Electronic check,94.05,811.65,0,0.8878532148635585,1,Very High Risk,True,Priority 1,Offer incentive to move to a long-term contract | Encourage automatic payment adoption | Provide proactive onboarding and early engagement,1
7402-EYFXX,Male,1,No,No,26,Yes,Yes,Fiber optic,No,No,No,No,Yes,Yes,Month-to-month,Yes,Electronic check,93.6,2404.1,0,0.8873329499446553,1,Very High Risk,True,Priority 1,Offer incentive to move to a long-term contract | Encourage automatic payment adoption | Conduct plan review or provide personalized retention offer,1
5956-YHHRX,Male,1,No,No,21,Yes,Yes,Fiber optic,No,Yes,Yes,No,Yes,Yes,Month-to-month,Yes,Electronic check,104.35,2271.85,0,0.8844457035848805,1,Very High Risk,True,Priority 1,Offer incentive to move to a long-term contract | Encourage automatic payment adoption | Conduct plan review or provide personalized retention offer,1
0365-BZUWY,Male,0,Yes,No,17,Yes,Yes,Fiber optic,No,Yes,Yes,No,Yes,Yes,Month-to-month,Yes,Electronic check,102.55,1742.5,0,0.88392881073292,1,Very High Risk,True,Priority 1,Offer incentive to move to a long-term contract | Encourage automatic payment adoption | Conduct plan review or provide personalized retention offer,1
9919-KNPOO,Female,0,Yes,No,21,Yes,Yes,Fiber optic,No,No,No,No,Yes,Yes,Month-to-month,Yes,Electronic check,94.3,1948.35,0,0.8819006502569884,1,Very High Risk,True,Priority 1,Offer incentive to move to a long-term contract | Encourage automatic payment adoption | Conduct plan review or provide personalized retention offer,1
4060-LDNLU,Male,0,No,No,7,Yes,Yes,Fiber optic,No,No,No,No,Yes,Yes,Month-to-month,No,Electronic check,96.2,639.7,0,0.8818062134927016,1,Very High Risk,True,Priority 1,Offer incentive to move to a long-term contract | Encourage automatic payment adoption | Provide proactive onboarding and early engagement,1
2985-FMWYF,Female,0,No,No,23,Yes,Yes,Fiber optic,No,No,No,No,Yes,Yes,Month-to-month,Yes,Electronic check,93.5,2341.55,0,0.8816077405164243,1,Very High Risk,True,Priority 1,Offer incentive to move to a long-term contract | Encourage automatic payment adoption | Conduct plan review or provide personalized retention offer,1
2371-JQHZZ,Male,0,Yes,No,24,Yes,Yes,Fiber optic,No,No,No,No,Yes,Yes,Month-to-month,Yes,Electronic check,93.0,2248.05,0,0.8815487100461814,1,Very High Risk,True,Priority 1,Offer incentive to move to a long-term contract | Encourage automatic payment adoption | Conduct plan review or provide personalized retention offer,1
9402-ORRAH,Female,1,No,No,15,Yes,No,Fiber optic,No,No,No,No,Yes,Yes,Month-to-month,Yes,Electronic check,91.5,1400.3,0,0.8814598189503372,1,Very High Risk,True,Priority 1,Offer incentive to move to a long-term contract | Encourage automatic payment adoption | Conduct plan review or provide personalized retention offer,1
9290-SHCMB,Female,1,No,No,13,Yes,No,Fiber optic,No,No,Yes,No,Yes,Yes,Month-to-month,Yes,Electronic check,96.85,1235.55,0,0.8813250282073853,1,Very High Risk,True,Priority 1,Offer incentive to move to a long-term contract | Encourage automatic payment adoption | Conduct plan review or provide personalized retention offer,1
5382-SOYZL,Male,0,No,No,22,Yes,Yes,Fiber optic,No,No,No,No,Yes,Yes,Month-to-month,Yes,Electronic check,95.1,2162.6,0,0.8807836603082078,1,Very High Risk,True,Priority 1,Offer incentive to move to a long-term contract | Encourage automatic payment adoption | Conduct plan review or provide personalized retention offer,1
4929-XIHVW,Male,1,Yes,No,2,Yes,No,Fiber optic,No,No,Yes,No,Yes,Yes,Month-to-month,Yes,Credit card (automatic),95.5,181.65,0,0.8794988028425577,1,Very High Risk,True,Priority 1,Offer incentive to move to a long-term contract | Provide proactive onboarding and early engagement | Conduct plan review or provide personalized retention offer,1
8622-ZLFKO,Female,0,Yes,No,6,Yes,Yes,Fiber optic,No,Yes,No,No,No,Yes,Month-to-month,Yes,Electronic check,90.75,512.25,0,0.8792067535090616,1,Very High Risk,True,Priority 1,Offer incentive to move to a long-term contract | Encourage automatic payment adoption | Provide proactive onboarding and early engagement,1
9094-AZPHK,Female,0,No,No,15,Yes,Yes,Fiber optic,No,Yes,No,No,Yes,Yes,Month-to-month,Yes,Electronic check,100.15,1415.0,0,0.8777977196324854,1,Very High Risk,True,Priority 1,Offer incentive to move to a long-term contract | Encourage automatic payment adoption | Conduct plan review or provide personalized retention offer,1
9360-OMDZZ,Male,0,No,No,24,Yes,Yes,Fiber optic,No,No,No,No,Yes,Yes,Month-to-month,Yes,Electronic check,94.1,2322.85,0,0.8777469178896004,1,Very High Risk,True,Priority 1,Offer incentive to move to a long-term contract | Encourage automatic payment adoption | Conduct plan review or provide personalized retention offer,1
3338-CVVEH,Male,0,No,No,12,Yes,Yes,Fiber optic,No,No,No,No,Yes,Yes,Month-to-month,No,Electronic check,94.55,1173.55,0,0.8743653943409971,1,Very High Risk,True,Priority 1,Offer incentive to move to a long-term contract | Encourage automatic payment adoption | Provide proactive onboarding and early engagement,1
5995-SNNEW,Male,1,Yes,No,23,Yes,Yes,Fiber optic,No,Yes,Yes,No,Yes,Yes,Month-to-month,Yes,Electronic check,104.45,2184.85,0,0.8740609008466451,1,Very High Risk,True,Priority 1,Offer incentive to move to a long-term contract | Encourage automatic payment adoption | Conduct plan review or provide personalized retention offer,1
6734-GMPVK,Male,0,No,No,5,Yes,Yes,Fiber optic,No,Yes,Yes,No,Yes,Yes,Month-to-month,No,Electronic check,105.3,550.6,0,0.8699785545016925,1,Very High Risk,True,Priority 1,Offer incentive to move to a long-term contract | Encourage automatic payment adoption | Provide proactive onboarding and early engagement,1
1393-IMKZG,Female,0,No,No,1,Yes,No,Fiber optic,No,No,No,Yes,Yes,Yes,Month-to-month,Yes,Electronic check,95.85,95.85,0,0.869400155731828,1,Very High Risk,True,Priority 1,Offer incentive to move to a long-term contract | Encourage automatic payment adoption | Provide proactive onboarding and early engagement,1
6583-KQJLK,Female,1,Yes,No,15,Yes,No,Fiber optic,No,Yes,No,No,Yes,Yes,Month-to-month,Yes,Electronic check,94.65,1285.05,0,0.8692501871197025,1,Very High Risk,True,Priority 1,Offer incentive to move to a long-term contract | Encourage automatic payment adoption | Conduct plan review or provide personalized retention offer,1
1960-UYCNN,Male,0,No,No,10,Yes,Yes,Fiber optic,No,Yes,Yes,No,No,Yes,Month-to-month,Yes,Electronic check,95.25,1021.55,0,0.8684871995294883,1,Very High Risk,True,Priority 1,Offer incentive to move to a long-term contract | Encourage automatic payment adoption | Provide proactive onboarding and early engagement,1
6986-IXNDM,Male,0,No,No,14,Yes,No,Fiber optic,No,No,No,No,Yes,Yes,Month-to-month,Yes,Electronic check,92.9,1337.45,0,0.8671414686636655,1,Very High Risk,True,Priority 1,Offer incentive to move to a long-term contract | Encourage automatic payment adoption | Conduct plan review or provide personalized retention offer,1
7392-YYPYJ,Male,0,No,No,22,Yes,Yes,Fiber optic,No,Yes,No,No,Yes,Yes,Month-to-month,Yes,Electronic check,100.65,2415.95,0,0.8669468667837124,1,Very High Risk,True,Priority 1,Offer incentive to move to a long-term contract | Encourage automatic payment adoption | Conduct plan review or provide personalized retention offer,1
5168-MSWXT,Male,0,Yes,Yes,8,Yes,No,Fiber optic,No,No,Yes,No,Yes,Yes,Month-to-month,Yes,Electronic check,94.75,759.55,0,0.8666774456497871,1,Very High Risk,True,Priority 1,Offer incentive to move to a long-term contract | Encourage automatic payment adoption | Provide proactive onboarding and early engagement,1
6507-ZJSUR,Male,1,Yes,No,23,Yes,No,Fiber optic,No,No,No,No,Yes,Yes,Month-to-month,Yes,Electronic check,90.45,2117.25,0,0.866129538705617,1,Very High Risk,True,Priority 1,Offer incentive to move to a long-term contract | Encourage automatic payment adoption | Conduct plan review or provide personalized retention offer,1
4298-OYIFC,Male,0,Yes,No,15,Yes,Yes,Fiber optic,No,No,Yes,Yes,Yes,Yes,Month-to-month,Yes,Electronic check,103.45,1539.8,0,0.8652007307207079,1,Very High Risk,True,Priority 1,Offer incentive to move to a long-term contract | Encourage automatic payment adoption | Conduct plan review or provide personalized retention offer,1
3292-PBZEJ,Male,1,No,No,11,Yes,Yes,Fiber optic,No,Yes,Yes,Yes,Yes,Yes,Month-to-month,Yes,Electronic check,111.4,1183.05,0,0.8644073169890452,1,Very High Risk,True,Priority 1,Offer incentive to move to a long-term contract | Encourage automatic payment adoption | Provide proactive onboarding and early engagement,1
6198-RTPMF,Female,0,Yes,No,17,Yes,Yes,Fiber optic,No,No,No,No,Yes,Yes,Month-to-month,No,Electronic check,92.6,1579.7,0,0.8626237111325926,1,Very High Risk,True,Priority 1,Offer incentive to move to a long-term contract | Encourage automatic payment adoption | Conduct plan review or provide personalized retention offer,1
4445-ZJNMU,Male,0,No,No,9,Yes,Yes,Fiber optic,No,Yes,No,No,Yes,Yes,Month-to-month,Yes,Credit card (automatic),99.3,918.75,0,0.8588090509583486,1,Very High Risk,True,Priority 1,Offer incentive to move to a long-term contract | Provide proactive onboarding and early engagement | Conduct plan review or provide personalized retention offer,1
7145-FEJWU,Female,0,No,Yes,12,Yes,Yes,Fiber optic,No,Yes,Yes,No,Yes,Yes,Month-to-month,Yes,Electronic check,105.3,1275.65,0,0.8581713404218866,1,Very High Risk,True,Priority 1,Offer incentive to move to a long-term contract | Encourage automatic payment adoption | Provide proactive onboarding and early engagement,1
3629-ZNKXA,Male,1,No,No,17,Yes,No,Fiber optic,No,Yes,Yes,No,Yes,Yes,Month-to-month,Yes,Electronic check,101.8,1752.45,0,0.8581015425606082,1,Very High Risk,True,Priority 1,Offer incentive to move to a long-term contract | Encourage automatic payment adoption | Conduct plan review or provide personalized retention offer,1
6215-NQCPY,Male,0,No,No,15,Yes,Yes,Fiber optic,Yes,No,No,No,Yes,Yes,Month-to-month,Yes,Electronic check,99.7,1566.75,0,0.8569711399813672,1,Very High Risk,True,Priority 1,Offer incentive to move to a long-term contract | Encourage automatic payment adoption | Conduct plan review or provide personalized retention offer,1
2107-FBPTK,Female,1,No,No,30,Yes,Yes,Fiber optic,No,Yes,Yes,No,Yes,Yes,Month-to-month,Yes,Electronic check,104.1,3121.1,0,0.8542828488865142,1,Very High Risk,True,Priority 1,Offer incentive to move to a long-term contract | Encourage automatic payment adoption | Conduct plan review or provide personalized retention offer,1
4813-HQMGZ,Female,0,Yes,No,8,Yes,Yes,Fiber optic,No,No,No,Yes,No,Yes,Month-to-month,Yes,Electronic check,90.25,743.75,0,0.8535007827636272,1,Very High Risk,True,Priority 1,Offer incentive to move to a long-term contract | Encourage automatic payment adoption | Provide proactive onboarding and early engagement,1
6851-WEFYX,Male,1,Yes,No,35,Yes,Yes,Fiber optic,No,No,Yes,No,Yes,Yes,Month-to-month,Yes,Electronic check,100.8,3437.5,0,0.8534474195555621,1,Very High Risk,True,Priority 1,Offer incentive to move to a long-term contract | Encourage automatic payment adoption | Conduct plan review or provide personalized retention offer,1
8313-NDOIA,Female,0,No,No,24,Yes,Yes,Fiber optic,No,Yes,Yes,No,Yes,Yes,Month-to-month,Yes,Electronic check,104.15,2494.65,0,0.8534009139232247,1,Very High Risk,True,Priority 1,Offer incentive to move to a long-term contract | Encourage automatic payment adoption | Conduct plan review or provide personalized retention offer,1
2754-SDJRD,Female,1,No,No,8,Yes,Yes,Fiber optic,No,No,No,Yes,Yes,Yes,Month-to-month,Yes,Credit card (automatic),100.15,908.55,0,0.8520197892286537,1,Very High Risk,True,Priority 1,Offer incentive to move to a long-term contract | Provide proactive onboarding and early engagement | Conduct plan review or provide personalized retention offer,1
9279-CJEOJ,Female,1,No,No,21,Yes,Yes,Fiber optic,No,No,No,No,Yes,Yes,Month-to-month,Yes,Bank transfer (automatic),95.4,2025.1,0,0.8487448161576063,1,Very High Risk,True,Priority 1,Offer incentive to move to a long-term contract | Conduct plan review or provide personalized retention offer | Offer trial or discounted technical support,1
2984-AFWNC,Female,0,No,No,3,Yes,No,Fiber optic,No,Yes,No,No,Yes,Yes,Month-to-month,No,Electronic check,95.4,293.15,0,0.8476459629362607,1,Very High Risk,True,Priority 1,Offer incentive to move to a long-term contract | Encourage automatic payment adoption | Provide proactive onboarding and early engagement,1
0722-SVSFK,Female,0,No,No,7,Yes,No,Fiber optic,No,No,Yes,Yes,Yes,Yes,Month-to-month,Yes,Electronic check,100.4,715.0,0,0.8469590958846872,1,Very High Risk,True,Priority 1,Offer incentive to move to a long-term contract | Encourage automatic payment adoption | Provide proactive onboarding and early engagement,1
4132-KALRO,Female,0,No,No,4,Yes,Yes,Fiber optic,No,No,No,Yes,Yes,Yes,Month-to-month,Yes,Mailed check,100.85,399.25,0,0.8465413058063013,1,Very High Risk,True,Priority 1,Offer incentive to move to a long-term contract | Provide proactive onboarding and early engagement | Conduct plan review or provide personalized retention offer,1
0480-BIXDE,Female,0,Yes,No,19,Yes,No,Fiber optic,No,No,Yes,No,Yes,Yes,Month-to-month,Yes,Electronic check,96.8,1743.05,0,0.8451904203079311,1,Very High Risk,True,Priority 1,Offer incentive to move to a long-term contract | Encourage automatic payment adoption | Conduct plan review or provide personalized retention offer,1
0420-HLGXF,Female,1,No,No,39,Yes,Yes,Fiber optic,No,No,Yes,No,Yes,Yes,Month-to-month,Yes,Electronic check,99.75,4036.0,0,0.8433907615179659,1,Very High Risk,True,Priority 1,Offer incentive to move to a long-term contract | Encourage automatic payment adoption | Conduct plan review or provide personalized retention offer,1
2439-LYPMQ,Male,1,Yes,No,38,Yes,Yes,Fiber optic,No,Yes,Yes,No,Yes,Yes,Month-to-month,Yes,Electronic check,102.6,4009.2,0,0.8428944976672841,1,Very High Risk,True,Priority 1,Offer incentive to move to a long-term contract | Encourage automatic payment adoption | Conduct plan review or provide personalized retention offer,1
2809-ZMYOQ,Female,0,No,No,32,Yes,Yes,Fiber optic,No,No,Yes,No,Yes,Yes,Month-to-month,Yes,Electronic check,101.35,3334.9,0,0.8401627022723344,1,Very High Risk,True,Priority 1,Offer incentive to move to a long-term contract | Encourage automatic payment adoption | Conduct plan review or provide personalized retention offer,1
4566-NECEV,Male,0,No,No,5,Yes,Yes,Fiber optic,No,Yes,Yes,No,No,Yes,Month-to-month,No,Electronic check,96.55,500.1,0,0.8369126778230798,1,Very High Risk,True,Priority 1,Offer incentive to move to a long-term contract | Encourage automatic payment adoption | Provide proactive onboarding and early engagement,1
2665-NPTGL,Female,1,Yes,No,26,Yes,Yes,Fiber optic,No,No,Yes,No,Yes,Yes,Month-to-month,Yes,Bank transfer (automatic),98.1,2510.7,0,0.8366768979234651,1,Very High Risk,True,Priority 1,Offer incentive to move to a long-term contract | Conduct plan review or provide personalized retention offer | Offer trial or discounted technical support,1
0396-YCHWO,Male,0,Yes,No,36,Yes,Yes,Fiber optic,No,No,No,No,Yes,Yes,Month-to-month,Yes,Electronic check,95.4,3474.2,0,0.8362859021169747,1,Very High Risk,True,Priority 1,Offer incentive to move to a long-term contract | Encourage automatic payment adoption | Conduct plan review or provide personalized retention offer,1
6116-RFVHN,Female,0,Yes,No,34,Yes,Yes,Fiber optic,No,No,Yes,No,Yes,Yes,Month-to-month,Yes,Electronic check,100.45,3414.65,0,0.8359262878895777,1,Very High Risk,True,Priority 1,Offer incentive to move to a long-term contract | Encourage automatic payment adoption | Conduct plan review or provide personalized retention offer,1
3001-UNBTL,Male,1,Yes,Yes,29,Yes,Yes,Fiber optic,No,No,Yes,No,Yes,Yes,Month-to-month,Yes,Electronic check,103.95,2964.8,0,0.834234088632681,1,Very High Risk,True,Priority 1,Offer incentive to move to a long-term contract | Encourage automatic payment adoption | Conduct plan review or provide personalized retention offer,1
2081-VEYEH,Male,0,No,No,3,Yes,No,Fiber optic,No,Yes,Yes,Yes,Yes,Yes,Month-to-month,Yes,Electronic check,107.95,318.6,0,0.832770488855432,1,Very High Risk,True,Priority 1,Offer incentive to move to a long-term contract | Encourage automatic payment adoption | Provide proactive onboarding and early engagement,1
9547-ITEFG,Male,0,Yes,Yes,9,Yes,Yes,Fiber optic,No,Yes,Yes,No,Yes,Yes,Month-to-month,Yes,Credit card (automatic),102.6,897.75,0,0.8311069912592755,1,Very High Risk,True,Priority 1,Offer incentive to move to a long-term contract | Provide proactive onboarding and early engagement | Conduct plan review or provide personalized retention offer,1
8266-VBFQL,Male,0,No,No,4,Yes,No,Fiber optic,No,No,Yes,Yes,No,Yes,Month-to-month,Yes,Electronic check,90.4,356.65,0,0.8309985977634267,1,Very High Risk,True,Priority 1,Offer incentive to move to a long-term contract | Encourage automatic payment adoption | Provide proactive onboarding and early engagement,1
3951-NJCVI,Female,1,Yes,No,42,Yes,Yes,Fiber optic,No,No,No,No,Yes,Yes,Month-to-month,Yes,Electronic check,95.05,3944.5,0,0.829322921169288,1,Very High Risk,True,Priority 1,Offer incentive to move to a long-term contract | Encourage automatic payment adoption | Conduct plan review or provide personalized retention offer,1
5937-EORGB,Male,1,Yes,No,15,Yes,Yes,Fiber optic,Yes,No,Yes,No,Yes,No,Month-to-month,Yes,Electronic check,96.5,1392.25,0,0.8288619764943053,1,Very High Risk,True,Priority 1,Offer incentive to move to a long-term contract | Encourage automatic payment adoption | Conduct plan review or provide personalized retention offer,1
1302-UHBDD,Male,1,No,No,20,Yes,No,Fiber optic,No,No,No,No,Yes,Yes,Month-to-month,No,Electronic check,89.95,1648.45,0,0.8278673461879184,1,Very High Risk,True,Priority 1,Offer incentive to move to a long-term contract | Encourage automatic payment adoption | Conduct plan review or provide personalized retention offer,1
1666-JXLKU,Female,0,No,No,37,Yes,Yes,Fiber optic,No,No,Yes,No,Yes,Yes,Month-to-month,Yes,Electronic check,100.05,3810.55,0,0.8273010262095919,1,Very High Risk,True,Priority 1,Offer incentive to move to a long-term contract | Encourage automatic payment adoption | Conduct plan review or provide personalized retention offer,1
1028-FFNJK,Male,1,Yes,No,30,Yes,Yes,Fiber optic,No,No,No,Yes,Yes,Yes,Month-to-month,Yes,Electronic check,101.5,2917.65,0,0.8259002567954683,1,Very High Risk,True,Priority 1,Offer incentive to move to a long-term contract | Encourage automatic payment adoption | Conduct plan review or provide personalized retention offer,1
1751-NCDLI,Male,1,Yes,No,46,Yes,Yes,Fiber optic,No,No,Yes,No,Yes,Yes,Month-to-month,Yes,Electronic check,98.85,4564.9,0,0.8244330297223647,1,Very High Risk,True,Priority 1,Offer incentive to move to a long-term contract | Encourage automatic payment adoption | Conduct plan review or provide personalized retention offer,1
0432-CAJZV,Male,0,No,No,3,Yes,No,Fiber optic,No,No,No,No,Yes,Yes,Month-to-month,No,Mailed check,90.7,237.65,0,0.823831603423484,1,Very High Risk,True,Priority 1,Offer incentive to move to a long-term contract | Provide proactive onboarding and early engagement | Conduct plan review or provide personalized retention offer,1
8709-KRDVL,Female,0,No,No,33,Yes,Yes,Fiber optic,No,Yes,No,No,Yes,Yes,Month-to-month,Yes,Electronic check,100.0,3320.6,0,0.8231708410539572,1,Very High Risk,True,Priority 1,Offer incentive to move to a long-term contract | Encourage automatic payment adoption | Conduct plan review or provide personalized retention offer,1
7315-WYOAW,Male,0,No,No,13,Yes,Yes,Fiber optic,No,No,No,Yes,Yes,Yes,Month-to-month,No,Electronic check,100.75,1313.25,0,0.8219232445602664,1,Very High Risk,True,Priority 1,Offer incentive to move to a long-term contract | Encourage automatic payment adoption | Conduct plan review or provide personalized retention offer,1
1104-TNLZA,Male,1,Yes,No,28,Yes,Yes,Fiber optic,No,Yes,No,Yes,Yes,Yes,Month-to-month,Yes,Electronic check,105.8,2998.0,0,0.8215723915489812,1,Very High Risk,True,Priority 1,Offer incentive to move to a long-term contract | Encourage automatic payment adoption | Conduct plan review or provide personalized retention offer,1
5760-IFJOZ,Male,0,No,No,3,Yes,Yes,Fiber optic,No,Yes,Yes,No,Yes,Yes,Month-to-month,No,Mailed check,107.95,313.6,0,0.8195737565229806,1,Very High Risk,True,Priority 1,Offer incentive to move to a long-term contract | Provide proactive onboarding and early engagement | Conduct plan review or provide personalized retention offer,1
1379-FRVEB,Male,0,No,Yes,15,Yes,Yes,Fiber optic,No,Yes,No,No,Yes,No,Month-to-month,Yes,Electronic check,91.0,1430.05,0,0.8192302976563393,1,Very High Risk,True,Priority 1,Offer incentive to move to a long-term contract | Encourage automatic payment adoption | Conduct plan review or provide personalized retention offer,1
6833-JMZYP,Female,0,No,No,15,Yes,No,Fiber optic,No,No,Yes,No,Yes,Yes,Month-to-month,Yes,Credit card (automatic),94.0,1505.45,0,0.81790289287846,1,Very High Risk,True,Priority 1,Offer incentive to move to a long-term contract | Conduct plan review or provide personalized retention offer | Offer trial or discounted technical support,1
0674-DGMAQ,Male,1,Yes,No,32,Yes,Yes,Fiber optic,No,Yes,Yes,No,No,Yes,Month-to-month,Yes,Electronic check,93.5,2970.8,0,0.8170340857821237,1,Very High Risk,True,Priority 1,Offer incentive to move to a long-term contract | Encourage automatic payment adoption | Conduct plan review or provide personalized retention offer,1
1641-RQDAY,Female,1,Yes,Yes,32,Yes,Yes,Fiber optic,No,Yes,No,No,Yes,Yes,Month-to-month,Yes,Electronic check,100.4,3217.65,0,0.8165097188829264,1,Very High Risk,True,Priority 1,Offer incentive to move to a long-term contract | Encourage automatic payment adoption | Conduct plan review or provide personalized retention offer,1
6030-REHUX,Female,1,Yes,No,28,Yes,Yes,Fiber optic,No,Yes,Yes,Yes,Yes,Yes,Month-to-month,Yes,Electronic check,110.85,3204.4,0,0.8156671721600328,1,Very High Risk,True,Priority 1,Offer incentive to move to a long-term contract | Encourage automatic payment adoption | Conduct plan review or provide personalized retention offer,1
0258-NOKBL,Male,0,No,No,3,Yes,No,Fiber optic,No,Yes,Yes,No,No,Yes,Month-to-month,No,Electronic check,90.4,268.45,0,0.8144576712830544,1,Very High Risk,True,Priority 1,Offer incentive to move to a long-term contract | Encourage automatic payment adoption | Provide proactive onboarding and early engagement,1
7928-VJYAB,Male,0,Yes,Yes,11,Yes,No,Fiber optic,No,No,No,No,Yes,Yes,Month-to-month,No,Electronic check,90.6,1020.2,0,0.8136844545546985,1,Very High Risk,True,Priority 1,Offer incentive to move to a long-term contract | Encourage automatic payment adoption | Provide proactive onboarding and early engagement,1
6242-MBHPK,Female,1,Yes,No,23,Yes,No,Fiber optic,Yes,No,No,No,Yes,Yes,Month-to-month,Yes,Electronic check,95.1,2326.05,0,0.8124574622876417,1,Very High Risk,True,Priority 1,Offer incentive to move to a long-term contract | Encourage automatic payment adoption | Conduct plan review or provide personalized retention offer,1
2080-CAZNM,Female,1,No,No,41,Yes,Yes,Fiber optic,No,Yes,Yes,No,Yes,Yes,Month-to-month,Yes,Electronic check,104.4,4133.95,0,0.8113782744011112,1,Very High Risk,True,Priority 1,Offer incentive to move to a long-term contract | Encourage automatic payment adoption | Conduct plan review or provide personalized retention offer,1
6267-DCFFZ,Female,1,Yes,No,30,Yes,Yes,Fiber optic,No,Yes,No,No,Yes,No,Month-to-month,Yes,Electronic check,90.05,2627.2,0,0.8113621968365572,1,Very High Risk,True,Priority 1,Offer incentive to move to a long-term contract | Encourage automatic payment adoption | Conduct plan review or provide personalized retention offer,1
5692-ICXLW,Male,1,No,No,31,Yes,Yes,Fiber optic,No,Yes,No,No,Yes,No,Month-to-month,Yes,Electronic check,90.7,2845.15,0,0.8105606274445026,1,Very High Risk,True,Priority 1,Offer incentive to move to a long-term contract | Encourage automatic payment adoption | Conduct plan review or provide personalized retention offer,1
5339-PXDVH,Male,0,No,No,4,Yes,Yes,Fiber optic,Yes,No,No,No,Yes,No,Month-to-month,No,Electronic check,90.65,367.95,0,0.8091550349400638,1,Very High Risk,True,Priority 1,Offer incentive to move to a long-term contract | Encourage automatic payment adoption | Provide proactive onboarding and early engagement,1
4686-UXDML,Female,0,No,No,21,Yes,Yes,Fiber optic,No,Yes,No,No,Yes,Yes,Month-to-month,Yes,Credit card (automatic),99.85,1992.55,0,0.8054983118016794,1,Very High Risk,True,Priority 1,Offer incentive to move to a long-term contract | Conduct plan review or provide personalized retention offer | Offer trial or discounted technical support,1
9133-AYJZG,Female,0,No,No,23,Yes,Yes,Fiber optic,No,Yes,No,No,Yes,Yes,Month-to-month,Yes,Credit card (automatic),98.7,2249.1,0,0.804964486213161,1,Very High Risk,True,Priority 1,Offer incentive to move to a long-term contract | Conduct plan review or provide personalized retention offer | Offer trial or discounted technical support,1
4583-PARNH,Male,1,Yes,No,16,Yes,No,Fiber optic,No,No,Yes,Yes,No,Yes,Month-to-month,Yes,Electronic check,91.55,1540.05,0,0.8049185523142147,1,Very High Risk,True,Priority 1,Offer incentive to move to a long-term contract | Encourage automatic payment adoption | Conduct plan review or provide personalized retention offer,1
3588-WSTTJ,Female,1,No,No,35,Yes,Yes,Fiber optic,Yes,No,No,No,Yes,Yes,Month-to-month,Yes,Electronic check,99.05,3554.6,0,0.8047468430540488,1,Very High Risk,True,Priority 1,Offer incentive to move to a long-term contract | Encourage automatic payment adoption | Conduct plan review or provide personalized retention offer,1
3211-AAPKX,Male,0,No,No,20,Yes,Yes,Fiber optic,No,No,No,Yes,Yes,Yes,Month-to-month,Yes,Mailed check,98.55,2031.95,0,0.8036986879288379,1,Very High Risk,True,Priority 1,Offer incentive to move to a long-term contract | Conduct plan review or provide personalized retention offer | Promote bundled online security services,1
7714-YXSMB,Female,0,No,No,26,Yes,Yes,Fiber optic,No,No,Yes,No,Yes,Yes,Month-to-month,Yes,Bank transfer (automatic),100.5,2599.95,0,0.8032832997863576,1,Very High Risk,True,Priority 1,Offer incentive to move to a long-term contract | Conduct plan review or provide personalized retention offer | Offer trial or discounted technical support,1
0447-RXSGD,Male,0,No,No,24,Yes,Yes,Fiber optic,No,Yes,No,No,Yes,Yes,Month-to-month,Yes,Bank transfer (automatic),99.65,2404.85,0,0.8030217743571011,1,Very High Risk,True,Priority 1,Offer incentive to move to a long-term contract | Conduct plan review or provide personalized retention offer | Offer trial or discounted technical support,1
3597-MVHJT,Female,0,No,No,27,Yes,Yes,Fiber optic,No,No,No,No,Yes,Yes,Month-to-month,Yes,Bank transfer (automatic),95.6,2595.25,0,0.8029820589595709,1,Very High Risk,True,Priority 1,Offer incentive to move to a long-term contract | Conduct plan review or provide personalized retention offer | Offer trial or discounted technical support,1
5144-TVGLP,Male,1,No,No,38,Yes,Yes,Fiber optic,No,No,No,No,Yes,Yes,Month-to-month,No,Electronic check,94.75,3653.0,0,0.8015323530167341,1,Very High Risk,True,Priority 1,Offer incentive to move to a long-term contract | Encourage automatic payment adoption | Conduct plan review or provide personalized retention offer,1
4998-IKFSE,Female,0,No,No,30,Yes,Yes,Fiber optic,No,No,Yes,No,Yes,Yes,Month-to-month,No,Electronic check,100.45,3096.9,0,0.8014310454028262,1,Very High Risk,True,Priority 1,Offer incentive to move to a long-term contract | Encourage automatic payment adoption | Conduct plan review or provide personalized retention offer,1
6137-NICCO,Female,0,Yes,Yes,6,Yes,Yes,Fiber optic,No,Yes,Yes,No,Yes,No,Month-to-month,Yes,Mailed check,94.05,518.75,0,0.8001134512797344,1,Very High Risk,True,Priority 1,Offer incentive to move to a long-term contract | Provide proactive onboarding and early engagement | Conduct plan review or provide personalized retention offer,1
5091-HFAZW,Female,0,No,No,2,Yes,No,Fiber optic,Yes,Yes,No,No,Yes,No,Month-to-month,Yes,Electronic check,91.15,168.5,0,0.7995511643538484,1,Very High Risk,True,Priority 1,Offer incentive to move to a long-term contract | Encourage automatic payment adoption | Provide proactive onboarding and early engagement,1
8818-DOPVL,Female,1,No,No,46,Yes,Yes,Fiber optic,No,Yes,Yes,No,Yes,Yes,Month-to-month,Yes,Electronic check,104.45,4863.85,0,0.7987391444204065,1,Very High Risk,True,Priority 1,Offer incentive to move to a long-term contract | Encourage automatic payment adoption | Conduct plan review or provide personalized retention offer,1
5899-OUVKV,Male,0,No,No,31,Yes,No,Fiber optic,No,Yes,No,No,Yes,Yes,Month-to-month,Yes,Electronic check,94.5,2979.2,0,0.7975850974671502,1,Very High Risk,True,Priority 1,Offer incentive to move to a long-term contract | Encourage automatic payment adoption | Conduct plan review or provide personalized retention offer,1
4647-MUZON,Female,0,Yes,No,18,Yes,No,Fiber optic,No,No,Yes,No,Yes,Yes,Month-to-month,Yes,Credit card (automatic),95.95,1745.5,0,0.797322526002095,1,Very High Risk,True,Priority 1,Offer incentive to move to a long-term contract | Conduct plan review or provide personalized retention offer | Offer trial or discounted technical support,1
6088-BXMRG,Female,0,Yes,Yes,32,Yes,Yes,Fiber optic,No,Yes,No,No,Yes,Yes,Month-to-month,Yes,Electronic check,98.85,3089.6,0,0.7957971666469639,1,Very High Risk,True,Priority 1,Offer incentive to move to a long-term contract | Encourage automatic payment adoption | Conduct plan review or provide personalized retention offer,1
7379-FNIUJ,Male,0,No,No,2,Yes,No,Fiber optic,Yes,Yes,No,No,Yes,Yes,Month-to-month,No,Electronic check,100.2,198.5,0,0.7955811501282197,1,Very High Risk,True,Priority 1,Offer incentive to move to a long-term contract | Encourage automatic payment adoption | Provide proactive onboarding and early engagement,1
9129-UXERG,Female,1,No,No,18,Yes,Yes,Fiber optic,No,Yes,No,Yes,Yes,Yes,Month-to-month,Yes,Credit card (automatic),103.6,1806.35,0,0.7954757024287317,1,Very High Risk,True,Priority 1,Offer incentive to move to a long-term contract | Conduct plan review or provide personalized retention offer | Promote bundled online security services,1
3644-QXEHN,Male,0,Yes,Yes,13,Yes,No,Fiber optic,No,No,Yes,No,Yes,Yes,Month-to-month,No,Electronic check,97.0,1334.45,0,0.7948835311396801,1,Very High Risk,True,Priority 1,Offer incentive to move to a long-term contract | Encourage automatic payment adoption | Conduct plan review or provide personalized retention offer,1
4716-HHKQH,Male,1,Yes,No,20,Yes,Yes,Fiber optic,No,Yes,No,Yes,Yes,Yes,Month-to-month,No,Electronic check,107.05,2172.05,0,0.7944958041925521,1,Very High Risk,True,Priority 1,Offer incentive to move to a long-term contract | Encourage automatic payment adoption | Conduct plan review or provide personalized retention offer,1
0899-LIIBW,Male,0,Yes,No,34,Yes,Yes,Fiber optic,No,No,Yes,No,Yes,Yes,Month-to-month,No,Electronic check,100.85,3527.3,0,0.7921033705622289,1,Very High Risk,True,Priority 1,Offer incentive to move to a long-term contract | Encourage automatic payment adoption | Conduct plan review or provide personalized retention offer,1
8118-TJAFG,Male,0,Yes,Yes,9,Yes,No,Fiber optic,No,Yes,No,Yes,Yes,Yes,Month-to-month,Yes,Electronic check,101.5,906.85,0,0.7912192384007567,1,Very High Risk,True,Priority 1,Offer incentive to move to a long-term contract | Encourage automatic payment adoption | Provide proactive onboarding and early engagement,1
5947-SGKCL,Female,0,Yes,Yes,15,Yes,Yes,Fiber optic,No,Yes,Yes,No,Yes,Yes,Month-to-month,Yes,Bank transfer (automatic),105.35,1559.25,0,0.7912033222506906,1,Very High Risk,True,Priority 1,Offer incentive to move to a long-term contract | Conduct plan review or provide personalized retention offer | Offer trial or discounted technical support,1
0147-ESWWR,Female,1,Yes,No,39,Yes,Yes,Fiber optic,No,No,No,Yes,Yes,Yes,Month-to-month,Yes,Electronic check,101.25,3949.15,0,0.790690577688948,1,Very High Risk,True,Priority 1,Offer incentive to move to a long-term contract | Encourage automatic payment adoption | Conduct plan review or provide personalized retention offer,1
0848-ZGQIJ,Female,0,Yes,No,16,Yes,No,Fiber optic,No,Yes,No,No,Yes,Yes,Month-to-month,Yes,Bank transfer (automatic),94.65,1461.15,0,0.7904540198676588,1,Very High Risk,True,Priority 1,Offer incentive to move to a long-term contract | Conduct plan review or provide personalized retention offer | Offer trial or discounted technical support,1
7422-WNBTY,Male,0,Yes,No,33,Yes,Yes,Fiber optic,No,Yes,Yes,No,No,Yes,Month-to-month,Yes,Electronic check,93.35,3092.0,0,0.7902508593241668,1,Very High Risk,True,Priority 1,Offer incentive to move to a long-term contract | Encourage automatic payment adoption | Conduct plan review or provide personalized retention offer,1
0093-EXYQL,Female,1,No,No,40,Yes,No,Fiber optic,No,No,No,No,Yes,Yes,Month-to-month,Yes,Electronic check,91.55,3673.6,0,0.7885515130090198,1,Very High Risk,True,Priority 1,Offer incentive to move to a long-term contract | Encourage automatic payment adoption | Conduct plan review or provide personalized retention offer,1
5482-VXSXJ,Male,0,No,No,22,Yes,No,Fiber optic,No,Yes,No,No,Yes,Yes,Month-to-month,Yes,Mailed check,93.2,2157.3,0,0.7876076291832614,1,Very High Risk,True,Priority 1,Offer incentive to move to a long-term contract | Conduct plan review or provide personalized retention offer | Offer trial or discounted technical support,1
1932-UEDCX,Male,1,Yes,No,33,Yes,Yes,Fiber optic,No,Yes,No,No,Yes,Yes,Month-to-month,Yes,Bank transfer (automatic),100.6,3270.25,0,0.7873615054856048,1,Very High Risk,True,Priority 1,Offer incentive to move to a long-term contract | Conduct plan review or provide personalized retention offer | Offer trial or discounted technical support,1
7426-RHZGU,Male,0,No,No,9,Yes,No,Fiber optic,No,No,No,Yes,Yes,Yes,Month-to-month,Yes,Bank transfer (automatic),95.9,827.45,0,0.786502641729668,1,Very High Risk,True,Priority 1,Offer incentive to move to a long-term contract | Provide proactive onboarding and early engagement | Conduct plan review or provide personalized retention offer,1
3771-PZOBW,Male,0,No,No,20,Yes,Yes,Fiber optic,No,No,Yes,No,Yes,No,Month-to-month,Yes,Credit card (automatic),90.7,1781.35,0,0.7860672018574161,1,Very High Risk,True,Priority 1,Offer incentive to move to a long-term contract | Conduct plan review or provide personalized retention offer | Offer trial or discounted technical support,1
3003-CMDUU,Female,0,Yes,No,25,Yes,No,Fiber optic,No,No,No,Yes,Yes,Yes,Month-to-month,Yes,Electronic check,95.15,2395.7,0,0.7856906129169486,1,Very High Risk,True,Priority 1,Offer incentive to move to a long-term contract | Encourage automatic payment adoption | Conduct plan review or provide personalized retention offer,1
2603-HVKCG,Male,0,No,No,31,Yes,No,Fiber optic,No,Yes,Yes,No,Yes,Yes,Month-to-month,Yes,Electronic check,101.4,3143.65,0,0.78552104110411,1,Very High Risk,True,Priority 1,Offer incentive to move to a long-term contract | Encourage automatic payment adoption | Conduct plan review or provide personalized retention offer,1
3384-CTMSF,Male,0,Yes,No,47,Yes,Yes,Fiber optic,No,Yes,Yes,No,Yes,Yes,Month-to-month,Yes,Electronic check,104.1,5135.15,0,0.785413023719091,1,Very High Risk,True,Priority 1,Offer incentive to move to a long-term contract | Encourage automatic payment adoption | Conduct plan review or provide personalized retention offer,1
7748-UMTRK,Female,1,No,Yes,30,Yes,Yes,Fiber optic,No,No,No,Yes,Yes,Yes,Month-to-month,Yes,Electronic check,101.3,2974.5,0,0.7850900756161634,1,Very High Risk,True,Priority 1,Offer incentive to move to a long-term contract | Encourage automatic payment adoption | Conduct plan review or provide personalized retention offer,1
6559-PDZLR,Male,0,No,No,26,Yes,No,Fiber optic,No,No,Yes,Yes,Yes,Yes,Month-to-month,Yes,Electronic check,98.65,2537.0,0,0.7850360027510529,1,Very High Risk,True,Priority 1,Offer incentive to move to a long-term contract | Encourage automatic payment adoption | Conduct plan review or provide personalized retention offer,1
2824-MYYBN,Female,0,Yes,Yes,37,Yes,Yes,Fiber optic,No,No,No,No,Yes,Yes,Month-to-month,Yes,Electronic check,95.25,3314.15,0,0.7845698222105942,1,Very High Risk,True,Priority 1,Offer incentive to move to a long-term contract | Encourage automatic payment adoption | Conduct plan review or provide personalized retention offer,1
0434-CSFON,Female,0,Yes,No,47,Yes,Yes,Fiber optic,No,No,Yes,No,Yes,Yes,Month-to-month,Yes,Electronic check,100.5,4707.1,0,0.7845116407176923,1,Very High Risk,True,Priority 1,Offer incentive to move to a long-term contract | Encourage automatic payment adoption | Conduct plan review or provide personalized retention offer,1
5183-SNMJQ,Male,0,No,No,10,Yes,No,Fiber optic,No,No,No,Yes,Yes,Yes,Month-to-month,Yes,Credit card (automatic),95.1,865.1,0,0.7845044952244139,1,Very High Risk,True,Priority 1,Offer incentive to move to a long-term contract | Provide proactive onboarding and early engagement | Conduct plan review or provide personalized retention offer,1
4183-MYFRB,Female,0,No,No,21,Yes,No,Fiber optic,No,Yes,Yes,No,No,Yes,Month-to-month,Yes,Electronic check,90.05,1862.9,0,0.7837233500974969,1,Very High Risk,True,Priority 1,Offer incentive to move to a long-term contract | Encourage automatic payment adoption | Conduct plan review or provide personalized retention offer,1
7952-OBOYL,Male,0,No,No,3,Yes,No,Fiber optic,No,No,Yes,Yes,Yes,No,Month-to-month,Yes,Mailed check,89.85,244.45,0,0.7787911091742562,1,Very High Risk,True,Priority 1,Offer incentive to move to a long-term contract | Provide proactive onboarding and early engagement | Conduct plan review or provide personalized retention offer,1
5439-WIKXB,Male,1,Yes,No,41,Yes,No,Fiber optic,No,Yes,No,No,Yes,Yes,Month-to-month,Yes,Electronic check,94.55,3851.45,0,0.7786086230900657,1,Very High Risk,True,Priority 1,Offer incentive to move to a long-term contract | Encourage automatic payment adoption | Conduct plan review or provide personalized retention offer,1
9058-MJLZC,Female,0,No,No,24,Yes,No,Fiber optic,Yes,No,No,No,Yes,Yes,Month-to-month,Yes,Electronic check,94.6,2283.15,0,0.7780471516643811,1,Very High Risk,True,Priority 1,Offer incentive to move to a long-term contract | Encourage automatic payment adoption | Conduct plan review or provide personalized retention offer,1
6645-MXQJT,Male,0,Yes,Yes,2,Yes,No,Fiber optic,Yes,No,No,No,Yes,Yes,Month-to-month,No,Electronic check,97.1,184.15,0,0.7769867451501343,1,Very High Risk,True,Priority 1,Offer incentive to move to a long-term contract | Encourage automatic payment adoption | Provide proactive onboarding and early engagement,1
2832-KJCRD,Female,0,No,No,38,Yes,Yes,Fiber optic,No,No,Yes,Yes,Yes,Yes,Month-to-month,Yes,Electronic check,103.65,3988.5,0,0.7764186015830563,1,Very High Risk,True,Priority 1,Offer incentive to move to a long-term contract | Encourage automatic payment adoption | Conduct plan review or provide personalized retention offer,1
9093-FPDLG,Female,0,No,No,11,Yes,No,Fiber optic,No,Yes,Yes,Yes,No,Yes,Month-to-month,Yes,Electronic check,94.2,999.9,0,0.7760825700076908,1,Very High Risk,True,Priority 1,Offer incentive to move to a long-term contract | Encourage automatic payment adoption | Provide proactive onboarding and early engagement,1
3312-UUMZW,Male,0,Yes,No,32,Yes,Yes,Fiber optic,No,Yes,No,No,Yes,Yes,Month-to-month,Yes,Credit card (automatic),98.85,3145.9,0,0.7742679812844113,1,Very High Risk,True,Priority 1,Offer incentive to move to a long-term contract | Conduct plan review or provide personalized retention offer | Offer trial or discounted technical support,1
5119-KEPFY,Male,0,Yes,No,36,Yes,Yes,Fiber optic,No,No,No,No,Yes,Yes,Month-to-month,Yes,Bank transfer (automatic),95.0,3440.25,0,0.7742134403856898,1,Very High Risk,True,Priority 1,Offer incentive to move to a long-term contract | Conduct plan review or provide personalized retention offer | Offer trial or discounted technical support,1
7901-TBKJX,Male,1,No,No,56,Yes,Yes,Fiber optic,No,No,Yes,No,Yes,Yes,Month-to-month,Yes,Electronic check,101.05,5594.0,0,0.7704293274344148,1,Very High Risk,True,Priority 1,Offer incentive to move to a long-term contract | Encourage automatic payment adoption | Conduct plan review or provide personalized retention offer,1
8189-XRIKE,Female,1,No,No,32,Yes,No,Fiber optic,No,No,No,No,Yes,Yes,Month-to-month,No,Electronic check,90.95,2897.95,0,0.7702389716663531,1,Very High Risk,True,Priority 1,Offer incentive to move to a long-term contract | Encourage automatic payment adoption | Conduct plan review or provide personalized retention offer,1
2697-NQBPF,Male,0,No,No,34,Yes,Yes,Fiber optic,No,Yes,No,Yes,Yes,Yes,Month-to-month,Yes,Electronic check,105.35,3540.65,0,0.7692274161861522,1,Very High Risk,True,Priority 1,Offer incentive to move to a long-term contract | Encourage automatic payment adoption | Conduct plan review or provide personalized retention offer,1
0082-OQIQY,Male,0,No,No,29,Yes,No,Fiber optic,No,No,No,Yes,Yes,Yes,Month-to-month,Yes,Electronic check,94.2,2607.6,0,0.7688004486183045,1,Very High Risk,True,Priority 1,Offer incentive to move to a long-term contract | Encourage automatic payment adoption | Conduct plan review or provide personalized retention offer,1
0112-QAWRZ,Male,0,Yes,Yes,16,Yes,Yes,Fiber optic,No,No,Yes,No,Yes,No,Month-to-month,Yes,Bank transfer (automatic),90.8,1442.2,0,0.7685851198744252,1,Very High Risk,True,Priority 1,Offer incentive to move to a long-term contract | Conduct plan review or provide personalized retention offer | Offer trial or discounted technical support,1
6212-ATMLK,Female,0,No,No,50,Yes,Yes,Fiber optic,No,No,No,No,Yes,Yes,Month-to-month,Yes,Electronic check,95.7,4729.75,0,0.7652042964371978,1,Very High Risk,True,Priority 1,Offer incentive to move to a long-term contract | Encourage automatic payment adoption | Conduct plan review or provide personalized retention offer,1
4137-BTIKL,Male,0,No,No,2,Yes,Yes,Fiber optic,Yes,No,No,No,No,Yes,Month-to-month,No,Mailed check,90.75,174.75,0,0.7634662549513336,1,Very High Risk,True,Priority 1,Offer incentive to move to a long-term contract | Provide proactive onboarding and early engagement | Conduct plan review or provide personalized retention offer,1
9971-ZWPBF,Male,1,Yes,Yes,34,Yes,Yes,Fiber optic,No,Yes,Yes,Yes,Yes,Yes,Month-to-month,Yes,Electronic check,108.9,3625.2,0,0.7613826342123381,1,Very High Risk,True,Priority 1,Offer incentive to move to a long-term contract | Encourage automatic payment adoption | Conduct plan review or provide personalized retention offer,1
4128-ETESU,Female,1,Yes,No,47,Yes,Yes,Fiber optic,No,No,Yes,No,Yes,Yes,Month-to-month,No,Electronic check,99.7,4747.2,0,0.7583823084550207,1,Very High Risk,True,Priority 1,Offer incentive to move to a long-term contract | Encourage automatic payment adoption | Conduct plan review or provide personalized retention offer,1
0114-PEGZZ,Female,0,No,No,33,Yes,Yes,Fiber optic,No,Yes,Yes,No,Yes,Yes,Month-to-month,No,Electronic check,107.55,3645.5,0,0.7583393332794565,1,Very High Risk,True,Priority 1,Offer incentive to move to a long-term contract | Encourage automatic payment adoption | Conduct plan review or provide personalized retention offer,1
1608-GMEWB,Male,1,No,No,45,Yes,Yes,Fiber optic,No,No,No,No,Yes,Yes,Month-to-month,Yes,Bank transfer (automatic),93.9,4200.25,0,0.7580406385097812,1,Very High Risk,True,Priority 1,Offer incentive to move to a long-term contract | Conduct plan review or provide personalized retention offer | Offer trial or discounted technical support,1
2800-QQUSO,Male,0,No,No,42,Yes,Yes,Fiber optic,No,No,No,Yes,Yes,Yes,Month-to-month,Yes,Electronic check,100.3,4222.95,0,0.7573346591683704,1,Very High Risk,True,Priority 1,Offer incentive to move to a long-term contract | Encourage automatic payment adoption | Conduct plan review or provide personalized retention offer,1
6818-DJXAA,Female,0,No,Yes,10,Yes,No,Fiber optic,No,No,Yes,Yes,Yes,No,Month-to-month,Yes,Electronic check,91.1,964.35,0,0.7560373259850108,1,Very High Risk,True,Priority 1,Offer incentive to move to a long-term contract | Encourage automatic payment adoption | Provide proactive onboarding and early engagement,1
2675-DHUTR,Male,1,Yes,No,58,Yes,Yes,Fiber optic,No,Yes,No,No,Yes,Yes,Month-to-month,Yes,Electronic check,98.9,5780.7,0,0.7554241751642643,1,Very High Risk,True,Priority 1,Offer incentive to move to a long-term contract | Encourage automatic payment adoption | Conduct plan review or provide personalized retention offer,1
4062-HBMOS,Male,0,No,No,52,Yes,Yes,Fiber optic,No,Yes,Yes,No,Yes,Yes,Month-to-month,Yes,Electronic check,103.05,5364.8,0,0.7552404125164379,1,Very High Risk,True,Priority 1,Offer incentive to move to a long-term contract | Encourage automatic payment adoption | Conduct plan review or provide personalized retention offer,1
8800-ZKRFW,Female,0,Yes,Yes,30,Yes,Yes,Fiber optic,No,Yes,Yes,Yes,Yes,Yes,Month-to-month,Yes,Electronic check,107.5,3242.5,0,0.7546003465507963,1,Very High Risk,True,Priority 1,Offer incentive to move to a long-term contract | Encourage automatic payment adoption | Conduct plan review or provide personalized retention offer,1
5630-IXDXV,Female,0,No,No,47,Yes,Yes,Fiber optic,No,Yes,Yes,No,Yes,Yes,Month-to-month,Yes,Electronic check,106.35,4849.1,0,0.753201948278441,1,Very High Risk,True,Priority 1,Offer incentive to move to a long-term contract | Encourage automatic payment adoption | Conduct plan review or provide personalized retention offer,1
8903-WMRNW,Female,0,Yes,No,15,Yes,No,Fiber optic,Yes,No,Yes,No,Yes,Yes,Month-to-month,No,Electronic check,101.75,1669.4,0,0.7525529452682979,1,Very High Risk,True,Priority 1,Offer incentive to move to a long-term contract | Encourage automatic payment adoption | Conduct plan review or provide personalized retention offer,1
4690-PKDQG,Female,1,Yes,No,42,Yes,Yes,Fiber optic,No,Yes,Yes,No,Yes,No,Month-to-month,Yes,Electronic check,95.55,3930.6,0,0.7519344058185748,1,Very High Risk,True,Priority 1,Offer incentive to move to a long-term contract | Encourage automatic payment adoption | Conduct plan review or provide personalized retention offer,1
2545-EBUPK,Female,1,No,No,2,Yes,Yes,Fiber optic,No,No,No,No,No,Yes,Month-to-month,Yes,Electronic check,84.05,186.05,0,0.9208821289170088,1,Very High Risk,False,Priority 2,Offer incentive to move to a long-term contract | Encourage automatic payment adoption | Provide proactive onboarding and early engagement,2
6630-UJZMY,Female,1,Yes,No,4,Yes,Yes,Fiber optic,No,No,No,No,Yes,No,Month-to-month,Yes,Electronic check,83.25,308.05,0,0.9170665358772973,1,Very High Risk,False,Priority 2,Offer incentive to move to a long-term contract | Encourage automatic payment adoption | Provide proactive onboarding and early engagement,2
0187-QSXOE,Male,1,Yes,No,7,Yes,No,Fiber optic,No,No,No,No,Yes,Yes,Month-to-month,Yes,Electronic check,89.0,605.45,0,0.9121986596178596,1,Very High Risk,False,Priority 2,Offer incentive to move to a long-term contract | Encourage automatic payment adoption | Provide proactive onboarding and early engagement,2
7577-SWIFR,Male,0,No,No,1,Yes,No,Fiber optic,No,No,No,No,Yes,Yes,Month-to-month,Yes,Electronic check,89.25,89.25,0,0.9116009051998507,1,Very High Risk,False,Priority 2,Offer incentive to move to a long-term contract | Encourage automatic payment adoption | Provide proactive onboarding and early engagement,2
4847-TAJYI,Female,1,No,No,6,Yes,No,Fiber optic,No,No,No,No,Yes,Yes,Month-to-month,Yes,Electronic check,89.35,567.8,0,0.9103597876697338,1,Very High Risk,False,Priority 2,Offer incentive to move to a long-term contract | Encourage automatic payment adoption | Provide proactive onboarding and early engagement,2
0021-IKXGC,Female,1,No,No,1,Yes,Yes,Fiber optic,No,No,No,No,No,No,Month-to-month,Yes,Electronic check,72.1,72.1,0,0.9085453544198564,1,Very High Risk,False,Priority 2,Offer incentive to move to a long-term contract | Encourage automatic payment adoption | Provide proactive onboarding and early engagement,2
4912-PIGUY,Female,0,No,No,1,Yes,Yes,Fiber optic,No,No,No,No,Yes,No,Month-to-month,Yes,Electronic check,84.6,84.6,0,0.9074705376342936,1,Very High Risk,False,Priority 2,Offer incentive to move to a long-term contract | Encourage automatic payment adoption | Provide proactive onboarding and early engagement,2
3489-HHPFY,Female,0,Yes,No,2,Yes,Yes,Fiber optic,No,No,No,No,Yes,No,Month-to-month,Yes,Electronic check,84.05,134.05,0,0.9073343932046946,1,Very High Risk,False,Priority 2,Offer incentive to move to a long-term contract | Encourage automatic payment adoption | Provide proactive onboarding and early engagement,2
4115-NZRKS,Female,1,No,No,7,Yes,No,Fiber optic,No,No,No,No,Yes,Yes,Month-to-month,Yes,Electronic check,89.15,574.35,0,0.9070986299658077,1,Very High Risk,False,Priority 2,Offer incentive to move to a long-term contract | Encourage automatic payment adoption | Provide proactive onboarding and early engagement,2
8739-XNIKG,Female,0,No,No,5,Yes,Yes,Fiber optic,No,No,No,No,Yes,No,Month-to-month,Yes,Electronic check,84.0,424.75,0,0.8990386550910082,1,Very High Risk,False,Priority 2,Offer incentive to move to a long-term contract | Encourage automatic payment adoption | Provide proactive onboarding and early engagement,2
1197-BVMVG,Female,1,No,No,4,Yes,Yes,Fiber optic,No,No,No,No,No,No,Month-to-month,Yes,Electronic check,74.45,294.45,0,0.8937431722107034,1,Very High Risk,False,Priority 2,Offer incentive to move to a long-term contract | Encourage automatic payment adoption | Provide proactive onboarding and early engagement,2
6229-LSCKB,Male,1,No,No,6,Yes,No,Fiber optic,No,No,No,No,Yes,No,Month-to-month,Yes,Electronic check,79.7,497.6,0,0.8893025751975638,1,Very High Risk,False,Priority 2,Offer incentive to move to a long-term contract | Encourage automatic payment adoption | Provide proactive onboarding and early engagement,2
1452-VOQCH,Male,0,No,No,1,Yes,Yes,Fiber optic,No,No,No,No,No,No,Month-to-month,Yes,Electronic check,75.1,75.1,0,0.8892358528432726,1,Very High Risk,False,Priority 2,Offer incentive to move to a long-term contract | Encourage automatic payment adoption | Provide proactive onboarding and early engagement,2
4273-MBHYA,Female,0,No,Yes,1,Yes,No,Fiber optic,No,No,No,No,Yes,Yes,Month-to-month,Yes,Electronic check,89.35,89.35,0,0.8877852473740312,1,Very High Risk,False,Priority 2,Offer incentive to move to a long-term contract | Encourage automatic payment adoption | Provide proactive onboarding and early engagement,2
9334-GWGOW,Male,1,Yes,No,7,Yes,Yes,Fiber optic,No,No,No,No,No,No,Month-to-month,Yes,Electronic check,74.85,485.25,0,0.8877318816113262,1,Very High Risk,False,Priority 2,Offer incentive to move to a long-term contract | Encourage automatic payment adoption | Provide proactive onboarding and early engagement,2
2215-ZAFGX,Male,0,No,No,9,Yes,Yes,Fiber optic,No,No,No,No,Yes,No,Month-to-month,Yes,Electronic check,85.5,791.7,0,0.8873121401787626,1,Very High Risk,False,Priority 2,Offer incentive to move to a long-term contract | Encourage automatic payment adoption | Provide proactive onboarding and early engagement,2
2077-MPJQO,Male,1,Yes,No,7,Yes,Yes,Fiber optic,No,No,No,No,No,No,Month-to-month,Yes,Electronic check,75.4,533.05,0,0.887042099862478,1,Very High Risk,False,Priority 2,Offer incentive to move to a long-term contract | Encourage automatic payment adoption | Provide proactive onboarding and early engagement,2
7439-DKZTW,Male,0,No,No,1,Yes,No,Fiber optic,No,No,No,No,Yes,No,Month-to-month,Yes,Electronic check,80.55,80.55,0,0.8858896443911634,1,Very High Risk,False,Priority 2,Offer incentive to move to a long-term contract | Encourage automatic payment adoption | Provide proactive onboarding and early engagement,2
4234-XTNEA,Male,0,No,No,2,Yes,No,Fiber optic,No,No,No,No,Yes,No,Month-to-month,Yes,Electronic check,79.95,174.45,0,0.8850523150335291,1,Very High Risk,False,Priority 2,Offer incentive to move to a long-term contract | Encourage automatic payment adoption | Provide proactive onboarding and early engagement,2
9957-YODKZ,Male,1,Yes,No,6,Yes,Yes,Fiber optic,No,No,Yes,No,No,No,Month-to-month,Yes,Electronic check,80.8,457.1,0,0.8839148231561412,1,Very High Risk,False,Priority 2,Offer incentive to move to a long-term contract | Encourage automatic payment adoption | Provide proactive onboarding and early engagement,2
2789-HQBOU,Male,0,No,No,3,Yes,No,Fiber optic,No,No,No,No,No,Yes,Month-to-month,Yes,Electronic check,80.35,253.8,0,0.8833622480335868,1,Very High Risk,False,Priority 2,Offer incentive to move to a long-term contract | Encourage automatic payment adoption | Provide proactive onboarding and early engagement,2
6860-YRJZP,Male,1,No,No,9,Yes,Yes,Fiber optic,No,No,No,No,No,No,Month-to-month,Yes,Electronic check,74.05,678.45,0,0.8831198028697824,1,Very High Risk,False,Priority 2,Offer incentive to move to a long-term contract | Encourage automatic payment adoption | Provide proactive onboarding and early engagement,2
2688-BHGOG,Male,1,No,No,9,Yes,No,Fiber optic,No,No,No,No,No,Yes,Month-to-month,Yes,Electronic check,79.55,718.55,0,0.882938396802278,1,Very High Risk,False,Priority 2,Offer incentive to move to a long-term contract | Encourage automatic payment adoption | Provide proactive onboarding and early engagement,2
2235-DWLJU,Female,1,No,No,6,No,No phone service,DSL,No,No,No,No,Yes,Yes,Month-to-month,Yes,Electronic check,44.4,263.05,0,0.881462572933243,1,Very High Risk,False,Priority 2,Offer incentive to move to a long-term contract | Encourage automatic payment adoption | Provide proactive onboarding and early engagement,2
9603-OAIHC,Male,1,No,No,1,Yes,No,Fiber optic,No,No,No,No,No,No,Month-to-month,Yes,Electronic check,70.05,70.05,0,0.8808543596279222,1,Very High Risk,False,Priority 2,Offer incentive to move to a long-term contract | Encourage automatic payment adoption | Provide proactive onboarding and early engagement,2
5288-AHOUP,Male,1,No,No,11,Yes,No,Fiber optic,No,No,No,No,No,Yes,Month-to-month,Yes,Electronic check,78.5,874.2,0,0.8800096002957639,1,Very High Risk,False,Priority 2,Offer incentive to move to a long-term contract | Encourage automatic payment adoption | Provide proactive onboarding and early engagement,2
4090-KPJIP,Female,0,No,No,3,Yes,Yes,Fiber optic,No,No,No,No,No,No,Month-to-month,Yes,Electronic check,74.95,212.4,0,0.8797360266102237,1,Very High Risk,False,Priority 2,Offer incentive to move to a long-term contract | Encourage automatic payment adoption | Provide proactive onboarding and early engagement,2
2123-AGEEN,Female,1,No,No,7,Yes,No,Fiber optic,No,No,Yes,No,Yes,No,Month-to-month,Yes,Electronic check,84.35,609.65,0,0.8796623057777347,1,Very High Risk,False,Priority 2,Offer incentive to move to a long-term contract | Encourage automatic payment adoption | Provide proactive onboarding and early engagement,2
3462-BJQQA,Female,0,No,No,6,Yes,Yes,Fiber optic,No,Yes,No,No,Yes,No,Month-to-month,Yes,Electronic check,89.75,552.65,0,0.878791148990462,1,Very High Risk,False,Priority 2,Offer incentive to move to a long-term contract | Encourage automatic payment adoption | Provide proactive onboarding and early engagement,2
9799-CAYJJ,Female,1,Yes,No,2,Yes,No,Fiber optic,No,No,No,No,No,No,Month-to-month,Yes,Electronic check,69.3,153.8,0,0.8786128192558216,1,Very High Risk,False,Priority 2,Offer incentive to move to a long-term contract | Encourage automatic payment adoption | Provide proactive onboarding and early engagement,2
1173-XZPYF,Female,0,No,No,11,Yes,Yes,Fiber optic,No,No,Yes,No,Yes,No,Month-to-month,Yes,Electronic check,89.2,990.3,0,0.877635870661443,1,Very High Risk,False,Priority 2,Offer incentive to move to a long-term contract | Encourage automatic payment adoption | Provide proactive onboarding and early engagement,2
2880-FPNAE,Male,1,Yes,No,2,Yes,No,Fiber optic,No,No,Yes,No,No,No,Month-to-month,Yes,Electronic check,74.2,140.1,0,0.8769114339196016,1,Very High Risk,False,Priority 2,Offer incentive to move to a long-term contract | Encourage automatic payment adoption | Provide proactive onboarding and early engagement,2
9605-WGJVW,Female,1,No,No,1,Yes,No,Fiber optic,No,No,No,No,No,No,Month-to-month,Yes,Electronic check,70.2,70.2,0,0.8768372458470078,1,Very High Risk,False,Priority 2,Offer incentive to move to a long-term contract | Encourage automatic payment adoption | Provide proactive onboarding and early engagement,2
6357-JJPQT,Female,0,No,No,3,Yes,No,Fiber optic,No,No,No,No,Yes,No,Month-to-month,Yes,Electronic check,80.5,232.35,0,0.8761410679930224,1,Very High Risk,False,Priority 2,Offer incentive to move to a long-term contract | Encourage automatic payment adoption | Provide proactive onboarding and early engagement,2
5348-CAGXB,Male,0,No,No,12,Yes,Yes,Fiber optic,No,No,Yes,No,Yes,No,Month-to-month,Yes,Electronic check,89.55,1021.75,0,0.8756885348390087,1,Very High Risk,False,Priority 2,Offer incentive to move to a long-term contract | Encourage automatic payment adoption | Provide proactive onboarding and early engagement,2
4395-PZMSN,Male,1,No,No,5,Yes,No,Fiber optic,No,Yes,No,No,No,Yes,Month-to-month,Yes,Electronic check,85.55,408.5,0,0.8752832760937763,1,Very High Risk,False,Priority 2,Offer incentive to move to a long-term contract | Encourage automatic payment adoption | Provide proactive onboarding and early engagement,2
2876-GZYZC,Female,0,No,No,13,Yes,Yes,Fiber optic,No,No,No,No,No,Yes,Month-to-month,Yes,Electronic check,85.95,1215.65,0,0.8749116141633342,1,Very High Risk,False,Priority 2,Offer incentive to move to a long-term contract | Encourage automatic payment adoption | Offer trial or discounted technical support,2
8775-ERLNB,Male,1,Yes,No,1,Yes,Yes,Fiber optic,No,No,No,No,No,No,Month-to-month,No,Electronic check,74.3,74.3,0,0.8747453290663972,1,Very High Risk,False,Priority 2,Offer incentive to move to a long-term contract | Encourage automatic payment adoption | Provide proactive onboarding and early engagement,2
7858-GTZSP,Female,0,No,No,12,Yes,Yes,Fiber optic,No,No,No,No,No,Yes,Month-to-month,Yes,Electronic check,86.55,1066.9,0,0.874534372921678,1,Very High Risk,False,Priority 2,Offer incentive to move to a long-term contract | Encourage automatic payment adoption | Provide proactive onboarding and early engagement,2
4749-OJKQU,Female,0,No,No,4,Yes,Yes,Fiber optic,No,No,No,No,No,No,Month-to-month,Yes,Electronic check,75.65,302.35,0,0.8743982599482932,1,Very High Risk,False,Priority 2,Offer incentive to move to a long-term contract | Encourage automatic payment adoption | Provide proactive onboarding and early engagement,2
8875-AKBYH,Male,1,No,No,20,Yes,Yes,Fiber optic,No,No,No,No,Yes,No,Month-to-month,Yes,Electronic check,84.35,1745.2,0,0.874342078323583,1,Very High Risk,False,Priority 2,Offer incentive to move to a long-term contract | Encourage automatic payment adoption | Offer trial or discounted technical support,2
3295-YVUSR,Male,1,No,No,2,Yes,Yes,Fiber optic,No,No,No,No,No,No,Month-to-month,Yes,Mailed check,72.6,154.3,0,0.8739014264339385,1,Very High Risk,False,Priority 2,Offer incentive to move to a long-term contract | Provide proactive onboarding and early engagement | Offer trial or discounted technical support,2
1628-BIZYP,Male,0,No,No,1,Yes,No,Fiber optic,No,Yes,No,No,No,Yes,Month-to-month,Yes,Electronic check,85.0,85.0,0,0.8733413291294763,1,Very High Risk,False,Priority 2,Offer incentive to move to a long-term contract | Encourage automatic payment adoption | Provide proactive onboarding and early engagement,2
3878-AVSOQ,Female,1,No,No,1,Yes,No,Fiber optic,No,No,No,No,No,No,Month-to-month,Yes,Electronic check,71.25,71.25,0,0.873293337021611,1,Very High Risk,False,Priority 2,Offer incentive to move to a long-term contract | Encourage automatic payment adoption | Provide proactive onboarding and early engagement,2
7044-YAACC,Male,1,Yes,No,4,Yes,No,Fiber optic,No,No,No,No,No,No,Month-to-month,Yes,Electronic check,70.2,280.35,0,0.8718702743917215,1,Very High Risk,False,Priority 2,Offer incentive to move to a long-term contract | Encourage automatic payment adoption | Provide proactive onboarding and early engagement,2
8242-SOQUO,Female,1,No,No,5,Yes,No,Fiber optic,No,Yes,No,No,Yes,No,Month-to-month,Yes,Electronic check,84.7,392.5,0,0.8712968356741967,1,Very High Risk,False,Priority 2,Offer incentive to move to a long-term contract | Encourage automatic payment adoption | Provide proactive onboarding and early engagement,2
1200-TUZHR,Female,1,No,No,8,Yes,Yes,Fiber optic,No,No,No,No,No,Yes,Month-to-month,No,Electronic check,85.2,695.75,0,0.8710716185013893,1,Very High Risk,False,Priority 2,Offer incentive to move to a long-term contract | Encourage automatic payment adoption | Provide proactive onboarding and early engagement,2
3422-GALYP,Male,0,No,No,2,Yes,Yes,Fiber optic,No,Yes,No,No,No,No,Month-to-month,Yes,Electronic check,79.45,145.15,0,0.8708602673262372,1,Very High Risk,False,Priority 2,Offer incentive to move to a long-term contract | Encourage automatic payment adoption | Provide proactive onboarding and early engagement,2
8541-QVFKM,Female,0,No,No,8,Yes,Yes,Fiber optic,No,No,No,No,No,No,Month-to-month,Yes,Electronic check,73.5,632.2,0,0.8687398837449078,1,Very High Risk,False,Priority 2,Offer incentive to move to a long-term contract | Encourage automatic payment adoption | Provide proactive onboarding and early engagement,2
0644-OQMDK,Male,1,No,No,4,Yes,No,Fiber optic,No,No,No,No,No,No,Month-to-month,Yes,Electronic check,70.65,293.85,0,0.8686204468156429,1,Very High Risk,False,Priority 2,Offer incentive to move to a long-term contract | Encourage automatic payment adoption | Provide proactive onboarding and early engagement,2
2799-ARNLO,Female,1,Yes,No,5,Yes,No,Fiber optic,No,No,No,No,No,No,Month-to-month,Yes,Electronic check,69.35,341.6,0,0.8672717541335121,1,Very High Risk,False,Priority 2,Offer incentive to move to a long-term contract | Encourage automatic payment adoption | Provide proactive onboarding and early engagement,2
3030-YDNRM,Male,0,No,No,8,Yes,Yes,Fiber optic,No,No,No,No,No,No,Month-to-month,Yes,Electronic check,74.85,572.45,0,0.8662556752011126,1,Very High Risk,False,Priority 2,Offer incentive to move to a long-term contract | Encourage automatic payment adoption | Provide proactive onboarding and early engagement,2
0840-DFEZH,Female,0,No,No,7,Yes,Yes,Fiber optic,No,No,No,No,No,No,Month-to-month,Yes,Electronic check,75.35,564.65,0,0.8658647987867913,1,Very High Risk,False,Priority 2,Offer incentive to move to a long-term contract | Encourage automatic payment adoption | Provide proactive onboarding and early engagement,2
2657-VPXTA,Female,0,Yes,Yes,10,Yes,No,Fiber optic,No,No,No,No,Yes,Yes,Month-to-month,Yes,Electronic check,88.85,929.45,0,0.8650965236413717,1,Very High Risk,False,Priority 2,Offer incentive to move to a long-term contract | Encourage automatic payment adoption | Provide proactive onboarding and early engagement,2
7363-QTBIW,Female,0,Yes,No,9,Yes,No,Fiber optic,No,No,No,No,No,Yes,Month-to-month,Yes,Electronic check,79.75,769.1,0,0.8648501392913875,1,Very High Risk,False,Priority 2,Offer incentive to move to a long-term contract | Encourage automatic payment adoption | Provide proactive onboarding and early engagement,2
5429-LWCMV,Female,0,No,No,12,Yes,Yes,Fiber optic,No,Yes,No,No,No,Yes,Month-to-month,Yes,Electronic check,89.15,1057.55,0,0.864325637864798,1,Very High Risk,False,Priority 2,Offer incentive to move to a long-term contract | Encourage automatic payment adoption | Provide proactive onboarding and early engagement,2
5542-TBBWB,Male,0,No,No,1,Yes,No,Fiber optic,No,No,No,No,No,No,Month-to-month,Yes,Electronic check,69.9,69.9,0,0.8643215577501989,1,Very High Risk,False,Priority 2,Offer incentive to move to a long-term contract | Encourage automatic payment adoption | Provide proactive onboarding and early engagement,2
2018-QKYGT,Male,0,Yes,Yes,1,Yes,No,Fiber optic,No,No,No,No,No,Yes,Month-to-month,Yes,Electronic check,81.05,81.05,0,0.8639818636653552,1,Very High Risk,False,Priority 2,Offer incentive to move to a long-term contract | Encourage automatic payment adoption | Provide proactive onboarding and early engagement,2
8107-KNCIM,Male,1,Yes,No,14,Yes,Yes,Fiber optic,No,No,No,No,No,No,Month-to-month,Yes,Electronic check,75.1,1013.35,0,0.8634312035351666,1,Very High Risk,False,Priority 2,Offer incentive to move to a long-term contract | Encourage automatic payment adoption | Offer trial or discounted technical support,2
7465-ZZRVX,Male,0,No,No,1,Yes,No,Fiber optic,No,No,No,No,No,No,Month-to-month,Yes,Electronic check,70.35,70.35,0,0.8626840221452733,1,Very High Risk,False,Priority 2,Offer incentive to move to a long-term contract | Encourage automatic payment adoption | Provide proactive onboarding and early engagement,2
4853-OITSN,Male,0,Yes,No,5,Yes,Yes,Fiber optic,Yes,No,No,No,No,Yes,Month-to-month,Yes,Electronic check,89.15,413.25,0,0.8620906014803152,1,Very High Risk,False,Priority 2,Offer incentive to move to a long-term contract | Encourage automatic payment adoption | Provide proactive onboarding and early engagement,2
2897-DOVND,Male,0,No,No,2,Yes,No,Fiber optic,No,No,No,No,No,No,Month-to-month,Yes,Electronic check,69.8,146.65,0,0.8610691756024504,1,Very High Risk,False,Priority 2,Offer incentive to move to a long-term contract | Encourage automatic payment adoption | Provide proactive onboarding and early engagement,2
3199-XGZCY,Female,0,No,No,8,Yes,Yes,Fiber optic,No,No,No,No,No,No,Month-to-month,Yes,Electronic check,75.25,576.7,0,0.8610001491968948,1,Very High Risk,False,Priority 2,Offer incentive to move to a long-term contract | Encourage automatic payment adoption | Provide proactive onboarding and early engagement,2
1226-IENZN,Male,1,No,No,16,Yes,No,Fiber optic,No,No,No,No,No,Yes,Month-to-month,Yes,Electronic check,78.75,1218.25,0,0.860979016223716,1,Very High Risk,False,Priority 2,Offer incentive to move to a long-term contract | Encourage automatic payment adoption | Offer trial or discounted technical support,2
7354-OIJLX,Male,0,No,No,9,Yes,Yes,Fiber optic,No,No,No,No,No,No,Month-to-month,Yes,Electronic check,75.85,724.65,0,0.860888426062628,1,Very High Risk,False,Priority 2,Offer incentive to move to a long-term contract | Encourage automatic payment adoption | Provide proactive onboarding and early engagement,2
9717-QEBGU,Male,0,No,No,2,Yes,No,Fiber optic,No,No,No,No,No,No,Month-to-month,Yes,Electronic check,70.3,144.0,0,0.8591308432519416,1,Very High Risk,False,Priority 2,Offer incentive to move to a long-term contract | Encourage automatic payment adoption | Provide proactive onboarding and early engagement,2
1640-PLFMP,Female,0,No,No,1,Yes,No,Fiber optic,No,No,No,No,No,No,Month-to-month,Yes,Electronic check,70.25,70.25,0,0.8590898875588848,1,Very High Risk,False,Priority 2,Offer incentive to move to a long-term contract | Encourage automatic payment adoption | Provide proactive onboarding and early engagement,2
5928-QLDHB,Male,0,No,No,9,Yes,Yes,Fiber optic,No,No,No,No,No,No,Month-to-month,Yes,Electronic check,76.25,684.85,0,0.8583635861318648,1,Very High Risk,False,Priority 2,Offer incentive to move to a long-term contract | Encourage automatic payment adoption | Provide proactive onboarding and early engagement,2
4482-EWFMI,Female,0,No,No,2,Yes,No,Fiber optic,No,No,No,No,No,No,Month-to-month,Yes,Electronic check,69.7,135.2,0,0.8571435786834524,1,Very High Risk,False,Priority 2,Offer incentive to move to a long-term contract | Encourage automatic payment adoption | Provide proactive onboarding and early engagement,2
1016-DJTSV,Male,1,No,No,8,Yes,No,Fiber optic,No,No,No,No,No,No,Month-to-month,Yes,Electronic check,69.7,572.85,0,0.8569404779218044,1,Very High Risk,False,Priority 2,Offer incentive to move to a long-term contract | Encourage automatic payment adoption | Provide proactive onboarding and early engagement,2
7321-VGNKU,Female,0,Yes,No,2,Yes,No,Fiber optic,No,No,No,No,No,No,Month-to-month,Yes,Electronic check,70.35,120.25,0,0.8564412687064437,1,Very High Risk,False,Priority 2,Offer incentive to move to a long-term contract | Encourage automatic payment adoption | Provide proactive onboarding and early engagement,2
7394-LWLYN,Female,0,No,No,2,Yes,No,Fiber optic,No,No,No,No,No,No,Month-to-month,Yes,Electronic check,70.15,123.8,0,0.8551210454681956,1,Very High Risk,False,Priority 2,Offer incentive to move to a long-term contract | Encourage automatic payment adoption | Provide proactive onboarding and early engagement,2
5628-FCGYG,Male,0,No,No,21,Yes,Yes,Fiber optic,No,No,No,No,No,Yes,Month-to-month,Yes,Electronic check,84.1,1737.45,0,0.854645389748039,1,Very High Risk,False,Priority 2,Offer incentive to move to a long-term contract | Encourage automatic payment adoption | Offer trial or discounted technical support,2
4884-ZTHVF,Female,1,No,No,8,Yes,No,Fiber optic,No,Yes,No,No,Yes,No,Month-to-month,Yes,Electronic check,87.1,713.6,0,0.8539021901618112,1,Very High Risk,False,Priority 2,Offer incentive to move to a long-term contract | Encourage automatic payment adoption | Provide proactive onboarding and early engagement,2
4123-DVHPH,Male,0,Yes,No,9,Yes,Yes,Fiber optic,Yes,No,No,No,No,Yes,Month-to-month,Yes,Electronic check,88.05,801.3,0,0.8534572599686916,1,Very High Risk,False,Priority 2,Offer incentive to move to a long-term contract | Encourage automatic payment adoption | Provide proactive onboarding and early engagement,2
7245-NIIWQ,Female,0,No,No,3,Yes,No,Fiber optic,No,No,No,No,No,No,Month-to-month,Yes,Electronic check,69.85,199.85,0,0.8524508408324004,1,Very High Risk,False,Priority 2,Offer incentive to move to a long-term contract | Encourage automatic payment adoption | Provide proactive onboarding and early engagement,2
4633-MKHYU,Female,0,No,No,9,Yes,No,Fiber optic,No,No,No,No,Yes,Yes,Month-to-month,Yes,Mailed check,88.4,788.6,0,0.8522152954956307,1,Very High Risk,False,Priority 2,Offer incentive to move to a long-term contract | Provide proactive onboarding and early engagement | Offer trial or discounted technical support,2
3317-VLGQT,Female,0,Yes,No,14,Yes,No,Fiber optic,No,No,No,No,No,Yes,Month-to-month,Yes,Electronic check,78.1,1122.4,0,0.8517174581709701,1,Very High Risk,False,Priority 2,Offer incentive to move to a long-term contract | Encourage automatic payment adoption | Offer trial or discounted technical support,2
9633-XQABV,Female,0,No,No,3,Yes,No,Fiber optic,No,No,No,No,No,No,Month-to-month,Yes,Electronic check,70.25,229.7,0,0.8516859697716657,1,Very High Risk,False,Priority 2,Offer incentive to move to a long-term contract | Encourage automatic payment adoption | Provide proactive onboarding and early engagement,2
1219-NNDDO,Female,0,No,No,9,Yes,Yes,Fiber optic,No,No,No,No,No,No,Month-to-month,Yes,Electronic check,76.85,663.55,0,0.851380390753625,1,Very High Risk,False,Priority 2,Offer incentive to move to a long-term contract | Encourage automatic payment adoption | Provide proactive onboarding and early engagement,2
6077-BDPXA,Female,0,No,No,3,Yes,No,Fiber optic,No,No,No,No,No,No,Month-to-month,Yes,Electronic check,70.15,194.2,0,0.8511213007189973,1,Very High Risk,False,Priority 2,Offer incentive to move to a long-term contract | Encourage automatic payment adoption | Provide proactive onboarding and early engagement,2
8800-JOOCF,Female,0,No,Yes,12,Yes,Yes,Fiber optic,No,No,No,No,Yes,No,Month-to-month,Yes,Electronic check,84.05,966.55,0,0.8510925570020685,1,Very High Risk,False,Priority 2,Offer incentive to move to a long-term contract | Encourage automatic payment adoption | Provide proactive onboarding and early engagement,2
3191-CSNMG,Female,0,Yes,Yes,3,Yes,No,Fiber optic,No,No,No,No,Yes,No,Month-to-month,Yes,Electronic check,80.7,239.45,0,0.8507524216167973,1,Very High Risk,False,Priority 2,Offer incentive to move to a long-term contract | Encourage automatic payment adoption | Provide proactive onboarding and early engagement,2
0018-NYROU,Female,0,Yes,No,5,Yes,No,Fiber optic,No,No,No,No,No,No,Month-to-month,Yes,Electronic check,68.95,351.5,0,0.8504424629906266,1,Very High Risk,False,Priority 2,Offer incentive to move to a long-term contract | Encourage automatic payment adoption | Provide proactive onboarding and early engagement,2
3453-RTHJQ,Male,0,No,No,6,Yes,No,Fiber optic,No,No,No,No,No,No,Month-to-month,Yes,Electronic check,69.1,435.0,0,0.8480918724882017,1,Very High Risk,False,Priority 2,Offer incentive to move to a long-term contract | Encourage automatic payment adoption | Provide proactive onboarding and early engagement,2
7994-UYIVZ,Male,0,Yes,No,8,Yes,Yes,Fiber optic,No,No,No,No,No,Yes,Month-to-month,Yes,Bank transfer (automatic),85.65,659.45,0,0.8478024633634401,1,Very High Risk,False,Priority 2,Offer incentive to move to a long-term contract | Provide proactive onboarding and early engagement | Offer trial or discounted technical support,2
7206-PQBBZ,Male,1,Yes,No,11,Yes,No,Fiber optic,No,No,No,No,No,No,Month-to-month,Yes,Electronic check,70.2,834.7,0,0.8464823985220523,1,Very High Risk,False,Priority 2,Offer incentive to move to a long-term contract | Encourage automatic payment adoption | Provide proactive onboarding and early engagement,2
7823-JSOAG,Male,0,No,No,3,Yes,Yes,Fiber optic,No,No,No,No,No,No,Month-to-month,No,Electronic check,74.5,217.45,0,0.845904353382532,1,Very High Risk,False,Priority 2,Offer incentive to move to a long-term contract | Encourage automatic payment adoption | Provide proactive onboarding and early engagement,2
0168-XZKBB,Female,0,Yes,No,19,Yes,Yes,Fiber optic,No,No,No,No,Yes,No,Month-to-month,Yes,Electronic check,86.85,1564.4,0,0.8457456562721637,1,Very High Risk,False,Priority 2,Offer incentive to move to a long-term contract | Encourage automatic payment adoption | Offer trial or discounted technical support,2
9314-IJWSQ,Female,0,Yes,Yes,14,Yes,Yes,Fiber optic,No,No,No,No,Yes,No,Month-to-month,Yes,Electronic check,84.8,1203.9,0,0.8447891445494947,1,Very High Risk,False,Priority 2,Offer incentive to move to a long-term contract | Encourage automatic payment adoption | Offer trial or discounted technical support,2
5117-IFGPS,Male,1,Yes,No,29,Yes,Yes,Fiber optic,No,No,No,No,No,Yes,Month-to-month,Yes,Electronic check,84.3,2357.75,0,0.8446563562841898,1,Very High Risk,False,Priority 2,Offer incentive to move to a long-term contract | Encourage automatic payment adoption | Offer trial or discounted technical support,2
1251-STYSZ,Female,1,No,No,4,Yes,Yes,Fiber optic,Yes,No,No,No,No,No,Month-to-month,Yes,Electronic check,80.25,303.7,0,0.8433332890586641,1,Very High Risk,False,Priority 2,Offer incentive to move to a long-term contract | Encourage automatic payment adoption | Provide proactive onboarding and early engagement,2
1508-DFXCU,Male,0,No,No,12,Yes,No,Fiber optic,No,No,No,No,Yes,No,Month-to-month,Yes,Electronic check,81.45,912.0,0,0.8432323784347885,1,Very High Risk,False,Priority 2,Offer incentive to move to a long-term contract | Encourage automatic payment adoption | Provide proactive onboarding and early engagement,2
0928-XUTSN,Female,0,No,No,13,Yes,No,Fiber optic,No,No,No,No,No,Yes,Month-to-month,Yes,Electronic check,80.5,1011.8,0,0.8427986779681992,1,Very High Risk,False,Priority 2,Offer incentive to move to a long-term contract | Encourage automatic payment adoption | Offer trial or discounted technical support,2
4291-SHSBH,Male,0,No,No,7,Yes,No,Fiber optic,No,No,No,No,No,No,Month-to-month,Yes,Electronic check,69.55,521.35,0,0.8425339540349294,1,Very High Risk,False,Priority 2,Offer incentive to move to a long-term contract | Encourage automatic payment adoption | Provide proactive onboarding and early engagement,2
6856-RAURS,Female,0,No,No,2,Yes,Yes,Fiber optic,No,No,No,No,No,No,Month-to-month,Yes,Mailed check,74.9,136.05,0,0.8420938192008854,1,Very High Risk,False,Priority 2,Offer incentive to move to a long-term contract | Provide proactive onboarding and early engagement | Offer trial or discounted technical support,2
6786-OBWQR,Female,0,Yes,Yes,5,Yes,No,Fiber optic,No,No,No,No,Yes,No,Month-to-month,Yes,Electronic check,80.85,356.1,0,0.8411563437028311,1,Very High Risk,False,Priority 2,Offer incentive to move to a long-term contract | Encourage automatic payment adoption | Provide proactive onboarding and early engagement,2
4770-UEZOX,Male,0,No,No,2,Yes,No,Fiber optic,No,Yes,No,No,No,No,Month-to-month,Yes,Electronic check,74.75,144.8,0,0.8406101745315508,1,Very High Risk,False,Priority 2,Offer incentive to move to a long-term contract | Encourage automatic payment adoption | Provide proactive onboarding and early engagement,2
3427-GGZZI,Female,0,Yes,No,19,Yes,Yes,Fiber optic,No,Yes,No,No,No,Yes,Month-to-month,Yes,Electronic check,89.1,1620.8,0,0.840572403938897,1,Very High Risk,False,Priority 2,Offer incentive to move to a long-term contract | Encourage automatic payment adoption | Offer trial or discounted technical support,2
9208-OLGAQ,Female,1,No,No,18,Yes,No,Fiber optic,No,No,Yes,No,No,Yes,Month-to-month,Yes,Electronic check,84.95,1443.65,0,0.8399825571041041,1,Very High Risk,False,Priority 2,Offer incentive to move to a long-term contract | Encourage automatic payment adoption | Offer trial or discounted technical support,2
8648-PFRMP,Female,1,No,No,14,No,No phone service,DSL,No,No,No,No,Yes,Yes,Month-to-month,Yes,Electronic check,46.35,672.7,0,0.8399167095928626,1,Very High Risk,False,Priority 2,Offer incentive to move to a long-term contract | Encourage automatic payment adoption | Offer trial or discounted technical support,2
5119-NZPTV,Male,1,Yes,No,2,Yes,No,Fiber optic,No,No,No,No,No,No,Month-to-month,No,Electronic check,70.1,141.65,0,0.8388546978459128,1,Very High Risk,False,Priority 2,Offer incentive to move to a long-term contract | Encourage automatic payment adoption | Provide proactive onboarding and early engagement,2
9121-PHQSR,Male,1,Yes,No,16,Yes,Yes,Fiber optic,No,No,No,No,Yes,No,Month-to-month,Yes,Credit card (automatic),85.05,1391.15,0,0.8384099972273785,1,Very High Risk,False,Priority 2,Offer incentive to move to a long-term contract | Offer trial or discounted technical support | Promote bundled online security services,2
6407-UTSLV,Female,1,No,No,2,Yes,No,Fiber optic,No,Yes,No,No,Yes,No,Month-to-month,Yes,Bank transfer (automatic),83.8,163.7,0,0.8359885423735671,1,Very High Risk,False,Priority 2,Offer incentive to move to a long-term contract | Provide proactive onboarding and early engagement | Offer trial or discounted technical support,2
3370-HXOPH,Female,0,No,No,3,Yes,Yes,Fiber optic,No,No,No,No,No,No,Month-to-month,No,Electronic check,76.1,257.6,0,0.8359718429604179,1,Very High Risk,False,Priority 2,Offer incentive to move to a long-term contract | Encourage automatic payment adoption | Provide proactive onboarding and early engagement,2
9903-LYSAB,Male,0,Yes,No,18,Yes,Yes,Fiber optic,No,No,No,No,No,No,Month-to-month,Yes,Electronic check,73.15,1305.95,0,0.8355998273381648,1,Very High Risk,False,Priority 2,Offer incentive to move to a long-term contract | Encourage automatic payment adoption | Offer trial or discounted technical support,2
4301-VVZKA,Male,0,Yes,No,16,Yes,Yes,Fiber optic,No,No,No,No,No,No,Month-to-month,Yes,Electronic check,75.4,1189.4,0,0.835471884390822,1,Very High Risk,False,Priority 2,Offer incentive to move to a long-term contract | Encourage automatic payment adoption | Offer trial or discounted technical support,2
4612-SSVHJ,Female,1,No,No,20,Yes,No,Fiber optic,No,No,No,No,No,Yes,Month-to-month,Yes,Electronic check,81.45,1671.6,0,0.8341536893541406,1,Very High Risk,False,Priority 2,Offer incentive to move to a long-term contract | Encourage automatic payment adoption | Offer trial or discounted technical support,2
5701-YVSVF,Female,1,Yes,No,11,Yes,No,Fiber optic,No,No,No,Yes,Yes,No,Month-to-month,Yes,Electronic check,82.9,880.05,0,0.834078099120449,1,Very High Risk,False,Priority 2,Offer incentive to move to a long-term contract | Encourage automatic payment adoption | Provide proactive onboarding and early engagement,2
7365-BVCJH,Male,0,No,No,1,No,No phone service,DSL,No,No,No,No,No,No,Month-to-month,Yes,Electronic check,24.4,24.4,0,0.8337401793766274,1,Very High Risk,False,Priority 2,Offer incentive to move to a long-term contract | Encourage automatic payment adoption | Provide proactive onboarding and early engagement,2
1475-VWVDO,Male,0,No,No,7,Yes,No,Fiber optic,No,No,Yes,No,No,No,Month-to-month,Yes,Electronic check,74.9,490.55,0,0.8334961090548115,1,Very High Risk,False,Priority 2,Offer incentive to move to a long-term contract | Encourage automatic payment adoption | Provide proactive onboarding and early engagement,2
5216-WASFJ,Female,1,Yes,No,31,Yes,Yes,Fiber optic,No,No,No,No,No,Yes,Month-to-month,Yes,Electronic check,84.85,2633.4,0,0.833135166144887,1,Very High Risk,False,Priority 2,Offer incentive to move to a long-term contract | Encourage automatic payment adoption | Offer trial or discounted technical support,2
6435-SRWBJ,Female,0,No,No,5,Yes,Yes,Fiber optic,No,No,Yes,Yes,No,No,Month-to-month,Yes,Electronic check,82.75,417.75,0,0.8324182094043793,1,Very High Risk,False,Priority 2,Offer incentive to move to a long-term contract | Encourage automatic payment adoption | Provide proactive onboarding and early engagement,2
8309-IEYJD,Female,1,No,No,1,Yes,No,Fiber optic,No,No,No,No,No,No,Month-to-month,Yes,Mailed check,70.6,70.6,0,0.8323278327567416,1,Very High Risk,False,Priority 2,Offer incentive to move to a long-term contract | Provide proactive onboarding and early engagement | Offer trial or discounted technical support,2
0928-JMXNP,Male,1,Yes,No,4,No,No phone service,DSL,No,No,Yes,No,No,No,Month-to-month,Yes,Electronic check,29.9,118.25,0,0.8317497149392928,1,Very High Risk,False,Priority 2,Offer incentive to move to a long-term contract | Encourage automatic payment adoption | Provide proactive onboarding and early engagement,2
6339-YPSAH,Male,0,No,No,9,Yes,No,Fiber optic,No,No,Yes,No,No,No,Month-to-month,Yes,Electronic check,73.8,704.3,0,0.8315318885046552,1,Very High Risk,False,Priority 2,Offer incentive to move to a long-term contract | Encourage automatic payment adoption | Provide proactive onboarding and early engagement,2
9696-RMYBA,Male,0,No,No,5,Yes,No,Fiber optic,No,No,No,No,Yes,No,Month-to-month,Yes,Mailed check,80.1,398.55,0,0.8313525821208584,1,Very High Risk,False,Priority 2,Offer incentive to move to a long-term contract | Provide proactive onboarding and early engagement | Offer trial or discounted technical support,2
7517-LDMPS,Female,0,No,No,12,Yes,No,Fiber optic,No,Yes,No,No,No,Yes,Month-to-month,Yes,Electronic check,84.6,1017.35,0,0.8309981071778856,1,Very High Risk,False,Priority 2,Offer incentive to move to a long-term contract | Encourage automatic payment adoption | Provide proactive onboarding and early engagement,2
4559-UWIHT,Male,0,Yes,No,14,Yes,Yes,Fiber optic,No,Yes,Yes,No,No,No,Month-to-month,Yes,Electronic check,82.65,1185.0,0,0.8308432762847504,1,Very High Risk,False,Priority 2,Offer incentive to move to a long-term contract | Encourage automatic payment adoption | Offer trial or discounted technical support,2
3223-DWFIO,Male,1,No,No,4,Yes,No,Fiber optic,No,No,No,No,No,No,Month-to-month,No,Electronic check,69.35,261.65,0,0.8302070003256491,1,Very High Risk,False,Priority 2,Offer incentive to move to a long-term contract | Encourage automatic payment adoption | Provide proactive onboarding and early engagement,2
8714-CTZJW,Female,0,No,No,4,Yes,No,Fiber optic,No,No,Yes,No,No,Yes,Month-to-month,Yes,Credit card (automatic),82.85,319.6,0,0.8300000177749373,1,Very High Risk,False,Priority 2,Offer incentive to move to a long-term contract | Provide proactive onboarding and early engagement | Offer trial or discounted technical support,2
2038-OEQZH,Male,0,No,No,4,Yes,No,Fiber optic,No,No,Yes,No,No,Yes,Month-to-month,No,Electronic check,86.05,308.1,0,0.8296481172276291,1,Very High Risk,False,Priority 2,Offer incentive to move to a long-term contract | Encourage automatic payment adoption | Provide proactive onboarding and early engagement,2
6198-ZFIOJ,Female,0,No,No,5,Yes,Yes,Fiber optic,No,No,No,No,No,No,Month-to-month,No,Electronic check,75.6,402.5,0,0.8293647438386509,1,Very High Risk,False,Priority 2,Offer incentive to move to a long-term contract | Encourage automatic payment adoption | Provide proactive onboarding and early engagement,2
8325-QRPZR,Female,0,No,No,7,Yes,No,Fiber optic,No,No,Yes,No,No,No,Month-to-month,Yes,Electronic check,75.15,525.0,0,0.8287915235361014,1,Very High Risk,False,Priority 2,Offer incentive to move to a long-term contract | Encourage automatic payment adoption | Provide proactive onboarding and early engagement,2
5399-ZIMKF,Male,0,No,No,5,Yes,No,Fiber optic,No,Yes,No,No,No,No,Month-to-month,Yes,Electronic check,74.65,383.65,0,0.8286396171906227,1,Very High Risk,False,Priority 2,Offer incentive to move to a long-term contract | Encourage automatic payment adoption | Provide proactive onboarding and early engagement,2
8873-GLDMH,Female,0,No,No,6,Yes,Yes,Fiber optic,No,No,No,No,No,No,Month-to-month,Yes,Mailed check,73.85,401.3,0,0.8285461220625325,1,Very High Risk,False,Priority 2,Offer incentive to move to a long-term contract | Provide proactive onboarding and early engagement | Offer trial or discounted technical support,2
3904-UKFRE,Male,0,No,No,4,Yes,Yes,Fiber optic,Yes,No,No,No,No,No,Month-to-month,Yes,Electronic check,80.1,336.15,0,0.8284108590375026,1,Very High Risk,False,Priority 2,Offer incentive to move to a long-term contract | Encourage automatic payment adoption | Provide proactive onboarding and early engagement,2
8270-RKSAP,Male,0,No,No,9,Yes,No,Fiber optic,No,No,No,No,No,No,Month-to-month,Yes,Electronic check,70.5,597.9,0,0.827801210075616,1,Very High Risk,False,Priority 2,Offer incentive to move to a long-term contract | Encourage automatic payment adoption | Provide proactive onboarding and early engagement,2
2254-DLXRI,Female,0,No,No,1,Yes,Yes,Fiber optic,No,Yes,No,No,No,No,Month-to-month,Yes,Mailed check,79.15,79.15,0,0.8277014396876283,1,Very High Risk,False,Priority 2,Offer incentive to move to a long-term contract | Provide proactive onboarding and early engagement | Offer trial or discounted technical support,2
6918-UMQCG,Female,0,No,No,5,Yes,No,Fiber optic,No,No,No,No,Yes,No,Month-to-month,No,Electronic check,80.2,384.25,0,0.8276364413619601,1,Very High Risk,False,Priority 2,Offer incentive to move to a long-term contract | Encourage automatic payment adoption | Provide proactive onboarding and early engagement,2
5271-DBYSJ,Male,1,No,No,11,Yes,No,Fiber optic,No,No,No,No,No,Yes,Month-to-month,Yes,Credit card (automatic),79.15,827.7,0,0.8264664913104472,1,Very High Risk,False,Priority 2,Offer incentive to move to a long-term contract | Provide proactive onboarding and early engagement | Offer trial or discounted technical support,2
0225-ZORZP,Male,0,No,No,3,Yes,No,Fiber optic,No,Yes,No,No,No,Yes,Month-to-month,No,Electronic check,84.3,235.05,0,0.8257002348670206,1,Very High Risk,False,Priority 2,Offer incentive to move to a long-term contract | Encourage automatic payment adoption | Provide proactive onboarding and early engagement,2
4854-CIDCF,Female,1,No,No,3,Yes,No,Fiber optic,No,No,Yes,No,No,No,Month-to-month,No,Electronic check,73.85,196.4,0,0.8254064724219732,1,Very High Risk,False,Priority 2,Offer incentive to move to a long-term contract | Encourage automatic payment adoption | Provide proactive onboarding and early engagement,2
7801-KICAO,Female,0,No,No,18,Yes,Yes,Fiber optic,No,No,No,No,No,No,Month-to-month,Yes,Electronic check,74.15,1345.75,0,0.8252711084667649,1,Very High Risk,False,Priority 2,Offer incentive to move to a long-term contract | Encourage automatic payment adoption | Offer trial or discounted technical support,2
0455-XFASS,Female,0,Yes,Yes,3,Yes,No,Fiber optic,No,No,No,No,No,No,Month-to-month,Yes,Electronic check,69.55,200.2,0,0.8252296546756006,1,Very High Risk,False,Priority 2,Offer incentive to move to a long-term contract | Encourage automatic payment adoption | Provide proactive onboarding and early engagement,2
3420-YJLQT,Female,0,No,No,2,Yes,Yes,Fiber optic,No,Yes,No,No,No,No,Month-to-month,No,Electronic check,79.55,151.75,0,0.823249377128236,1,Very High Risk,False,Priority 2,Offer incentive to move to a long-term contract | Encourage automatic payment adoption | Provide proactive onboarding and early engagement,2
1766-GKNMI,Male,0,No,No,29,Yes,Yes,Fiber optic,No,No,No,No,No,Yes,Month-to-month,Yes,Electronic check,84.9,2516.2,0,0.8230635731824684,1,Very High Risk,False,Priority 2,Offer incentive to move to a long-term contract | Encourage automatic payment adoption | Offer trial or discounted technical support,2
0793-TWELN,Female,0,No,No,4,Yes,Yes,Fiber optic,Yes,No,No,No,No,No,Month-to-month,Yes,Electronic check,80.15,319.85,0,0.8229226243035732,1,Very High Risk,False,Priority 2,Offer incentive to move to a long-term contract | Encourage automatic payment adoption | Provide proactive onboarding and early engagement,2
8224-DWCKX,Male,1,No,No,12,Yes,Yes,Fiber optic,No,No,No,No,No,No,Month-to-month,Yes,Credit card (automatic),73.3,828.05,0,0.8227535721655521,1,Very High Risk,False,Priority 2,Offer incentive to move to a long-term contract | Provide proactive onboarding and early engagement | Offer trial or discounted technical support,2
8035-PWSEV,Female,0,No,No,6,Yes,No,Fiber optic,No,No,Yes,Yes,No,Yes,Month-to-month,Yes,Electronic check,89.25,487.05,0,0.8219053722566632,1,Very High Risk,False,Priority 2,Offer incentive to move to a long-term contract | Encourage automatic payment adoption | Provide proactive onboarding and early engagement,2
0508-OOLTO,Female,0,Yes,Yes,2,Yes,No,Fiber optic,No,No,No,No,No,No,Month-to-month,Yes,Electronic check,71.65,135.75,0,0.8205526180995946,1,Very High Risk,False,Priority 2,Offer incentive to move to a long-term contract | Encourage automatic payment adoption | Provide proactive onboarding and early engagement,2
6705-LXORM,Female,1,Yes,No,5,Yes,No,Fiber optic,No,No,No,No,No,No,Month-to-month,No,Electronic check,70.05,302.6,0,0.819313381928757,1,Very High Risk,False,Priority 2,Offer incentive to move to a long-term contract | Encourage automatic payment adoption | Provide proactive onboarding and early engagement,2
1636-NTNCO,Male,1,No,No,4,No,No phone service,DSL,No,Yes,No,No,Yes,Yes,Month-to-month,Yes,Credit card (automatic),50.95,207.35,0,0.8189236544604174,1,Very High Risk,False,Priority 2,Offer incentive to move to a long-term contract | Provide proactive onboarding and early engagement | Offer trial or discounted technical support,2
0491-KAPQG,Male,0,No,No,21,Yes,Yes,Fiber optic,No,No,No,No,No,No,Month-to-month,Yes,Electronic check,73.7,1558.7,0,0.8181961712478092,1,Very High Risk,False,Priority 2,Offer incentive to move to a long-term contract | Encourage automatic payment adoption | Offer trial or discounted technical support,2
1754-GKYPY,Male,1,Yes,No,22,Yes,No,Fiber optic,No,No,No,No,Yes,Yes,Month-to-month,Yes,Bank transfer (automatic),89.75,1938.9,0,0.816683042944904,1,Very High Risk,False,Priority 2,Offer incentive to move to a long-term contract | Offer trial or discounted technical support | Promote bundled online security services,2
9741-YLNTD,Male,0,No,No,6,Yes,Yes,Fiber optic,No,No,No,Yes,No,Yes,Month-to-month,Yes,Bank transfer (automatic),87.95,522.35,0,0.8163965941817733,1,Very High Risk,False,Priority 2,Offer incentive to move to a long-term contract | Provide proactive onboarding and early engagement | Promote bundled online security services,2
4521-YEEHE,Female,0,Yes,No,18,Yes,Yes,Fiber optic,No,No,No,Yes,Yes,No,Month-to-month,Yes,Electronic check,88.85,1594.75,0,0.8163852219501425,1,Very High Risk,False,Priority 2,Offer incentive to move to a long-term contract | Encourage automatic payment adoption | Promote bundled online security services,2
9355-NPPFS,Female,1,No,No,26,Yes,No,Fiber optic,No,No,No,No,No,Yes,Month-to-month,Yes,Electronic check,78.8,2006.1,0,0.8156966243257335,1,Very High Risk,False,Priority 2,Offer incentive to move to a long-term contract | Encourage automatic payment adoption | Offer trial or discounted technical support,2
3841-CONLJ,Female,0,Yes,No,1,No,No phone service,DSL,No,No,No,No,No,Yes,Month-to-month,No,Electronic check,35.0,35.0,0,0.8156168731356337,1,Very High Risk,False,Priority 2,Offer incentive to move to a long-term contract | Encourage automatic payment adoption | Provide proactive onboarding and early engagement,2
3420-ZDBMA,Male,1,No,No,5,Yes,No,Fiber optic,No,No,No,No,No,No,Month-to-month,Yes,Mailed check,71.45,371.6,0,0.8153781832954157,1,Very High Risk,False,Priority 2,Offer incentive to move to a long-term contract | Provide proactive onboarding and early engagement | Offer trial or discounted technical support,2
9617-INGJY,Male,0,No,No,1,Yes,No,Fiber optic,No,No,No,No,No,No,Month-to-month,Yes,Mailed check,70.6,70.6,0,0.8148436918230173,1,Very High Risk,False,Priority 2,Offer incentive to move to a long-term contract | Provide proactive onboarding and early engagement | Offer trial or discounted technical support,2
9054-FOWNV,Male,0,Yes,Yes,22,Yes,Yes,Fiber optic,No,No,Yes,No,Yes,No,Month-to-month,Yes,Electronic check,88.75,1885.15,0,0.8146793257106508,1,Very High Risk,False,Priority 2,Offer incentive to move to a long-term contract | Encourage automatic payment adoption | Offer trial or discounted technical support,2
2504-DSHIH,Male,1,Yes,No,23,Yes,Yes,Fiber optic,No,No,No,No,No,Yes,Month-to-month,No,Electronic check,86.8,1975.85,0,0.8146440963842838,1,Very High Risk,False,Priority 2,Offer incentive to move to a long-term contract | Encourage automatic payment adoption | Offer trial or discounted technical support,2
9494-MRNYX,Male,0,No,No,10,Yes,Yes,Fiber optic,No,No,No,No,No,No,Month-to-month,No,Electronic check,75.05,786.3,0,0.8143465506085942,1,Very High Risk,False,Priority 2,Offer incentive to move to a long-term contract | Encourage automatic payment adoption | Provide proactive onboarding and early engagement,2
2262-SLNVK,Female,0,No,No,1,Yes,No,Fiber optic,No,No,No,No,No,No,Month-to-month,No,Electronic check,70.1,70.1,0,0.8141365987021347,1,Very High Risk,False,Priority 2,Offer incentive to move to a long-term contract | Encourage automatic payment adoption | Provide proactive onboarding and early engagement,2
7326-RIGQZ,Male,0,Yes,Yes,6,Yes,No,Fiber optic,No,No,No,No,No,No,Month-to-month,Yes,Electronic check,69.8,377.85,0,0.8137549321545215,1,Very High Risk,False,Priority 2,Offer incentive to move to a long-term contract | Encourage automatic payment adoption | Provide proactive onboarding and early engagement,2
1078-TDCRN,Female,1,Yes,No,3,No,No phone service,DSL,No,Yes,No,No,No,No,Month-to-month,Yes,Electronic check,30.75,82.85,0,0.8122202732088697,1,Very High Risk,False,Priority 2,Offer incentive to move to a long-term contract | Encourage automatic payment adoption | Provide proactive onboarding and early engagement,2
9506-UXUSK,Male,0,No,No,13,Yes,No,Fiber optic,No,No,No,No,No,No,Month-to-month,Yes,Electronic check,70.15,931.75,0,0.8122142029515327,1,Very High Risk,False,Priority 2,Offer incentive to move to a long-term contract | Encourage automatic payment adoption | Offer trial or discounted technical support,2
8734-DKSTZ,Female,0,Yes,Yes,10,Yes,Yes,Fiber optic,No,No,No,No,No,Yes,Month-to-month,No,Electronic check,85.95,858.6,0,0.8120407975429126,1,Very High Risk,False,Priority 2,Offer incentive to move to a long-term contract | Encourage automatic payment adoption | Provide proactive onboarding and early engagement,2
5934-RMPOV,Female,0,No,Yes,22,Yes,Yes,Fiber optic,No,No,No,No,No,Yes,Month-to-month,Yes,Electronic check,84.75,1816.75,0,0.811432072610255,1,Very High Risk,False,Priority 2,Offer incentive to move to a long-term contract | Encourage automatic payment adoption | Offer trial or discounted technical support,2
0581-BXBUB,Female,1,No,No,4,Yes,No,Fiber optic,No,Yes,No,No,No,No,Month-to-month,No,Electronic check,72.75,317.75,0,0.8104777722598135,1,Very High Risk,False,Priority 2,Offer incentive to move to a long-term contract | Encourage automatic payment adoption | Provide proactive onboarding and early engagement,2
4815-GBTCD,Female,0,Yes,No,4,No,No phone service,DSL,No,No,No,No,No,No,Month-to-month,Yes,Electronic check,25.15,99.95,0,0.8098333810058945,1,Very High Risk,False,Priority 2,Offer incentive to move to a long-term contract | Encourage automatic payment adoption | Provide proactive onboarding and early engagement,2
4983-CCWMC,Male,0,No,No,3,Yes,No,Fiber optic,No,No,No,No,No,No,Month-to-month,Yes,Mailed check,69.6,207.4,0,0.809719239451047,1,Very High Risk,False,Priority 2,Offer incentive to move to a long-term contract | Provide proactive onboarding and early engagement | Offer trial or discounted technical support,2
5032-MIYKT,Female,0,No,No,1,Yes,No,Fiber optic,No,No,No,No,No,No,Month-to-month,Yes,Mailed check,70.7,70.7,0,0.8093216822697056,1,Very High Risk,False,Priority 2,Offer incentive to move to a long-term contract | Provide proactive onboarding and early engagement | Offer trial or discounted technical support,2
2674-MIAHT,Female,0,No,No,4,Yes,Yes,Fiber optic,No,Yes,No,No,No,No,Month-to-month,Yes,Mailed check,80.3,324.2,0,0.8092475320274812,1,Very High Risk,False,Priority 2,Offer incentive to move to a long-term contract | Provide proactive onboarding and early engagement | Offer trial or discounted technical support,2
2969-QWUBZ,Female,0,No,No,2,No,No phone service,DSL,No,Yes,No,No,Yes,Yes,Month-to-month,No,Electronic check,51.4,96.8,0,0.80924313816742,1,Very High Risk,False,Priority 2,Offer incentive to move to a long-term contract | Encourage automatic payment adoption | Provide proactive onboarding and early engagement,2
0027-KWYKW,Female,0,Yes,Yes,23,Yes,Yes,Fiber optic,No,No,No,No,Yes,No,Month-to-month,Yes,Electronic check,83.75,1849.95,0,0.8088113397381956,1,Very High Risk,False,Priority 2,Offer incentive to move to a long-term contract | Encourage automatic payment adoption | Offer trial or discounted technical support,2
5442-BHQNG,Female,0,No,No,2,Yes,No,Fiber optic,No,No,No,No,No,No,Month-to-month,No,Electronic check,70.35,139.25,0,0.8080138589694713,1,Very High Risk,False,Priority 2,Offer incentive to move to a long-term contract | Encourage automatic payment adoption | Provide proactive onboarding and early engagement,2
5405-ZMYXQ,Female,0,No,No,8,Yes,Yes,Fiber optic,No,No,No,No,No,No,Month-to-month,Yes,Credit card (automatic),74.6,548.9,0,0.8078797466755003,1,Very High Risk,False,Priority 2,Offer incentive to move to a long-term contract | Provide proactive onboarding and early engagement | Offer trial or discounted technical support,2
0921-OHLVP,Male,0,No,No,22,Yes,Yes,Fiber optic,No,No,No,No,No,Yes,Month-to-month,No,Electronic check,83.05,1799.3,0,0.807700995354629,1,Very High Risk,False,Priority 2,Offer incentive to move to a long-term contract | Encourage automatic payment adoption | Offer trial or discounted technical support,2
1689-YQBYY,Female,0,No,Yes,12,Yes,Yes,Fiber optic,No,No,No,No,No,No,Month-to-month,Yes,Electronic check,76.6,893.0,0,0.8072953064385237,1,Very High Risk,False,Priority 2,Offer incentive to move to a long-term contract | Encourage automatic payment adoption | Provide proactive onboarding and early engagement,2
3797-FKOGQ,Male,0,No,Yes,11,Yes,Yes,Fiber optic,No,No,No,No,No,Yes,Month-to-month,No,Electronic check,86.2,893.2,0,0.8071231307309954,1,Very High Risk,False,Priority 2,Offer incentive to move to a long-term contract | Encourage automatic payment adoption | Provide proactive onboarding and early engagement,2
3365-SAIGS,Female,0,No,No,17,Yes,No,Fiber optic,No,Yes,No,No,Yes,No,Month-to-month,Yes,Electronic check,83.55,1329.15,0,0.8070938761671727,1,Very High Risk,False,Priority 2,Offer incentive to move to a long-term contract | Encourage automatic payment adoption | Offer trial or discounted technical support,2
4029-HPFVY,Male,0,No,No,3,Yes,No,Fiber optic,No,No,No,No,No,No,Month-to-month,Yes,Mailed check,70.3,220.4,0,0.8067764051748288,1,Very High Risk,False,Priority 2,Offer incentive to move to a long-term contract | Provide proactive onboarding and early engagement | Offer trial or discounted technical support,2
9050-IKDZA,Female,1,No,No,2,Yes,No,Fiber optic,No,No,No,No,Yes,No,Month-to-month,No,Mailed check,81.5,162.55,0,0.8064880740563768,1,Very High Risk,False,Priority 2,Offer incentive to move to a long-term contract | Provide proactive onboarding and early engagement | Offer trial or discounted technical support,2
5989-PGKJB,Female,0,No,No,16,Yes,No,Fiber optic,No,Yes,No,No,No,Yes,Month-to-month,Yes,Electronic check,86.25,1340.1,0,0.805732196725648,1,Very High Risk,False,Priority 2,Offer incentive to move to a long-term contract | Encourage automatic payment adoption | Offer trial or discounted technical support,2
3496-LFSZU,Male,0,Yes,No,4,Yes,No,Fiber optic,No,No,No,No,No,No,Month-to-month,No,Electronic check,70.5,294.2,0,0.8057205451827247,1,Very High Risk,False,Priority 2,Offer incentive to move to a long-term contract | Encourage automatic payment adoption | Provide proactive onboarding and early engagement,2
7590-VHVEG,Female,0,Yes,No,1,No,No phone service,DSL,No,Yes,No,No,No,No,Month-to-month,Yes,Electronic check,29.85,29.85,0,0.8055784273269915,1,Very High Risk,False,Priority 2,Offer incentive to move to a long-term contract | Encourage automatic payment adoption | Provide proactive onboarding and early engagement,2
1658-TJVOA,Female,1,No,No,6,Yes,No,Fiber optic,Yes,No,No,No,No,No,Month-to-month,Yes,Electronic check,74.1,450.9,0,0.8053546230295986,1,Very High Risk,False,Priority 2,Offer incentive to move to a long-term contract | Encourage automatic payment adoption | Provide proactive onboarding and early engagement,2
0315-LVCRK,Male,0,No,No,11,Yes,No,Fiber optic,No,No,Yes,No,No,Yes,Month-to-month,No,Electronic check,84.8,888.75,0,0.8049118445227962,1,Very High Risk,False,Priority 2,Offer incentive to move to a long-term contract | Encourage automatic payment adoption | Provide proactive onboarding and early engagement,2
6496-JDSSB,Female,0,No,No,8,Yes,No,Fiber optic,No,No,No,No,Yes,No,Month-to-month,Yes,Bank transfer (automatic),80.0,624.6,0,0.8048864287986643,1,Very High Risk,False,Priority 2,Offer incentive to move to a long-term contract | Provide proactive onboarding and early engagement | Offer trial or discounted technical support,2
0411-EZJZE,Female,0,No,No,3,Yes,Yes,DSL,No,No,No,No,Yes,No,Month-to-month,Yes,Electronic check,60.25,170.5,0,0.804606865067306,1,Very High Risk,False,Priority 2,Offer incentive to move to a long-term contract | Encourage automatic payment adoption | Provide proactive onboarding and early engagement,2
5043-TRZWM,Female,0,No,No,1,Yes,No,Fiber optic,No,No,Yes,No,No,No,Month-to-month,No,Electronic check,75.55,75.55,0,0.8045762753691816,1,Very High Risk,False,Priority 2,Offer incentive to move to a long-term contract | Encourage automatic payment adoption | Provide proactive onboarding and early engagement,2
3855-ONCAR,Female,0,Yes,Yes,4,Yes,No,Fiber optic,No,No,No,No,Yes,No,Month-to-month,Yes,Mailed check,78.9,299.75,0,0.8044191771527303,1,Very High Risk,False,Priority 2,Offer incentive to move to a long-term contract | Provide proactive onboarding and early engagement | Offer trial or discounted technical support,2
5879-SESNB,Female,0,No,No,11,Yes,Yes,Fiber optic,No,No,No,No,No,No,Month-to-month,No,Electronic check,75.25,888.65,0,0.8044086767400175,1,Very High Risk,False,Priority 2,Offer incentive to move to a long-term contract | Encourage automatic payment adoption | Provide proactive onboarding and early engagement,2
7278-CKDNC,Male,1,No,No,24,Yes,Yes,Fiber optic,No,Yes,No,No,No,No,Month-to-month,Yes,Electronic check,80.5,2088.45,0,0.803976112161402,1,Very High Risk,False,Priority 2,Offer incentive to move to a long-term contract | Encourage automatic payment adoption | Offer trial or discounted technical support,2
5652-MSDEY,Female,0,No,No,10,Yes,Yes,Fiber optic,No,No,No,No,No,No,Month-to-month,Yes,Mailed check,75.75,777.3,0,0.8035672139239194,1,Very High Risk,False,Priority 2,Offer incentive to move to a long-term contract | Provide proactive onboarding and early engagement | Offer trial or discounted technical support,2
4299-SIMNS,Male,0,No,No,9,Yes,Yes,Fiber optic,Yes,No,No,No,No,No,Month-to-month,Yes,Electronic check,81.15,784.45,0,0.8026114484431441,1,Very High Risk,False,Priority 2,Offer incentive to move to a long-term contract | Encourage automatic payment adoption | Provide proactive onboarding and early engagement,2
3703-KBKZP,Male,1,No,No,16,Yes,Yes,Fiber optic,No,No,No,No,No,No,Month-to-month,Yes,Bank transfer (automatic),74.45,1261.35,0,0.8024785140828096,1,Very High Risk,False,Priority 2,Offer incentive to move to a long-term contract | Offer trial or discounted technical support | Promote bundled online security services,2
2135-DQWAQ,Female,0,No,No,5,Yes,No,Fiber optic,No,Yes,No,No,Yes,No,Month-to-month,Yes,Mailed check,85.3,420.45,0,0.801868580265647,1,Very High Risk,False,Priority 2,Offer incentive to move to a long-term contract | Provide proactive onboarding and early engagement | Offer trial or discounted technical support,2
2905-KFQUV,Female,0,Yes,No,2,Yes,No,Fiber optic,No,No,No,No,No,No,Month-to-month,Yes,Credit card (automatic),70.4,154.8,0,0.8006320194609934,1,Very High Risk,False,Priority 2,Offer incentive to move to a long-term contract | Provide proactive onboarding and early engagement | Offer trial or discounted technical support,2
0749-IRGQE,Female,1,Yes,No,13,No,No phone service,DSL,No,No,No,No,Yes,Yes,Month-to-month,No,Electronic check,45.3,528.45,0,0.8004046804389582,1,Very High Risk,False,Priority 2,Offer incentive to move to a long-term contract | Encourage automatic payment adoption | Offer trial or discounted technical support,2
0196-JTUQI,Female,0,No,No,9,Yes,Yes,Fiber optic,No,No,No,No,No,No,Month-to-month,Yes,Credit card (automatic),75.2,633.85,0,0.8004039627686207,1,Very High Risk,False,Priority 2,Offer incentive to move to a long-term contract | Provide proactive onboarding and early engagement | Offer trial or discounted technical support,2
8617-ENBDS,Male,0,No,No,3,Yes,No,Fiber optic,No,No,Yes,No,No,No,Month-to-month,Yes,Credit card (automatic),73.6,232.5,0,0.7993323003271179,1,Very High Risk,False,Priority 2,Offer incentive to move to a long-term contract | Provide proactive onboarding and early engagement | Offer trial or discounted technical support,2
2187-PKZAY,Male,0,No,No,12,Yes,No,Fiber optic,No,No,No,No,No,Yes,Month-to-month,Yes,Bank transfer (automatic),79.95,1043.4,0,0.7988771887979116,1,Very High Risk,False,Priority 2,Offer incentive to move to a long-term contract | Provide proactive onboarding and early engagement | Offer trial or discounted technical support,2
9796-BPKIW,Male,1,No,No,8,Yes,No,Fiber optic,No,No,No,No,No,No,Month-to-month,Yes,Credit card (automatic),69.95,562.7,0,0.7987601988793573,1,Very High Risk,False,Priority 2,Offer incentive to move to a long-term contract | Provide proactive onboarding and early engagement | Offer trial or discounted technical support,2
4450-DLLMH,Male,0,No,No,2,Yes,No,Fiber optic,No,No,No,No,No,No,Month-to-month,Yes,Credit card (automatic),71.3,157.75,0,0.7987222971010388,1,Very High Risk,False,Priority 2,Offer incentive to move to a long-term contract | Provide proactive onboarding and early engagement | Offer trial or discounted technical support,2
8132-YPVBX,Female,0,No,No,6,Yes,No,Fiber optic,No,Yes,No,No,No,Yes,Month-to-month,Yes,Mailed check,85.95,514.6,0,0.7984913482179972,1,Very High Risk,False,Priority 2,Offer incentive to move to a long-term contract | Provide proactive onboarding and early engagement | Offer trial or discounted technical support,2
3411-WLRSQ,Female,1,Yes,No,3,Yes,No,Fiber optic,No,Yes,No,No,No,No,Month-to-month,Yes,Bank transfer (automatic),74.6,239.05,0,0.7981723013411697,1,Very High Risk,False,Priority 2,Offer incentive to move to a long-term contract | Provide proactive onboarding and early engagement | Offer trial or discounted technical support,2
2862-PFNIK,Male,0,No,Yes,1,No,No phone service,DSL,No,No,No,No,No,No,Month-to-month,Yes,Electronic check,24.7,24.7,0,0.7980691495492552,1,Very High Risk,False,Priority 2,Offer incentive to move to a long-term contract | Encourage automatic payment adoption | Provide proactive onboarding and early engagement,2
2959-FENLU,Female,0,No,No,9,Yes,No,Fiber optic,No,No,Yes,No,No,Yes,Month-to-month,Yes,Credit card (automatic),85.3,781.4,0,0.7979087141590562,1,Very High Risk,False,Priority 2,Offer incentive to move to a long-term contract | Provide proactive onboarding and early engagement | Offer trial or discounted technical support,2
2800-VEQXM,Female,0,No,No,3,Yes,No,Fiber optic,No,No,Yes,No,No,No,Month-to-month,Yes,Mailed check,74.75,238.1,0,0.7970290825677211,1,Very High Risk,False,Priority 2,Offer incentive to move to a long-term contract | Provide proactive onboarding and early engagement | Offer trial or discounted technical support,2
3748-FVMZZ,Male,0,No,No,4,No,No phone service,DSL,No,No,No,Yes,No,Yes,Month-to-month,Yes,Electronic check,40.05,162.45,0,0.796765100797014,1,Very High Risk,False,Priority 2,Offer incentive to move to a long-term contract | Encourage automatic payment adoption | Provide proactive onboarding and early engagement,2
1077-HUUJM,Female,0,No,Yes,7,Yes,No,Fiber optic,No,No,No,No,No,No,Month-to-month,Yes,Electronic check,71.05,472.65,0,0.7954747532115093,1,Very High Risk,False,Priority 2,Offer incentive to move to a long-term contract | Encourage automatic payment adoption | Provide proactive onboarding and early engagement,2
2325-NBPZG,Female,0,No,No,3,Yes,No,Fiber optic,Yes,No,No,No,No,No,Month-to-month,Yes,Electronic check,74.55,233.65,0,0.7936500189666662,1,Very High Risk,False,Priority 2,Offer incentive to move to a long-term contract | Encourage automatic payment adoption | Provide proactive onboarding and early engagement,2
4059-IIEBK,Female,0,No,No,7,Yes,Yes,Fiber optic,No,Yes,No,No,No,No,Month-to-month,Yes,Bank transfer (automatic),78.55,522.95,0,0.7934052646092223,1,Very High Risk,False,Priority 2,Offer incentive to move to a long-term contract | Provide proactive onboarding and early engagement | Offer trial or discounted technical support,2
5599-HVLTW,Female,1,No,No,14,Yes,Yes,Fiber optic,No,No,Yes,No,No,No,Month-to-month,Yes,Bank transfer (automatic),80.35,1058.1,0,0.7928446830154626,1,Very High Risk,False,Priority 2,Offer incentive to move to a long-term contract | Offer trial or discounted technical support | Promote bundled online security services,2
9840-EFJQB,Female,0,No,No,1,Yes,No,Fiber optic,No,Yes,No,No,No,No,Month-to-month,No,Electronic check,74.35,74.35,0,0.7922851069870317,1,Very High Risk,False,Priority 2,Offer incentive to move to a long-term contract | Encourage automatic payment adoption | Provide proactive onboarding and early engagement,2
5666-CYCYZ,Female,0,No,No,24,Yes,Yes,Fiber optic,No,No,No,Yes,No,Yes,Month-to-month,Yes,Electronic check,89.55,2259.35,0,0.7922734414259318,1,Very High Risk,False,Priority 2,Offer incentive to move to a long-term contract | Encourage automatic payment adoption | Promote bundled online security services,2
6175-IRFIT,Male,0,No,No,5,Yes,No,Fiber optic,No,No,No,No,No,Yes,Month-to-month,No,Mailed check,78.75,426.35,0,0.7914710563422976,1,Very High Risk,False,Priority 2,Offer incentive to move to a long-term contract | Provide proactive onboarding and early engagement | Offer trial or discounted technical support,2
4480-QQRHC,Female,1,No,No,8,Yes,No,Fiber optic,No,No,Yes,No,No,No,Month-to-month,Yes,Bank transfer (automatic),74.05,600.15,0,0.7908586534107972,1,Very High Risk,False,Priority 2,Offer incentive to move to a long-term contract | Provide proactive onboarding and early engagement | Offer trial or discounted technical support,2
0650-BWOZN,Female,1,No,No,18,Yes,No,Fiber optic,No,Yes,No,No,No,No,Month-to-month,Yes,Electronic check,73.55,1359.45,0,0.7906051070910521,1,Very High Risk,False,Priority 2,Offer incentive to move to a long-term contract | Encourage automatic payment adoption | Offer trial or discounted technical support,2
1730-ZMAME,Female,1,No,No,32,Yes,No,Fiber optic,No,No,No,No,No,Yes,Month-to-month,Yes,Electronic check,79.5,2665.0,0,0.7899480946482407,1,Very High Risk,False,Priority 2,Offer incentive to move to a long-term contract | Encourage automatic payment adoption | Offer trial or discounted technical support,2
9773-PEQBZ,Male,0,No,No,10,Yes,Yes,Fiber optic,No,Yes,No,No,No,No,Month-to-month,No,Electronic check,79.85,797.25,0,0.7899250914499295,1,Very High Risk,False,Priority 2,Offer incentive to move to a long-term contract | Encourage automatic payment adoption | Provide proactive onboarding and early engagement,2
2080-GKCWQ,Male,0,No,No,2,Yes,No,Fiber optic,No,Yes,No,No,No,No,Month-to-month,No,Electronic check,74.95,151.75,0,0.7896428025262018,1,Very High Risk,False,Priority 2,Offer incentive to move to a long-term contract | Encourage automatic payment adoption | Provide proactive onboarding and early engagement,2
2424-WVHPL,Male,1,No,No,1,Yes,No,Fiber optic,No,No,No,Yes,No,No,Month-to-month,No,Electronic check,74.7,74.7,0,0.7893328572674788,1,Very High Risk,False,Priority 2,Offer incentive to move to a long-term contract | Encourage automatic payment adoption | Provide proactive onboarding and early engagement,2
8104-OSKWT,Female,0,No,No,12,Yes,Yes,Fiber optic,Yes,No,No,No,No,No,Month-to-month,Yes,Electronic check,79.8,1001.2,0,0.7886794257720976,1,Very High Risk,False,Priority 2,Offer incentive to move to a long-term contract | Encourage automatic payment adoption | Provide proactive onboarding and early engagement,2
9432-VOFYX,Male,0,No,No,17,Yes,No,Fiber optic,No,No,No,No,No,No,Month-to-month,Yes,Electronic check,70.8,1207.0,0,0.7883843849435945,1,Very High Risk,False,Priority 2,Offer incentive to move to a long-term contract | Encourage automatic payment adoption | Offer trial or discounted technical support,2
5501-TVMGM,Male,0,No,No,1,Yes,No,DSL,No,No,No,No,No,Yes,Month-to-month,Yes,Electronic check,55.25,55.25,0,0.7870547757661772,1,Very High Risk,False,Priority 2,Offer incentive to move to a long-term contract | Encourage automatic payment adoption | Provide proactive onboarding and early engagement,2
3050-GBUSH,Female,0,No,No,3,No,No phone service,DSL,No,No,No,No,Yes,No,Month-to-month,Yes,Credit card (automatic),34.8,113.95,0,0.7868694811207412,1,Very High Risk,False,Priority 2,Offer incentive to move to a long-term contract | Provide proactive onboarding and early engagement | Offer trial or discounted technical support,2
2740-TVLFN,Male,0,No,No,1,Yes,Yes,DSL,No,No,No,No,No,No,Month-to-month,Yes,Electronic check,50.15,50.15,0,0.7865157247143564,1,Very High Risk,False,Priority 2,Offer incentive to move to a long-term contract | Encourage automatic payment adoption | Provide proactive onboarding and early engagement,2
7072-MBHEV,Female,1,Yes,Yes,11,Yes,Yes,Fiber optic,No,No,Yes,No,No,No,Month-to-month,Yes,Credit card (automatic),78.1,864.85,0,0.7862908087243675,1,Very High Risk,False,Priority 2,Offer incentive to move to a long-term contract | Provide proactive onboarding and early engagement | Offer trial or discounted technical support,2
7318-EIVKO,Male,0,No,No,8,Yes,Yes,DSL,No,No,No,No,Yes,No,Month-to-month,Yes,Electronic check,59.25,436.6,0,0.7861036575750568,1,Very High Risk,False,Priority 2,Offer incentive to move to a long-term contract | Encourage automatic payment adoption | Provide proactive onboarding and early engagement,2
2460-NGXBJ,Male,1,Yes,Yes,11,Yes,Yes,Fiber optic,No,No,No,No,No,No,Month-to-month,Yes,Credit card (automatic),75.2,775.3,0,0.7859308546750096,1,Very High Risk,False,Priority 2,Offer incentive to move to a long-term contract | Provide proactive onboarding and early engagement | Offer trial or discounted technical support,2
6923-JHPMP,Female,0,No,No,2,Yes,No,Fiber optic,Yes,No,Yes,No,No,No,Month-to-month,Yes,Electronic check,80.45,137.1,0,0.7852100247430106,1,Very High Risk,False,Priority 2,Offer incentive to move to a long-term contract | Encourage automatic payment adoption | Provide proactive onboarding and early engagement,2
7284-BUYEC,Female,0,No,No,5,No,No phone service,DSL,No,Yes,No,No,Yes,Yes,Month-to-month,Yes,Credit card (automatic),50.95,229.4,0,0.7824869076303892,1,Very High Risk,False,Priority 2,Offer incentive to move to a long-term contract | Provide proactive onboarding and early engagement | Offer trial or discounted technical support,2
0958-YHXGP,Female,0,No,No,7,Yes,No,Fiber optic,No,No,No,No,No,No,Month-to-month,Yes,Mailed check,69.9,497.3,0,0.7824233143216065,1,Very High Risk,False,Priority 2,Offer incentive to move to a long-term contract | Provide proactive onboarding and early engagement | Offer trial or discounted technical support,2
0439-IFYUN,Female,1,No,No,18,Yes,No,Fiber optic,No,Yes,No,No,No,No,Month-to-month,Yes,Electronic check,74.7,1294.6,0,0.7822784682574853,1,Very High Risk,False,Priority 2,Offer incentive to move to a long-term contract | Encourage automatic payment adoption | Offer trial or discounted technical support,2
9167-APMXZ,Female,0,No,No,22,Yes,Yes,Fiber optic,No,No,No,No,Yes,No,Month-to-month,Yes,Bank transfer (automatic),84.15,1821.95,0,0.7821460221043542,1,Very High Risk,False,Priority 2,Offer incentive to move to a long-term contract | Offer trial or discounted technical support | Promote bundled online security services,2
5857-TYBCJ,Male,1,Yes,No,44,Yes,Yes,Fiber optic,No,No,Yes,No,Yes,No,Month-to-month,Yes,Electronic check,89.2,4040.2,0,0.7817867267769975,1,Very High Risk,False,Priority 2,Offer incentive to move to a long-term contract | Encourage automatic payment adoption | Offer trial or discounted technical support,2
0248-IPDFW,Female,0,No,No,1,Yes,Yes,DSL,No,No,No,No,No,No,Month-to-month,Yes,Electronic check,50.1,50.1,0,0.7811692770571761,1,Very High Risk,False,Priority 2,Offer incentive to move to a long-term contract | Encourage automatic payment adoption | Provide proactive onboarding and early engagement,2
8630-FJLIB,Female,0,No,No,18,Yes,No,Fiber optic,No,No,No,No,No,No,Month-to-month,Yes,Electronic check,69.8,1221.65,0,0.780638138045156,1,Very High Risk,False,Priority 2,Offer incentive to move to a long-term contract | Encourage automatic payment adoption | Offer trial or discounted technical support,2
2373-NTKOD,Male,0,No,No,8,Yes,No,DSL,No,No,No,No,Yes,Yes,Month-to-month,Yes,Electronic check,66.25,546.45,0,0.7804151008864668,1,Very High Risk,False,Priority 2,Offer incentive to move to a long-term contract | Encourage automatic payment adoption | Provide proactive onboarding and early engagement,2
9822-OAOVB,Female,0,No,No,1,Yes,No,DSL,No,No,No,No,No,Yes,Month-to-month,Yes,Electronic check,55.45,55.45,0,0.7803981650797782,1,Very High Risk,False,Priority 2,Offer incentive to move to a long-term contract | Encourage automatic payment adoption | Provide proactive onboarding and early engagement,2
0674-EYYZV,Female,0,No,No,1,Yes,No,DSL,No,No,No,No,Yes,No,Month-to-month,Yes,Electronic check,54.65,54.65,0,0.7801854065627786,1,Very High Risk,False,Priority 2,Offer incentive to move to a long-term contract | Encourage automatic payment adoption | Provide proactive onboarding and early engagement,2
2041-JIJCI,Female,0,No,No,5,Yes,Yes,DSL,No,Yes,No,No,No,Yes,Month-to-month,Yes,Electronic check,64.0,370.25,0,0.7801064740178517,1,Very High Risk,False,Priority 2,Offer incentive to move to a long-term contract | Encourage automatic payment adoption | Provide proactive onboarding and early engagement,2
0620-DLSLK,Female,0,No,No,13,Yes,No,Fiber optic,No,No,No,No,Yes,No,Month-to-month,Yes,Mailed check,81.9,1028.9,0,0.7799089790241037,1,Very High Risk,False,Priority 2,Offer incentive to move to a long-term contract | Offer trial or discounted technical support | Promote bundled online security services,2
1307-ATKGB,Male,0,No,No,24,Yes,No,Fiber optic,No,Yes,Yes,No,No,Yes,Month-to-month,Yes,Electronic check,89.55,2187.15,0,0.7797979641777029,1,Very High Risk,False,Priority 2,Offer incentive to move to a long-term contract | Encourage automatic payment adoption | Offer trial or discounted technical support,2
6103-BOCOU,Female,0,No,No,26,Yes,Yes,Fiber optic,No,No,Yes,No,No,No,Month-to-month,Yes,Electronic check,80.7,2193.0,0,0.7790881651388174,1,Very High Risk,False,Priority 2,Offer incentive to move to a long-term contract | Encourage automatic payment adoption | Offer trial or discounted technical support,2
5044-LRQAQ,Female,0,Yes,No,7,Yes,No,Fiber optic,No,No,No,No,No,No,Month-to-month,Yes,Bank transfer (automatic),69.2,477.55,0,0.7789450557829709,1,Very High Risk,False,Priority 2,Offer incentive to move to a long-term contract | Provide proactive onboarding and early engagement | Offer trial or discounted technical support,2
6719-OXYBR,Male,0,No,No,15,Yes,No,Fiber optic,No,No,Yes,No,Yes,No,Month-to-month,No,Electronic check,85.3,1219.85,0,0.7787968371409076,1,Very High Risk,False,Priority 2,Offer incentive to move to a long-term contract | Encourage automatic payment adoption | Offer trial or discounted technical support,2
5533-NHFRF,Male,1,No,No,7,No,No phone service,DSL,No,Yes,No,Yes,No,Yes,Month-to-month,Yes,Electronic check,44.4,265.8,0,0.7787801303544354,1,Very High Risk,False,Priority 2,Offer incentive to move to a long-term contract | Encourage automatic payment adoption | Provide proactive onboarding and early engagement,2
8990-ZXLSU,Female,0,No,No,9,Yes,No,Fiber optic,No,No,No,No,No,No,Month-to-month,No,Electronic check,69.05,651.5,0,0.7787275938770928,1,Very High Risk,False,Priority 2,Offer incentive to move to a long-term contract | Encourage automatic payment adoption | Provide proactive onboarding and early engagement,2
1335-NTIUC,Male,0,No,No,9,No,No phone service,DSL,No,No,No,No,No,No,Month-to-month,Yes,Electronic check,24.95,190.25,0,0.7781893456428031,1,Very High Risk,False,Priority 2,Offer incentive to move to a long-term contract | Encourage automatic payment adoption | Provide proactive onboarding and early engagement,2
7924-GJZFI,Female,1,Yes,No,25,Yes,No,Fiber optic,No,No,No,No,No,No,Month-to-month,Yes,Electronic check,69.3,1813.1,0,0.7779421395174573,1,Very High Risk,False,Priority 2,Offer incentive to move to a long-term contract | Encourage automatic payment adoption | Offer trial or discounted technical support,2
6260-ONULR,Male,0,No,No,1,Yes,No,DSL,No,No,No,No,Yes,Yes,Month-to-month,Yes,Mailed check,62.8,62.8,0,0.7777310522587086,1,Very High Risk,False,Priority 2,Offer incentive to move to a long-term contract | Provide proactive onboarding and early engagement | Offer trial or discounted technical support,2
5019-GQVCR,Male,1,No,No,43,Yes,Yes,Fiber optic,No,No,No,No,Yes,No,Month-to-month,Yes,Electronic check,84.85,3645.6,0,0.7773250180224465,1,Very High Risk,False,Priority 2,Offer incentive to move to a long-term contract | Encourage automatic payment adoption | Offer trial or discounted technical support,2
5022-KVDQT,Male,0,No,No,27,Yes,Yes,Fiber optic,No,No,Yes,No,No,No,Month-to-month,Yes,Electronic check,81.3,2272.8,0,0.7764142562994847,1,Very High Risk,False,Priority 2,Offer incentive to move to a long-term contract | Encourage automatic payment adoption | Offer trial or discounted technical support,2
8160-HOWOX,Female,0,No,No,7,Yes,No,DSL,No,No,No,No,Yes,Yes,Month-to-month,Yes,Electronic check,66.85,458.1,0,0.7763337767444152,1,Very High Risk,False,Priority 2,Offer incentive to move to a long-term contract | Encourage automatic payment adoption | Provide proactive onboarding and early engagement,2
2761-XECQW,Male,1,Yes,No,8,No,No phone service,DSL,No,Yes,Yes,No,No,Yes,Month-to-month,Yes,Mailed check,43.35,371.4,0,0.7761416738998819,1,Very High Risk,False,Priority 2,Offer incentive to move to a long-term contract | Provide proactive onboarding and early engagement | Offer trial or discounted technical support,2
1580-BMCMR,Male,1,No,No,19,Yes,No,Fiber optic,Yes,No,No,No,No,Yes,Month-to-month,Yes,Electronic check,87.3,1637.3,0,0.7752561927581417,1,Very High Risk,False,Priority 2,Offer incentive to move to a long-term contract | Encourage automatic payment adoption | Offer trial or discounted technical support,2
2920-RNCEZ,Male,0,Yes,Yes,1,Yes,No,Fiber optic,No,No,No,No,No,No,Month-to-month,Yes,Credit card (automatic),69.95,69.95,0,0.7751006687400139,1,Very High Risk,False,Priority 2,Offer incentive to move to a long-term contract | Provide proactive onboarding and early engagement | Offer trial or discounted technical support,2
3196-NVXLZ,Female,0,No,No,25,Yes,Yes,Fiber optic,No,No,No,No,Yes,No,Month-to-month,Yes,Mailed check,84.6,2088.05,0,0.7748160078469329,1,Very High Risk,False,Priority 2,Offer incentive to move to a long-term contract | Offer trial or discounted technical support | Promote bundled online security services,2
3956-MGXOG,Female,0,No,No,28,Yes,No,Fiber optic,No,No,No,No,No,Yes,Month-to-month,Yes,Electronic check,80.6,2244.95,0,0.7747016706193097,1,Very High Risk,False,Priority 2,Offer incentive to move to a long-term contract | Encourage automatic payment adoption | Offer trial or discounted technical support,2
1769-GRUIK,Female,0,No,No,18,Yes,No,Fiber optic,No,No,No,No,No,No,Month-to-month,Yes,Electronic check,71.1,1247.75,0,0.7746125976424569,1,Very High Risk,False,Priority 2,Offer incentive to move to a long-term contract | Encourage automatic payment adoption | Offer trial or discounted technical support,2
4581-LNWUM,Female,0,No,No,13,No,No phone service,DSL,No,No,Yes,No,Yes,Yes,Month-to-month,No,Electronic check,49.15,649.4,0,0.7738254299916372,1,Very High Risk,False,Priority 2,Offer incentive to move to a long-term contract | Encourage automatic payment adoption | Offer trial or discounted technical support,2
5605-IYGFG,Female,0,No,No,7,Yes,No,Fiber optic,No,No,No,No,No,No,Month-to-month,Yes,Bank transfer (automatic),69.85,515.45,0,0.7737721028268278,1,Very High Risk,False,Priority 2,Offer incentive to move to a long-term contract | Provide proactive onboarding and early engagement | Offer trial or discounted technical support,2
1212-GLHMD,Male,0,No,No,3,Yes,No,Fiber optic,Yes,No,No,No,No,Yes,Month-to-month,Yes,Mailed check,86.05,244.85,0,0.7736998799403009,1,Very High Risk,False,Priority 2,Offer incentive to move to a long-term contract | Provide proactive onboarding and early engagement | Offer trial or discounted technical support,2
3916-NRPAP,Male,0,No,No,3,Yes,No,Fiber optic,No,No,Yes,No,No,Yes,Month-to-month,No,Credit card (automatic),85.7,256.75,0,0.7735373062708187,1,Very High Risk,False,Priority 2,Offer incentive to move to a long-term contract | Provide proactive onboarding and early engagement | Offer trial or discounted technical support,2
4536-PLEQY,Male,0,Yes,No,12,Yes,No,Fiber optic,No,Yes,No,No,No,Yes,Month-to-month,Yes,Credit card (automatic),85.05,999.8,0,0.772792907722459,1,Very High Risk,False,Priority 2,Offer incentive to move to a long-term contract | Provide proactive onboarding and early engagement | Offer trial or discounted technical support,2
9779-DPNEJ,Female,0,Yes,Yes,22,Yes,No,Fiber optic,No,No,No,No,No,Yes,Month-to-month,Yes,Electronic check,80.15,1790.65,0,0.7725210615886043,1,Very High Risk,False,Priority 2,Offer incentive to move to a long-term contract | Encourage automatic payment adoption | Offer trial or discounted technical support,2
7855-DIWPO,Female,0,No,No,21,Yes,No,Fiber optic,No,No,No,No,No,No,Month-to-month,Yes,Electronic check,68.65,1493.2,0,0.7724587402532118,1,Very High Risk,False,Priority 2,Offer incentive to move to a long-term contract | Encourage automatic payment adoption | Offer trial or discounted technical support,2
2739-CACDQ,Female,1,No,No,17,Yes,Yes,Fiber optic,No,No,Yes,No,No,No,Month-to-month,Yes,Credit card (automatic),82.65,1470.05,0,0.772044051277156,1,Very High Risk,False,Priority 2,Offer incentive to move to a long-term contract | Offer trial or discounted technical support | Promote bundled online security services,2
1391-UBDAR,Male,0,No,No,11,Yes,No,Fiber optic,No,No,Yes,No,No,No,Month-to-month,No,Electronic check,72.9,818.45,0,0.7720121434975671,1,Very High Risk,False,Priority 2,Offer incentive to move to a long-term contract | Encourage automatic payment adoption | Provide proactive onboarding and early engagement,2
8981-FJGLA,Male,0,No,Yes,11,Yes,Yes,Fiber optic,No,No,Yes,No,No,No,Month-to-month,Yes,Mailed check,78.0,851.8,0,0.7717646335977448,1,Very High Risk,False,Priority 2,Offer incentive to move to a long-term contract | Provide proactive onboarding and early engagement | Offer trial or discounted technical support,2
4195-NZGTA,Female,0,No,No,1,No,No phone service,DSL,No,No,No,No,No,No,Month-to-month,No,Electronic check,25.25,25.25,0,0.7716692589281472,1,Very High Risk,False,Priority 2,Offer incentive to move to a long-term contract | Encourage automatic payment adoption | Provide proactive onboarding and early engagement,2
4367-NHWMM,Female,0,No,No,1,No,No phone service,DSL,No,No,No,No,No,No,Month-to-month,Yes,Mailed check,24.9,24.9,0,0.7712854460429593,1,Very High Risk,False,Priority 2,Offer incentive to move to a long-term contract | Provide proactive onboarding and early engagement | Offer trial or discounted technical support,2
3955-JBZZM,Male,0,No,No,20,Yes,No,Fiber optic,No,No,No,No,Yes,No,Month-to-month,No,Electronic check,78.8,1641.3,0,0.7702367641370601,1,Very High Risk,False,Priority 2,Offer incentive to move to a long-term contract | Encourage automatic payment adoption | Offer trial or discounted technical support,2
8120-JDCAM,Male,0,Yes,Yes,4,Yes,No,Fiber optic,No,No,No,No,No,No,Month-to-month,Yes,Mailed check,69.55,284.9,0,0.769974620333109,1,Very High Risk,False,Priority 2,Offer incentive to move to a long-term contract | Provide proactive onboarding and early engagement | Offer trial or discounted technical support,2
7537-RBWEA,Female,0,No,No,1,No,No phone service,DSL,No,No,No,No,No,No,Month-to-month,Yes,Mailed check,25.15,25.15,0,0.7699210126044558,1,Very High Risk,False,Priority 2,Offer incentive to move to a long-term contract | Provide proactive onboarding and early engagement | Offer trial or discounted technical support,2
0988-JRWWP,Female,0,No,No,3,Yes,No,DSL,No,No,No,No,Yes,No,Month-to-month,Yes,Electronic check,54.2,140.4,0,0.7694399015551562,1,Very High Risk,False,Priority 2,Offer incentive to move to a long-term contract | Encourage automatic payment adoption | Provide proactive onboarding and early engagement,2
5233-AOZUF,Female,0,Yes,No,29,Yes,Yes,Fiber optic,No,No,No,No,No,No,Month-to-month,Yes,Electronic check,74.95,2149.05,0,0.7685788989642744,1,Very High Risk,False,Priority 2,Offer incentive to move to a long-term contract | Encourage automatic payment adoption | Offer trial or discounted technical support,2
4236-UJPWO,Female,0,No,No,2,No,No phone service,DSL,No,No,No,No,No,No,Month-to-month,No,Electronic check,24.5,46.4,0,0.7682845351211117,1,Very High Risk,False,Priority 2,Offer incentive to move to a long-term contract | Encourage automatic payment adoption | Provide proactive onboarding and early engagement,2
7176-WIONM,Female,0,Yes,No,12,No,No phone service,DSL,No,No,Yes,No,Yes,Yes,Month-to-month,Yes,Bank transfer (automatic),49.85,617.15,0,0.7680779428332354,1,Very High Risk,False,Priority 2,Offer incentive to move to a long-term contract | Provide proactive onboarding and early engagement | Offer trial or discounted technical support,2
0581-MDMPW,Female,0,No,No,24,Yes,Yes,Fiber optic,No,No,Yes,No,Yes,No,Month-to-month,Yes,Credit card (automatic),88.95,2072.75,0,0.7680062140502785,1,Very High Risk,False,Priority 2,Offer incentive to move to a long-term contract | Offer trial or discounted technical support | Promote bundled online security services,2
8645-KWHJO,Male,0,No,No,14,No,No phone service,DSL,No,No,Yes,Yes,Yes,Yes,Month-to-month,Yes,Electronic check,55.0,771.95,0,0.767623357242302,1,Very High Risk,False,Priority 2,Offer incentive to move to a long-term contract | Encourage automatic payment adoption | Promote bundled online security services,2
6243-OZGFH,Female,0,No,No,23,No,No phone service,DSL,No,No,No,No,Yes,Yes,Month-to-month,Yes,Electronic check,44.95,996.85,0,0.7675113966025934,1,Very High Risk,False,Priority 2,Offer incentive to move to a long-term contract | Encourage automatic payment adoption | Offer trial or discounted technical support,2
8695-ARGXZ,Male,1,Yes,No,34,Yes,Yes,Fiber optic,No,No,No,No,No,No,Month-to-month,Yes,Electronic check,75.55,2425.4,0,0.7671927393037563,1,Very High Risk,False,Priority 2,Offer incentive to move to a long-term contract | Encourage automatic payment adoption | Offer trial or discounted technical support,2
8687-BAFGU,Male,0,No,No,1,Yes,No,Fiber optic,No,No,No,Yes,No,No,Month-to-month,No,Electronic check,74.0,74.0,0,0.7665623509021017,1,Very High Risk,False,Priority 2,Offer incentive to move to a long-term contract | Encourage automatic payment adoption | Provide proactive onboarding and early engagement,2
2582-FFFZR,Female,0,No,No,22,No,No phone service,DSL,No,No,Yes,No,Yes,Yes,Month-to-month,Yes,Electronic check,50.6,1073.3,0,0.7664200077603727,1,Very High Risk,False,Priority 2,Offer incentive to move to a long-term contract | Encourage automatic payment adoption | Offer trial or discounted technical support,2
6994-KERXL,Male,0,No,No,4,Yes,No,DSL,No,No,No,No,No,Yes,Month-to-month,Yes,Electronic check,55.9,238.5,0,0.7659047009688118,1,Very High Risk,False,Priority 2,Offer incentive to move to a long-term contract | Encourage automatic payment adoption | Provide proactive onboarding and early engagement,2
2501-XWWTZ,Male,0,No,No,11,Yes,No,Fiber optic,No,No,No,No,No,No,Month-to-month,No,Electronic check,70.2,760.05,0,0.765826604574695,1,Very High Risk,False,Priority 2,Offer incentive to move to a long-term contract | Encourage automatic payment adoption | Provide proactive onboarding and early engagement,2
9365-SRSZE,Male,1,Yes,No,27,Yes,No,Fiber optic,No,No,No,No,No,No,Month-to-month,Yes,Electronic check,70.55,1943.9,0,0.7653033448356453,1,Very High Risk,False,Priority 2,Offer incentive to move to a long-term contract | Encourage automatic payment adoption | Offer trial or discounted technical support,2
6557-BZXLQ,Male,1,No,No,16,Yes,No,Fiber optic,No,No,No,No,No,No,Month-to-month,No,Electronic check,69.65,1043.3,0,0.7651705656281091,1,Very High Risk,False,Priority 2,Offer incentive to move to a long-term contract | Encourage automatic payment adoption | Offer trial or discounted technical support,2
4546-FOKWR,Female,0,No,No,16,Yes,Yes,Fiber optic,No,No,No,No,No,No,Month-to-month,Yes,Credit card (automatic),74.75,1129.35,0,0.7649360671763132,1,Very High Risk,False,Priority 2,Offer incentive to move to a long-term contract | Offer trial or discounted technical support | Promote bundled online security services,2
9572-WUKSB,Male,0,Yes,No,3,No,No phone service,DSL,No,No,No,Yes,No,No,Month-to-month,Yes,Electronic check,29.9,92.25,0,0.7647412999994151,1,Very High Risk,False,Priority 2,Offer incentive to move to a long-term contract | Encourage automatic payment adoption | Provide proactive onboarding and early engagement,2
7586-ZATGZ,Male,0,No,No,40,Yes,Yes,Fiber optic,No,No,No,No,Yes,No,Month-to-month,Yes,Electronic check,84.9,3369.05,0,0.7643894945176566,1,Very High Risk,False,Priority 2,Offer incentive to move to a long-term contract | Encourage automatic payment adoption | Offer trial or discounted technical support,2
0224-RLWWD,Female,1,No,No,2,Yes,No,DSL,No,No,No,No,No,No,Month-to-month,Yes,Electronic check,44.3,89.3,0,0.7642090884955455,1,Very High Risk,False,Priority 2,Offer incentive to move to a long-term contract | Encourage automatic payment adoption | Provide proactive onboarding and early engagement,2
9743-DQKQW,Male,0,No,No,3,No,No phone service,DSL,No,No,No,No,No,No,Month-to-month,No,Electronic check,25.1,79.8,0,0.7637380588209947,1,Very High Risk,False,Priority 2,Offer incentive to move to a long-term contract | Encourage automatic payment adoption | Provide proactive onboarding and early engagement,2
3002-WQZWT,Female,0,No,No,29,Yes,Yes,Fiber optic,No,No,No,No,No,No,Month-to-month,Yes,Electronic check,74.2,1993.25,0,0.7636357038352344,1,Very High Risk,False,Priority 2,Offer incentive to move to a long-term contract | Encourage automatic payment adoption | Offer trial or discounted technical support,2
1399-UBQIU,Male,0,No,No,11,Yes,No,DSL,No,No,Yes,No,Yes,Yes,Month-to-month,Yes,Electronic check,69.35,712.25,0,0.7636076124150202,1,Very High Risk,False,Priority 2,Offer incentive to move to a long-term contract | Encourage automatic payment adoption | Provide proactive onboarding and early engagement,2
6652-YFFJO,Female,0,No,No,11,Yes,No,DSL,No,No,No,No,Yes,Yes,Month-to-month,Yes,Electronic check,64.9,716.1,0,0.763565527556193,1,Very High Risk,False,Priority 2,Offer incentive to move to a long-term contract | Encourage automatic payment adoption | Provide proactive onboarding and early engagement,2
2070-XYMFH,Female,1,No,No,23,Yes,Yes,Fiber optic,No,No,Yes,No,No,No,Month-to-month,Yes,Mailed check,79.35,1835.3,0,0.7635272907198049,1,Very High Risk,False,Priority 2,Offer incentive to move to a long-term contract | Offer trial or discounted technical support | Promote bundled online security services,2
3966-HRMZA,Female,1,No,No,3,Yes,No,Fiber optic,No,No,Yes,No,No,No,Month-to-month,No,Mailed check,75.05,202.9,0,0.7630089737352665,1,Very High Risk,False,Priority 2,Offer incentive to move to a long-term contract | Provide proactive onboarding and early engagement | Offer trial or discounted technical support,2
7895-VONWT,Female,0,No,No,25,No,No phone service,DSL,No,No,Yes,No,Yes,Yes,Month-to-month,Yes,Electronic check,48.25,1293.8,0,0.7626892042492109,1,Very High Risk,False,Priority 2,Offer incentive to move to a long-term contract | Encourage automatic payment adoption | Offer trial or discounted technical support,2
5960-MVTUK,Male,0,No,No,3,No,No phone service,DSL,No,No,No,Yes,No,No,Month-to-month,Yes,Electronic check,29.75,96.85,0,0.7625705231825254,1,Very High Risk,False,Priority 2,Offer incentive to move to a long-term contract | Encourage automatic payment adoption | Provide proactive onboarding and early engagement,2
2468-SJFLM,Male,0,No,No,1,Yes,No,Fiber optic,No,No,No,Yes,No,No,Month-to-month,Yes,Mailed check,74.3,74.3,0,0.7625581061121695,1,Very High Risk,False,Priority 2,Offer incentive to move to a long-term contract | Provide proactive onboarding and early engagement | Promote bundled online security services,2
8456-QDAVC,Male,0,No,No,19,Yes,No,Fiber optic,No,No,No,No,Yes,No,Month-to-month,Yes,Bank transfer (automatic),78.7,1495.1,0,0.7613313422964323,1,Very High Risk,False,Priority 2,Offer incentive to move to a long-term contract | Offer trial or discounted technical support | Promote bundled online security services,2
8778-LMWTJ,Female,0,No,No,9,Yes,No,Fiber optic,Yes,No,No,No,No,No,Month-to-month,Yes,Electronic check,74.85,708.2,0,0.7608483373333763,1,Very High Risk,False,Priority 2,Offer incentive to move to a long-term contract | Encourage automatic payment adoption | Provide proactive onboarding and early engagement,2
7508-SMHXL,Female,1,No,No,15,Yes,Yes,Fiber optic,No,Yes,No,No,Yes,No,Month-to-month,No,Credit card (automatic),89.0,1288.3,0,0.7605078256846619,1,Very High Risk,False,Priority 2,Offer incentive to move to a long-term contract | Offer trial or discounted technical support | Promote bundled online security services,2
9638-JIQYA,Male,0,No,No,2,No,No phone service,DSL,No,No,No,No,No,No,Month-to-month,Yes,Credit card (automatic),24.9,49.7,0,0.7601820277587003,1,Very High Risk,False,Priority 2,Offer incentive to move to a long-term contract | Provide proactive onboarding and early engagement | Offer trial or discounted technical support,2
5760-FXFVO,Male,0,No,No,6,Yes,No,Fiber optic,Yes,Yes,No,No,No,No,Month-to-month,Yes,Electronic check,78.95,494.95,0,0.7597225506777519,1,Very High Risk,False,Priority 2,Offer incentive to move to a long-term contract | Encourage automatic payment adoption | Provide proactive onboarding and early engagement,2
5226-NOZFC,Male,0,No,No,26,Yes,No,Fiber optic,No,Yes,No,No,Yes,No,Month-to-month,Yes,Electronic check,85.75,2146.5,0,0.7591165167622274,1,Very High Risk,False,Priority 2,Offer incentive to move to a long-term contract | Encourage automatic payment adoption | Offer trial or discounted technical support,2
4360-PNRQB,Male,0,No,No,18,Yes,Yes,Fiber optic,No,No,No,No,No,No,Month-to-month,Yes,Bank transfer (automatic),75.6,1395.05,0,0.7590045646253369,1,Very High Risk,False,Priority 2,Offer incentive to move to a long-term contract | Offer trial or discounted technical support | Promote bundled online security services,2
8490-BXHEO,Male,1,No,No,18,Yes,Yes,Fiber optic,No,Yes,No,No,No,No,Month-to-month,Yes,Credit card (automatic),80.55,1411.65,0,0.7586768209636328,1,Very High Risk,False,Priority 2,Offer incentive to move to a long-term contract | Offer trial or discounted technical support | Promote bundled online security services,2
5543-QDCRY,Male,0,No,No,4,Yes,No,DSL,No,No,No,No,Yes,No,Month-to-month,Yes,Electronic check,56.4,234.85,0,0.7582422678751823,1,Very High Risk,False,Priority 2,Offer incentive to move to a long-term contract | Encourage automatic payment adoption | Provide proactive onboarding and early engagement,2
9529-OFXHY,Male,0,No,No,15,Yes,Yes,Fiber optic,Yes,No,No,No,Yes,No,Month-to-month,Yes,Bank transfer (automatic),87.75,1242.2,0,0.7570039741358355,1,Very High Risk,False,Priority 2,Offer incentive to move to a long-term contract | Offer trial or discounted technical support,2
0221-WMXNQ,Male,1,No,No,4,Yes,No,Fiber optic,Yes,No,No,No,No,No,Month-to-month,No,Electronic check,75.35,273.4,0,0.7567775567274322,1,Very High Risk,False,Priority 2,Offer incentive to move to a long-term contract | Encourage automatic payment adoption | Provide proactive onboarding and early engagement,2
7018-WBJNK,Male,0,No,Yes,13,Yes,No,Fiber optic,No,No,No,No,Yes,No,Month-to-month,Yes,Credit card (automatic),78.3,1033.95,0,0.7556602148548193,1,Very High Risk,False,Priority 2,Offer incentive to move to a long-term contract | Offer trial or discounted technical support | Promote bundled online security services,2
0817-HSUSE,Male,0,No,No,1,Yes,No,DSL,No,No,Yes,Yes,Yes,Yes,Month-to-month,Yes,Electronic check,75.5,75.5,0,0.7528978981657433,1,Very High Risk,False,Priority 2,Offer incentive to move to a long-term contract | Encourage automatic payment adoption | Provide proactive onboarding and early engagement,2
2916-BQZLN,Male,0,No,No,19,Yes,Yes,Fiber optic,Yes,No,Yes,No,No,No,Month-to-month,Yes,Electronic check,84.75,1651.95,0,0.7526382175213139,1,Very High Risk,False,Priority 2,Offer incentive to move to a long-term contract | Encourage automatic payment adoption | Offer trial or discounted technical support,2
3717-OEAUQ,Male,0,No,No,2,Yes,No,Fiber optic,No,No,No,No,No,No,Month-to-month,No,Mailed check,70.7,129.2,0,0.7519393331556765,1,Very High Risk,False,Priority 2,Offer incentive to move to a long-term contract | Provide proactive onboarding and early engagement | Offer trial or discounted technical support,2
6599-SFQVE,Female,0,No,No,6,Yes,No,DSL,No,No,No,No,No,Yes,Month-to-month,Yes,Electronic check,55.0,340.4,0,0.7517687175522934,1,Very High Risk,False,Priority 2,Offer incentive to move to a long-term contract | Encourage automatic payment adoption | Provide proactive onboarding and early engagement,2
3914-FDRHP,Male,0,No,No,9,Yes,No,Fiber optic,No,No,No,Yes,Yes,No,Month-to-month,No,Electronic check,86.25,770.5,0,0.7517220492666284,1,Very High Risk,False,Priority 2,Offer incentive to move to a long-term contract | Encourage automatic payment adoption | Provide proactive onboarding and early engagement,2
3312-ZWLGF,Male,1,Yes,No,29,Yes,Yes,Fiber optic,No,No,No,Yes,No,No,Month-to-month,Yes,Electronic check,79.3,2414.55,0,0.7516660018224394,1,Very High Risk,False,Priority 2,Offer incentive to move to a long-term contract | Encourage automatic payment adoption | Promote bundled online security services,2
4257-GAESD,Female,0,No,No,6,No,No phone service,DSL,No,No,No,No,Yes,Yes,Month-to-month,No,Credit card (automatic),45.0,298.7,0,0.7511793359857496,1,Very High Risk,False,Priority 2,Offer incentive to move to a long-term contract | Provide proactive onboarding and early engagement | Offer trial or discounted technical support,2
1384-RCUXW,Male,0,No,No,16,Yes,Yes,Fiber optic,No,Yes,No,No,No,No,Month-to-month,Yes,Mailed check,80.55,1248.9,0,0.7510908591862673,1,Very High Risk,False,Priority 2,Offer incentive to move to a long-term contract | Offer trial or discounted technical support | Promote bundled online security services,2
5215-LNLDJ,Female,0,Yes,Yes,7,No,No phone service,DSL,No,No,No,No,No,No,Month-to-month,Yes,Electronic check,24.7,149.05,0,0.7509600632283465,1,Very High Risk,False,Priority 2,Offer incentive to move to a long-term contract | Encourage automatic payment adoption | Provide proactive onboarding and early engagement,2
2692-BUCFV,Male,1,No,No,29,Yes,No,Fiber optic,No,Yes,Yes,No,Yes,Yes,Month-to-month,Yes,Bank transfer (automatic),101.45,2948.6,0,0.7499954107949488,1,High Risk,True,Priority 2,Offer incentive to move to a long-term contract | Conduct plan review or provide personalized retention offer | Offer trial or discounted technical support,2
0139-IVFJG,Female,0,Yes,No,2,Yes,No,Fiber optic,Yes,Yes,No,No,Yes,No,Month-to-month,No,Electronic check,90.35,190.5,0,0.7494083679624504,1,High Risk,True,Priority 2,Offer incentive to move to a long-term contract | Encourage automatic payment adoption | Provide proactive onboarding and early engagement,2
2507-QZPQS,Male,0,No,No,15,Yes,Yes,Fiber optic,No,Yes,No,Yes,No,Yes,Month-to-month,No,Electronic check,95.7,1451.1,0,0.7480475863293613,1,High Risk,True,Priority 2,Offer incentive to move to a long-term contract | Encourage automatic payment adoption | Conduct plan review or provide personalized retention offer,2
3352-ALMCK,Male,0,No,No,40,Yes,Yes,Fiber optic,No,Yes,Yes,No,Yes,Yes,Month-to-month,Yes,Mailed check,102.65,4108.15,0,0.7476578208073469,1,High Risk,True,Priority 2,Offer incentive to move to a long-term contract | Conduct plan review or provide personalized retention offer | Offer trial or discounted technical support,2
8012-SOUDQ,Female,1,No,No,43,Yes,Yes,Fiber optic,No,Yes,No,No,Yes,No,Month-to-month,Yes,Electronic check,90.25,3838.75,0,0.7471038263537277,1,High Risk,True,Priority 2,Offer incentive to move to a long-term contract | Encourage automatic payment adoption | Conduct plan review or provide personalized retention offer,2
3853-LYGAM,Male,0,No,No,17,Yes,Yes,Fiber optic,No,No,Yes,Yes,No,Yes,Month-to-month,Yes,Bank transfer (automatic),95.65,1640.0,0,0.7467054868576116,1,High Risk,True,Priority 2,Offer incentive to move to a long-term contract | Conduct plan review or provide personalized retention offer | Promote bundled online security services,2
5222-IMUKT,Male,0,No,No,32,Yes,No,Fiber optic,No,No,No,No,Yes,Yes,Month-to-month,No,Electronic check,91.05,2871.5,0,0.746586864278273,1,High Risk,True,Priority 2,Offer incentive to move to a long-term contract | Encourage automatic payment adoption | Conduct plan review or provide personalized retention offer,2
1194-HVAIF,Female,0,Yes,No,27,Yes,Yes,Fiber optic,No,No,No,No,Yes,Yes,Month-to-month,No,Credit card (automatic),95.0,2462.55,0,0.7464881006139288,1,High Risk,True,Priority 2,Offer incentive to move to a long-term contract | Conduct plan review or provide personalized retention offer | Offer trial or discounted technical support,2
2252-ISRNH,Male,0,Yes,Yes,9,Yes,Yes,Fiber optic,No,No,Yes,No,Yes,No,One year,Yes,Electronic check,90.35,767.9,0,0.7455593454802566,1,High Risk,True,Priority 2,Encourage automatic payment adoption | Provide proactive onboarding and early engagement | Conduct plan review or provide personalized retention offer,2
2018-PZKMU,Male,0,Yes,Yes,9,Yes,No,Fiber optic,No,No,Yes,Yes,Yes,Yes,Month-to-month,No,Electronic check,103.1,970.45,0,0.7454117943547798,1,High Risk,True,Priority 2,Offer incentive to move to a long-term contract | Encourage automatic payment adoption | Provide proactive onboarding and early engagement,2
8849-AYPTR,Male,0,Yes,No,33,Yes,No,Fiber optic,No,No,No,No,Yes,Yes,Month-to-month,No,Electronic check,91.25,2964.05,0,0.7435968463312279,1,High Risk,True,Priority 2,Offer incentive to move to a long-term contract | Encourage automatic payment adoption | Conduct plan review or provide personalized retention offer,2
0771-WLCLA,Female,0,Yes,Yes,16,Yes,Yes,Fiber optic,Yes,No,Yes,Yes,Yes,Yes,Month-to-month,Yes,Electronic check,112.95,1882.55,0,0.7427081226070011,1,High Risk,True,Priority 2,Offer incentive to move to a long-term contract | Encourage automatic payment adoption | Conduct plan review or provide personalized retention offer,2
2322-VCZHZ,Male,1,Yes,No,23,Yes,No,Fiber optic,Yes,Yes,No,No,No,Yes,Month-to-month,Yes,Electronic check,90.0,2024.1,0,0.742609137548431,1,High Risk,True,Priority 2,Offer incentive to move to a long-term contract | Encourage automatic payment adoption | Conduct plan review or provide personalized retention offer,2
2786-GCDPI,Female,1,No,No,50,Yes,Yes,Fiber optic,No,No,Yes,Yes,Yes,Yes,Month-to-month,Yes,Electronic check,104.95,5222.35,0,0.742297632470862,1,High Risk,True,Priority 2,Offer incentive to move to a long-term contract | Encourage automatic payment adoption | Conduct plan review or provide personalized retention offer,2
6522-YRBXD,Male,1,Yes,No,35,Yes,Yes,Fiber optic,Yes,Yes,No,No,No,Yes,Month-to-month,Yes,Electronic check,94.55,3365.4,0,0.7374613432747609,1,High Risk,True,Priority 2,Offer incentive to move to a long-term contract | Encourage automatic payment adoption | Conduct plan review or provide personalized retention offer,2
8059-UDZFY,Female,1,No,Yes,33,Yes,Yes,Fiber optic,No,Yes,Yes,No,Yes,Yes,Month-to-month,Yes,Bank transfer (automatic),105.35,3465.05,0,0.7368504901503651,1,High Risk,True,Priority 2,Offer incentive to move to a long-term contract | Conduct plan review or provide personalized retention offer | Offer trial or discounted technical support,2
2823-LKABH,Female,0,No,No,18,Yes,Yes,Fiber optic,No,No,Yes,Yes,No,Yes,Month-to-month,Yes,Bank transfer (automatic),95.05,1679.4,0,0.736554508676443,1,High Risk,True,Priority 2,Offer incentive to move to a long-term contract | Conduct plan review or provide personalized retention offer | Promote bundled online security services,2
8563-OYMQY,Male,0,No,No,17,Yes,No,Fiber optic,No,Yes,Yes,No,No,Yes,Month-to-month,Yes,Credit card (automatic),90.95,1612.2,0,0.736001544943542,1,High Risk,True,Priority 2,Offer incentive to move to a long-term contract | Conduct plan review or provide personalized retention offer | Offer trial or discounted technical support,2
5647-FXOTP,Female,1,Yes,No,60,Yes,Yes,Fiber optic,No,Yes,Yes,No,Yes,Yes,Month-to-month,Yes,Electronic check,105.9,6401.25,0,0.7353271253243451,1,High Risk,True,Priority 2,Offer incentive to move to a long-term contract | Encourage automatic payment adoption | Conduct plan review or provide personalized retention offer,2
1472-TNCWL,Male,0,No,Yes,36,Yes,No,Fiber optic,No,Yes,No,No,Yes,Yes,Month-to-month,Yes,Electronic check,94.7,3512.5,0,0.734051362703356,1,High Risk,True,Priority 2,Offer incentive to move to a long-term contract | Encourage automatic payment adoption | Conduct plan review or provide personalized retention offer,2
0376-OIWME,Male,0,Yes,No,36,Yes,No,Fiber optic,Yes,No,No,No,Yes,Yes,Month-to-month,Yes,Electronic check,93.6,3366.05,0,0.7318260625902812,1,High Risk,True,Priority 2,Offer incentive to move to a long-term contract | Encourage automatic payment adoption | Conduct plan review or provide personalized retention offer,2
4947-DSMXK,Male,0,Yes,Yes,34,Yes,Yes,Fiber optic,No,Yes,No,No,Yes,Yes,Month-to-month,Yes,Bank transfer (automatic),97.7,3410.0,0,0.7310114852570869,1,High Risk,True,Priority 2,Offer incentive to move to a long-term contract | Conduct plan review or provide personalized retention offer | Offer trial or discounted technical support,2
3167-SNQPL,Male,1,Yes,Yes,38,Yes,Yes,Fiber optic,No,Yes,No,No,Yes,Yes,Month-to-month,No,Electronic check,101.15,3741.85,0,0.730582236059826,1,High Risk,True,Priority 2,Offer incentive to move to a long-term contract | Encourage automatic payment adoption | Conduct plan review or provide personalized retention offer,2
6481-ESCNL,Female,0,No,No,29,Yes,Yes,Fiber optic,No,No,Yes,No,Yes,Yes,Month-to-month,No,Bank transfer (automatic),100.55,2878.75,0,0.7288460796487619,1,High Risk,True,Priority 2,Offer incentive to move to a long-term contract | Conduct plan review or provide personalized retention offer | Offer trial or discounted technical support,2
4879-GZLFH,Female,0,Yes,Yes,42,Yes,No,Fiber optic,No,No,Yes,No,Yes,Yes,Month-to-month,Yes,Electronic check,92.15,3875.4,0,0.7287598166246528,1,High Risk,True,Priority 2,Offer incentive to move to a long-term contract | Encourage automatic payment adoption | Conduct plan review or provide personalized retention offer,2
9508-ILZDG,Female,1,No,No,34,Yes,Yes,Fiber optic,No,Yes,No,Yes,Yes,No,Month-to-month,Yes,Electronic check,96.35,3190.25,0,0.7264932050004184,1,High Risk,True,Priority 2,Offer incentive to move to a long-term contract | Encourage automatic payment adoption | Conduct plan review or provide personalized retention offer,2
7048-GXDAY,Male,0,No,No,39,Yes,Yes,Fiber optic,Yes,Yes,No,No,Yes,Yes,Month-to-month,Yes,Electronic check,106.4,4040.65,0,0.726332443951778,1,High Risk,True,Priority 2,Offer incentive to move to a long-term contract | Encourage automatic payment adoption | Conduct plan review or provide personalized retention offer,2
2038-LLMLM,Female,0,No,No,48,Yes,Yes,Fiber optic,No,No,Yes,Yes,Yes,Yes,Month-to-month,Yes,Electronic check,103.85,4946.05,0,0.7258291730885346,1,High Risk,True,Priority 2,Offer incentive to move to a long-term contract | Encourage automatic payment adoption | Conduct plan review or provide personalized retention offer,2
1035-IPQPU,Female,1,Yes,No,63,Yes,Yes,Fiber optic,No,Yes,Yes,No,Yes,Yes,Month-to-month,Yes,Electronic check,103.5,6479.4,0,0.7255750743221493,1,High Risk,True,Priority 2,Offer incentive to move to a long-term contract | Encourage automatic payment adoption | Conduct plan review or provide personalized retention offer,2
2495-KZNFB,Female,0,No,No,33,Yes,Yes,Fiber optic,Yes,No,No,No,No,Yes,Month-to-month,Yes,Electronic check,90.65,2989.6,0,0.7252450758248066,1,High Risk,True,Priority 2,Offer incentive to move to a long-term contract | Encourage automatic payment adoption | Conduct plan review or provide personalized retention offer,2
7483-IQWIB,Male,0,Yes,Yes,37,Yes,Yes,Fiber optic,No,Yes,Yes,No,Yes,No,Month-to-month,Yes,Electronic check,92.95,3415.25,0,0.7241801131048268,1,High Risk,True,Priority 2,Offer incentive to move to a long-term contract | Encourage automatic payment adoption | Conduct plan review or provide personalized retention offer,2
9921-QFQUL,Female,0,Yes,No,23,Yes,Yes,Fiber optic,No,No,Yes,No,No,Yes,Month-to-month,No,Mailed check,90.15,2044.95,0,0.7236208916147547,1,High Risk,True,Priority 2,Offer incentive to move to a long-term contract | Conduct plan review or provide personalized retention offer | Offer trial or discounted technical support,2
3545-CNWRG,Female,0,Yes,Yes,49,Yes,Yes,Fiber optic,No,Yes,No,No,Yes,Yes,Month-to-month,Yes,Electronic check,98.35,4889.2,0,0.7234581886816913,1,High Risk,True,Priority 2,Offer incentive to move to a long-term contract | Encourage automatic payment adoption | Conduct plan review or provide personalized retention offer,2
3174-RKMOW,Male,0,Yes,Yes,35,Yes,Yes,Fiber optic,No,Yes,Yes,Yes,Yes,Yes,Month-to-month,Yes,Electronic check,109.95,3782.4,0,0.7232630721973258,1,High Risk,True,Priority 2,Offer incentive to move to a long-term contract | Encourage automatic payment adoption | Conduct plan review or provide personalized retention offer,2
4238-JSSWH,Female,1,Yes,No,35,Yes,Yes,Fiber optic,No,No,Yes,No,Yes,Yes,Month-to-month,No,Bank transfer (automatic),102.05,3452.55,0,0.7219388069051739,1,High Risk,True,Priority 2,Offer incentive to move to a long-term contract | Conduct plan review or provide personalized retention offer | Offer trial or discounted technical support,2
1482-OXZSY,Male,0,No,No,30,Yes,Yes,Fiber optic,Yes,No,No,No,Yes,Yes,Month-to-month,Yes,Bank transfer (automatic),100.4,2936.25,0,0.7216889528459289,1,High Risk,True,Priority 2,Offer incentive to move to a long-term contract | Conduct plan review or provide personalized retention offer | Offer trial or discounted technical support,2
7181-OQCUT,Male,0,No,No,21,Yes,Yes,Fiber optic,Yes,No,Yes,No,Yes,Yes,Month-to-month,No,Mailed check,103.85,2215.0,0,0.7192543033602403,1,High Risk,True,Priority 2,Offer incentive to move to a long-term contract | Conduct plan review or provide personalized retention offer | Offer trial or discounted technical support,2
1320-REHCS,Male,1,No,No,52,Yes,Yes,Fiber optic,No,Yes,Yes,Yes,Yes,Yes,Month-to-month,Yes,Electronic check,110.75,5832.0,0,0.7190495155110399,1,High Risk,True,Priority 2,Offer incentive to move to a long-term contract | Encourage automatic payment adoption | Conduct plan review or provide personalized retention offer,2
8212-DJRCH,Male,0,Yes,Yes,5,Yes,No,Fiber optic,Yes,No,Yes,No,No,Yes,Month-to-month,Yes,Mailed check,90.35,434.5,0,0.7185639807023912,1,High Risk,True,Priority 2,Offer incentive to move to a long-term contract | Provide proactive onboarding and early engagement | Conduct plan review or provide personalized retention offer,2
8378-LKJAF,Male,0,Yes,Yes,38,Yes,Yes,Fiber optic,No,No,Yes,No,Yes,Yes,Month-to-month,Yes,Credit card (automatic),101.15,3956.7,0,0.718490091336781,1,High Risk,True,Priority 2,Offer incentive to move to a long-term contract | Conduct plan review or provide personalized retention offer | Offer trial or discounted technical support,2
3587-PMCOY,Male,0,No,No,10,Yes,No,Fiber optic,Yes,No,Yes,No,Yes,Yes,One year,Yes,Electronic check,98.9,1064.95,0,0.7169830181237566,1,High Risk,True,Priority 2,Encourage automatic payment adoption | Provide proactive onboarding and early engagement | Conduct plan review or provide personalized retention offer,2
5331-RGMTT,Male,1,Yes,No,54,Yes,Yes,Fiber optic,No,No,Yes,No,Yes,Yes,Month-to-month,Yes,Credit card (automatic),99.05,5295.7,0,0.7148842963083059,1,High Risk,True,Priority 2,Offer incentive to move to a long-term contract | Conduct plan review or provide personalized retention offer | Offer trial or discounted technical support,2
9904-EHEVJ,Female,1,Yes,Yes,32,Yes,Yes,Fiber optic,No,No,Yes,No,Yes,No,Month-to-month,Yes,Mailed check,91.35,2896.55,0,0.7147160691816818,1,High Risk,True,Priority 2,Offer incentive to move to a long-term contract | Conduct plan review or provide personalized retention offer | Offer trial or discounted technical support,2
5982-FPVQN,Female,0,Yes,Yes,37,Yes,Yes,Fiber optic,No,Yes,Yes,No,No,Yes,Month-to-month,Yes,Electronic check,95.15,3532.85,0,0.7139862303153427,1,High Risk,True,Priority 2,Offer incentive to move to a long-term contract | Encourage automatic payment adoption | Conduct plan review or provide personalized retention offer,2
2874-YXVVA,Female,0,No,No,34,Yes,No,Fiber optic,No,Yes,Yes,Yes,Yes,Yes,Month-to-month,Yes,Electronic check,105.1,3634.8,0,0.7136450386317776,1,High Risk,True,Priority 2,Offer incentive to move to a long-term contract | Encourage automatic payment adoption | Conduct plan review or provide personalized retention offer,2
0111-KLBQG,Male,1,Yes,Yes,32,Yes,No,Fiber optic,No,Yes,No,No,Yes,Yes,Month-to-month,Yes,Mailed check,93.95,2861.45,0,0.713085699799548,1,High Risk,True,Priority 2,Offer incentive to move to a long-term contract | Conduct plan review or provide personalized retention offer | Offer trial or discounted technical support,2
2378-VTKDH,Male,1,Yes,No,65,Yes,Yes,Fiber optic,No,Yes,Yes,No,Yes,Yes,Month-to-month,Yes,Electronic check,104.35,6578.55,0,0.7122291635605196,1,High Risk,True,Priority 2,Offer incentive to move to a long-term contract | Encourage automatic payment adoption | Conduct plan review or provide personalized retention offer,2
7268-IGMFD,Male,1,No,No,18,Yes,Yes,Fiber optic,No,No,Yes,Yes,Yes,No,Month-to-month,No,Bank transfer (automatic),93.9,1743.9,0,0.7115774517812583,1,High Risk,True,Priority 2,Offer incentive to move to a long-term contract | Conduct plan review or provide personalized retention offer | Promote bundled online security services,2
7852-LECYP,Male,1,Yes,No,13,Yes,Yes,Fiber optic,Yes,Yes,No,No,No,Yes,Month-to-month,No,Credit card (automatic),93.8,1261.0,0,0.7115710813045371,1,High Risk,True,Priority 2,Offer incentive to move to a long-term contract | Conduct plan review or provide personalized retention offer | Offer trial or discounted technical support,2
9979-RGMZT,Female,0,No,No,7,Yes,No,Fiber optic,No,Yes,No,No,Yes,Yes,One year,Yes,Mailed check,94.05,633.45,0,0.7114198713850842,1,High Risk,True,Priority 2,Provide proactive onboarding and early engagement | Conduct plan review or provide personalized retention offer | Offer trial or discounted technical support,2
7011-CVEUC,Male,0,Yes,No,25,Yes,No,Fiber optic,No,No,No,Yes,Yes,Yes,Month-to-month,Yes,Credit card (automatic),95.7,2338.35,0,0.7112174647067285,1,High Risk,True,Priority 2,Offer incentive to move to a long-term contract | Conduct plan review or provide personalized retention offer | Promote bundled online security services,2
8272-ONJLV,Male,0,No,No,12,Yes,No,Fiber optic,No,No,Yes,No,Yes,Yes,One year,No,Electronic check,95.7,1184.0,0,0.7095624333301784,1,High Risk,True,Priority 2,Encourage automatic payment adoption | Provide proactive onboarding and early engagement | Conduct plan review or provide personalized retention offer,2
5129-JLPIS,Male,0,No,No,25,Yes,No,Fiber optic,Yes,No,Yes,Yes,Yes,Yes,Month-to-month,Yes,Electronic check,105.5,2686.05,0,0.7095203641485008,1,High Risk,True,Priority 2,Offer incentive to move to a long-term contract | Encourage automatic payment adoption | Conduct plan review or provide personalized retention offer,2
9168-INPSZ,Female,1,Yes,No,44,Yes,Yes,Fiber optic,No,No,Yes,Yes,Yes,Yes,Month-to-month,No,Electronic check,104.15,4495.65,0,0.7092706606680779,1,High Risk,True,Priority 2,Offer incentive to move to a long-term contract | Encourage automatic payment adoption | Conduct plan review or provide personalized retention offer,2
9281-OFDMF,Male,1,No,No,39,Yes,Yes,Fiber optic,No,Yes,No,No,No,Yes,Month-to-month,No,Electronic check,90.7,3413.25,0,0.7088908029001114,1,High Risk,True,Priority 2,Offer incentive to move to a long-term contract | Encourage automatic payment adoption | Conduct plan review or provide personalized retention offer,2
2277-DJJDL,Male,1,Yes,No,60,Yes,Yes,Fiber optic,No,No,No,Yes,Yes,Yes,Month-to-month,Yes,Electronic check,99.0,6017.9,0,0.7084161325724601,1,High Risk,True,Priority 2,Offer incentive to move to a long-term contract | Encourage automatic payment adoption | Conduct plan review or provide personalized retention offer,2
6693-FRIRW,Male,0,No,No,18,Yes,No,Fiber optic,No,Yes,Yes,No,Yes,Yes,Month-to-month,No,Credit card (automatic),101.3,1794.65,0,0.7082344424322573,1,High Risk,True,Priority 2,Offer incentive to move to a long-term contract | Conduct plan review or provide personalized retention offer | Offer trial or discounted technical support,2
3071-VBYPO,Male,0,Yes,Yes,3,Yes,No,Fiber optic,Yes,Yes,No,No,Yes,No,Month-to-month,No,Electronic check,89.85,248.4,0,0.7069625445332696,1,High Risk,True,Priority 2,Offer incentive to move to a long-term contract | Encourage automatic payment adoption | Provide proactive onboarding and early engagement,2
7233-DRTRF,Male,0,Yes,No,63,Yes,Yes,Fiber optic,No,Yes,Yes,No,Yes,Yes,Month-to-month,Yes,Electronic check,102.4,6444.05,0,0.7065161089843705,1,High Risk,True,Priority 2,Offer incentive to move to a long-term contract | Encourage automatic payment adoption | Conduct plan review or provide personalized retention offer,2
2587-EKXTS,Male,0,No,No,44,Yes,Yes,Fiber optic,Yes,Yes,Yes,No,Yes,Yes,Month-to-month,Yes,Electronic check,111.5,4915.15,0,0.7059262147843065,1,High Risk,True,Priority 2,Offer incentive to move to a long-term contract | Encourage automatic payment adoption | Conduct plan review or provide personalized retention offer,2
4553-DVPZG,Female,0,Yes,No,62,Yes,Yes,Fiber optic,No,No,Yes,No,Yes,Yes,Month-to-month,Yes,Electronic check,101.35,6164.7,0,0.7052791124043812,1,High Risk,True,Priority 2,Offer incentive to move to a long-term contract | Encourage automatic payment adoption | Conduct plan review or provide personalized retention offer,2
9793-WECQC,Male,0,No,No,23,Yes,No,Fiber optic,No,Yes,No,No,Yes,Yes,Month-to-month,No,Mailed check,95.3,2192.9,0,0.7048851587616248,1,High Risk,True,Priority 2,Offer incentive to move to a long-term contract | Conduct plan review or provide personalized retention offer | Offer trial or discounted technical support,2
9278-VZKCD,Female,1,Yes,No,52,Yes,Yes,Fiber optic,Yes,Yes,Yes,No,Yes,Yes,Month-to-month,Yes,Electronic check,109.1,5647.95,0,0.7045757035790735,1,High Risk,True,Priority 2,Offer incentive to move to a long-term contract | Encourage automatic payment adoption | Conduct plan review or provide personalized retention offer,2
1550-EENBN,Female,0,No,No,31,Yes,Yes,Fiber optic,Yes,Yes,No,No,Yes,Yes,Month-to-month,No,Electronic check,104.35,3205.6,0,0.7045054544966084,1,High Risk,True,Priority 2,Offer incentive to move to a long-term contract | Encourage automatic payment adoption | Conduct plan review or provide personalized retention offer,2
6988-CJEYV,Male,0,No,No,49,Yes,Yes,Fiber optic,No,Yes,No,No,Yes,Yes,Month-to-month,No,Electronic check,98.7,4920.55,0,0.7040140992474608,1,High Risk,True,Priority 2,Offer incentive to move to a long-term contract | Encourage automatic payment adoption | Conduct plan review or provide personalized retention offer,2
8058-DMYRU,Male,1,No,No,54,Yes,Yes,Fiber optic,No,Yes,No,No,No,Yes,Month-to-month,Yes,Electronic check,90.05,4931.8,0,0.7037691390731706,1,High Risk,True,Priority 2,Offer incentive to move to a long-term contract | Encourage automatic payment adoption | Conduct plan review or provide personalized retention offer,2
8785-CJSHH,Female,0,Yes,No,60,Yes,Yes,Fiber optic,No,Yes,No,No,Yes,Yes,Month-to-month,Yes,Electronic check,99.8,5985.75,0,0.7032905574186007,1,High Risk,True,Priority 2,Offer incentive to move to a long-term contract | Encourage automatic payment adoption | Conduct plan review or provide personalized retention offer,2
6377-WHAOX,Female,0,Yes,No,60,Yes,Yes,Fiber optic,No,Yes,Yes,No,Yes,Yes,Month-to-month,Yes,Electronic check,106.15,6411.25,0,0.7032165850891212,1,High Risk,True,Priority 2,Offer incentive to move to a long-term contract | Encourage automatic payment adoption | Conduct plan review or provide personalized retention offer,2
2974-GGUXS,Female,1,Yes,No,36,Yes,Yes,Fiber optic,No,Yes,No,No,Yes,No,Month-to-month,Yes,Credit card (automatic),91.95,3301.05,0,0.702726568210326,1,High Risk,True,Priority 2,Offer incentive to move to a long-term contract | Conduct plan review or provide personalized retention offer | Offer trial or discounted technical support,2
9927-DSWDF,Male,0,Yes,No,22,Yes,No,Fiber optic,Yes,Yes,No,Yes,Yes,Yes,Month-to-month,Yes,Electronic check,104.6,2180.55,0,0.7022966872856211,1,High Risk,True,Priority 2,Offer incentive to move to a long-term contract | Encourage automatic payment adoption | Conduct plan review or provide personalized retention offer,2
9576-SYUHJ,Male,0,No,No,37,Yes,Yes,Fiber optic,Yes,No,No,No,Yes,No,Month-to-month,Yes,Electronic check,91.15,3369.25,0,0.7017139435756921,1,High Risk,True,Priority 2,Offer incentive to move to a long-term contract | Encourage automatic payment adoption | Conduct plan review or provide personalized retention offer,2
1013-QCWAM,Female,1,Yes,No,66,Yes,Yes,Fiber optic,No,Yes,No,No,Yes,Yes,Month-to-month,Yes,Electronic check,100.8,6690.75,0,0.7014466769688064,1,High Risk,True,Priority 2,Offer incentive to move to a long-term contract | Encourage automatic payment adoption | Conduct plan review or provide personalized retention offer,2
2227-JRSJX,Female,0,No,No,21,Yes,No,Fiber optic,No,Yes,No,Yes,Yes,Yes,Month-to-month,Yes,Bank transfer (automatic),99.15,1956.4,0,0.6985156610321183,1,High Risk,True,Priority 2,Offer incentive to move to a long-term contract | Conduct plan review or provide personalized retention offer | Promote bundled online security services,2
5649-RXQTV,Male,0,No,No,51,Yes,No,Fiber optic,No,Yes,Yes,No,Yes,Yes,Month-to-month,Yes,Electronic check,99.0,5038.15,0,0.698060840104462,1,High Risk,True,Priority 2,Offer incentive to move to a long-term contract | Encourage automatic payment adoption | Conduct plan review or provide personalized retention offer,2
3323-CPBWR,Male,0,No,No,23,Yes,Yes,Fiber optic,No,No,Yes,Yes,Yes,No,Month-to-month,Yes,Credit card (automatic),96.9,2085.45,0,0.696752836397275,1,High Risk,True,Priority 2,Offer incentive to move to a long-term contract | Conduct plan review or provide personalized retention offer | Promote bundled online security services,2
5461-QKNTN,Male,1,Yes,No,43,Yes,Yes,Fiber optic,No,Yes,No,Yes,Yes,No,Month-to-month,Yes,Electronic check,94.3,3953.15,0,0.6967116913672514,1,High Risk,True,Priority 2,Offer incentive to move to a long-term contract | Encourage automatic payment adoption | Conduct plan review or provide personalized retention offer,2
6486-LHTMA,Female,1,Yes,No,31,Yes,Yes,Fiber optic,No,No,Yes,No,Yes,No,One year,Yes,Electronic check,90.7,2835.5,0,0.6946237085403614,1,High Risk,True,Priority 2,Encourage automatic payment adoption | Conduct plan review or provide personalized retention offer | Offer trial or discounted technical support,2
1833-TCXKK,Male,0,Yes,No,45,Yes,Yes,Fiber optic,No,Yes,Yes,No,Yes,Yes,Month-to-month,Yes,Bank transfer (automatic),107.75,4882.8,0,0.6942979950524697,1,High Risk,True,Priority 2,Offer incentive to move to a long-term contract | Conduct plan review or provide personalized retention offer | Offer trial or discounted technical support,2
7982-VCELR,Female,0,No,No,36,Yes,No,Fiber optic,No,Yes,No,No,Yes,Yes,Month-to-month,Yes,Credit card (automatic),94.8,3565.65,0,0.6937339630980516,1,High Risk,True,Priority 2,Offer incentive to move to a long-term contract | Conduct plan review or provide personalized retention offer | Offer trial or discounted technical support,2
6741-EGCBI,Male,1,No,No,30,Yes,Yes,Fiber optic,Yes,No,No,No,No,Yes,Month-to-month,Yes,Credit card (automatic),90.5,2595.85,0,0.6936274700986141,1,High Risk,True,Priority 2,Offer incentive to move to a long-term contract | Conduct plan review or provide personalized retention offer | Offer trial or discounted technical support,2
2347-WKKAE,Male,0,Yes,No,42,Yes,Yes,Fiber optic,Yes,No,Yes,No,No,Yes,Month-to-month,Yes,Electronic check,94.4,4014.6,0,0.6915352220180777,1,High Risk,True,Priority 2,Offer incentive to move to a long-term contract | Encourage automatic payment adoption | Conduct plan review or provide personalized retention offer,2
0468-YRPXN,Male,0,No,No,29,Yes,No,Fiber optic,No,No,Yes,Yes,Yes,Yes,Month-to-month,Yes,Credit card (automatic),98.8,2807.1,0,0.6912109539157401,1,High Risk,True,Priority 2,Offer incentive to move to a long-term contract | Conduct plan review or provide personalized retention offer | Promote bundled online security services,2
1173-NOEYG,Female,0,Yes,No,27,Yes,Yes,Fiber optic,No,No,Yes,No,No,Yes,Month-to-month,No,Bank transfer (automatic),90.15,2423.4,0,0.6899593887219821,1,High Risk,True,Priority 2,Offer incentive to move to a long-term contract | Conduct plan review or provide personalized retention offer | Offer trial or discounted technical support,2
1855-AGAWH,Male,0,Yes,No,31,Yes,No,Fiber optic,No,No,Yes,No,Yes,Yes,One year,Yes,Electronic check,93.8,2939.8,0,0.6873916129805562,1,High Risk,True,Priority 2,Encourage automatic payment adoption | Conduct plan review or provide personalized retention offer | Offer trial or discounted technical support,2
7813-ZGGAW,Male,1,No,No,31,Yes,Yes,Fiber optic,No,No,Yes,Yes,Yes,No,Month-to-month,Yes,Bank transfer (automatic),96.6,2877.95,0,0.6869903245978132,1,High Risk,True,Priority 2,Offer incentive to move to a long-term contract | Conduct plan review or provide personalized retention offer | Promote bundled online security services,2
6862-CQUMB,Male,0,No,No,37,Yes,No,Fiber optic,No,Yes,No,No,Yes,Yes,Month-to-month,Yes,Credit card (automatic),96.1,3646.8,0,0.6858292039578122,1,High Risk,True,Priority 2,Offer incentive to move to a long-term contract | Conduct plan review or provide personalized retention offer | Offer trial or discounted technical support,2
3524-WQDSG,Female,0,Yes,Yes,43,Yes,Yes,Fiber optic,No,No,Yes,No,Yes,Yes,Month-to-month,Yes,Bank transfer (automatic),99.3,4209.95,0,0.685366934428063,1,High Risk,True,Priority 2,Offer incentive to move to a long-term contract | Conduct plan review or provide personalized retention offer | Offer trial or discounted technical support,2
4811-JBUVU,Male,0,No,No,30,Yes,Yes,Fiber optic,No,No,No,Yes,No,Yes,Month-to-month,Yes,Credit card (automatic),89.9,2723.15,0,0.684946101662943,1,High Risk,True,Priority 2,Offer incentive to move to a long-term contract | Conduct plan review or provide personalized retention offer | Promote bundled online security services,2
4840-ORQXB,Female,1,No,No,56,Yes,Yes,Fiber optic,No,Yes,Yes,No,Yes,Yes,Month-to-month,No,Electronic check,104.75,5841.35,0,0.6841608056505903,1,High Risk,True,Priority 2,Offer incentive to move to a long-term contract | Encourage automatic payment adoption | Conduct plan review or provide personalized retention offer,2
4619-EVPHY,Female,1,Yes,No,20,Yes,No,Fiber optic,No,No,No,No,Yes,Yes,One year,Yes,Bank transfer (automatic),91.0,1859.5,0,0.6837868919272722,1,High Risk,True,Priority 2,Conduct plan review or provide personalized retention offer | Offer trial or discounted technical support | Promote bundled online security services,2
9699-UBQFS,Female,1,Yes,No,43,Yes,Yes,Fiber optic,Yes,Yes,No,No,Yes,No,Month-to-month,Yes,Electronic check,94.5,4156.8,0,0.6832245266768702,1,High Risk,True,Priority 2,Offer incentive to move to a long-term contract | Encourage automatic payment adoption | Conduct plan review or provide personalized retention offer,2
3161-GETRM,Male,0,Yes,Yes,34,Yes,Yes,Fiber optic,No,No,Yes,No,No,Yes,Month-to-month,Yes,Credit card (automatic),90.05,3097.0,0,0.6813225765740355,1,High Risk,True,Priority 2,Offer incentive to move to a long-term contract | Conduct plan review or provide personalized retention offer | Offer trial or discounted technical support,2
0564-MUUQK,Female,0,Yes,Yes,20,Yes,Yes,Fiber optic,No,No,Yes,Yes,No,Yes,Month-to-month,Yes,Bank transfer (automatic),95.5,1916.2,0,0.68126999984554,1,High Risk,True,Priority 2,Offer incentive to move to a long-term contract | Conduct plan review or provide personalized retention offer | Promote bundled online security services,2
0177-PXBAT,Male,1,Yes,No,33,Yes,Yes,Fiber optic,Yes,No,Yes,Yes,Yes,Yes,Month-to-month,Yes,Bank transfer (automatic),109.9,3694.7,0,0.6803029389741888,1,High Risk,True,Priority 2,Offer incentive to move to a long-term contract | Conduct plan review or provide personalized retention offer,2
8782-LKFPK,Male,0,No,No,44,Yes,Yes,Fiber optic,No,No,Yes,No,No,Yes,Month-to-month,Yes,Mailed check,90.4,4063.0,0,0.6792150617101281,1,High Risk,True,Priority 2,Offer incentive to move to a long-term contract | Conduct plan review or provide personalized retention offer | Offer trial or discounted technical support,2
7529-ZDFXI,Male,1,Yes,No,57,Yes,Yes,Fiber optic,No,Yes,No,No,No,Yes,Month-to-month,Yes,Electronic check,89.85,4925.35,0,0.6785272415706003,1,High Risk,True,Priority 2,Offer incentive to move to a long-term contract | Encourage automatic payment adoption | Conduct plan review or provide personalized retention offer,2
6075-SLNIL,Male,0,No,No,38,Yes,Yes,Fiber optic,No,Yes,Yes,No,No,Yes,Month-to-month,Yes,Credit card (automatic),95.1,3691.2,0,0.6782790925434998,1,High Risk,True,Priority 2,Offer incentive to move to a long-term contract | Conduct plan review or provide personalized retention offer | Offer trial or discounted technical support,2
7682-AZNDK,Male,0,Yes,Yes,34,Yes,No,Fiber optic,No,Yes,Yes,No,Yes,No,Month-to-month,Yes,Electronic check,89.85,3091.75,0,0.6773515835554983,1,High Risk,True,Priority 2,Offer incentive to move to a long-term contract | Encourage automatic payment adoption | Conduct plan review or provide personalized retention offer,2
5312-UXESG,Female,0,No,No,41,Yes,Yes,Fiber optic,No,No,Yes,No,Yes,Yes,Month-to-month,No,Bank transfer (automatic),98.05,3990.6,0,0.6770822969704351,1,High Risk,True,Priority 2,Offer incentive to move to a long-term contract | Conduct plan review or provide personalized retention offer | Offer trial or discounted technical support,2
2573-GYRUU,Male,1,Yes,No,48,Yes,Yes,Fiber optic,No,No,Yes,No,No,Yes,Month-to-month,Yes,Credit card (automatic),91.05,4370.75,0,0.6738575547968999,1,High Risk,True,Priority 2,Offer incentive to move to a long-term contract | Conduct plan review or provide personalized retention offer | Offer trial or discounted technical support,2
9714-EDSUC,Male,0,No,No,4,Yes,No,Fiber optic,Yes,Yes,No,Yes,No,Yes,Month-to-month,Yes,Mailed check,94.9,360.55,0,0.6734843206488115,1,High Risk,True,Priority 2,Offer incentive to move to a long-term contract | Provide proactive onboarding and early engagement | Conduct plan review or provide personalized retention offer,2
1469-LBJQJ,Female,0,Yes,No,66,Yes,Yes,Fiber optic,No,Yes,Yes,No,Yes,Yes,Month-to-month,Yes,Electronic check,105.2,6936.85,0,0.6731963632550475,1,High Risk,True,Priority 2,Offer incentive to move to a long-term contract | Encourage automatic payment adoption | Conduct plan review or provide personalized retention offer,2
9469-WEJBT,Male,0,Yes,No,37,Yes,No,Fiber optic,No,No,Yes,Yes,No,Yes,Month-to-month,Yes,Electronic check,90.35,3419.3,0,0.671781603494726,1,High Risk,True,Priority 2,Offer incentive to move to a long-term contract | Encourage automatic payment adoption | Conduct plan review or provide personalized retention offer,2
3932-IJWDZ,Male,0,No,No,45,Yes,Yes,Fiber optic,No,No,Yes,Yes,Yes,Yes,Month-to-month,Yes,Bank transfer (automatic),103.65,4747.85,0,0.6698780158775172,1,High Risk,True,Priority 2,Offer incentive to move to a long-term contract | Conduct plan review or provide personalized retention offer | Promote bundled online security services,2
3466-RITXD,Male,0,No,No,26,Yes,Yes,Fiber optic,Yes,Yes,No,No,Yes,No,Month-to-month,Yes,Credit card (automatic),92.4,2349.8,0,0.6696782665727318,1,High Risk,True,Priority 2,Offer incentive to move to a long-term contract | Conduct plan review or provide personalized retention offer | Offer trial or discounted technical support,2
3197-ARFOY,Female,1,No,No,19,Yes,No,Fiber optic,Yes,Yes,No,Yes,Yes,Yes,Month-to-month,Yes,Mailed check,105.0,2007.25,0,0.6691119078339737,1,High Risk,True,Priority 2,Offer incentive to move to a long-term contract | Conduct plan review or provide personalized retention offer,2
4220-TINQT,Female,0,Yes,No,61,Yes,Yes,Fiber optic,No,No,Yes,Yes,Yes,Yes,Month-to-month,Yes,Electronic check,106.35,6751.35,0,0.6656085224523393,1,High Risk,True,Priority 2,Offer incentive to move to a long-term contract | Encourage automatic payment adoption | Conduct plan review or provide personalized retention offer,2
2208-UGTGR,Male,0,No,No,56,Yes,Yes,Fiber optic,No,Yes,No,No,Yes,Yes,Month-to-month,No,Electronic check,98.6,5581.05,0,0.6641656138243948,1,High Risk,True,Priority 2,Offer incentive to move to a long-term contract | Encourage automatic payment adoption | Conduct plan review or provide personalized retention offer,2
8982-NHAVY,Male,0,No,No,27,Yes,Yes,Fiber optic,No,No,Yes,No,Yes,Yes,One year,Yes,Bank transfer (automatic),100.5,2673.45,0,0.6639612465070586,1,High Risk,True,Priority 2,Conduct plan review or provide personalized retention offer | Offer trial or discounted technical support | Promote bundled online security services,2
0380-NEAVX,Male,1,No,No,34,Yes,No,Fiber optic,No,Yes,Yes,No,Yes,Yes,One year,Yes,Electronic check,99.85,3343.15,0,0.662352475408,1,High Risk,True,Priority 2,Encourage automatic payment adoption | Conduct plan review or provide personalized retention offer | Offer trial or discounted technical support,2
8384-FZBJK,Female,0,Yes,Yes,57,Yes,Yes,Fiber optic,No,Yes,No,No,Yes,Yes,Month-to-month,Yes,Electronic check,100.6,5611.7,0,0.6615789938524528,1,High Risk,True,Priority 2,Offer incentive to move to a long-term contract | Encourage automatic payment adoption | Conduct plan review or provide personalized retention offer,2
5716-LIBJC,Female,0,No,Yes,13,Yes,Yes,Fiber optic,No,Yes,Yes,No,Yes,Yes,One year,Yes,Credit card (automatic),104.15,1299.1,0,0.6602944127580118,1,High Risk,True,Priority 2,Conduct plan review or provide personalized retention offer | Offer trial or discounted technical support | Promote bundled online security services,2
2085-BOJKI,Male,0,Yes,No,17,Yes,No,Fiber optic,No,No,Yes,No,Yes,Yes,One year,Yes,Bank transfer (automatic),96.65,1588.25,0,0.6602517333340374,1,High Risk,True,Priority 2,Conduct plan review or provide personalized retention offer | Offer trial or discounted technical support | Promote bundled online security services,2
5302-BDJNT,Male,0,No,No,35,Yes,Yes,Fiber optic,No,No,Yes,Yes,Yes,No,Month-to-month,No,Electronic check,95.5,3418.2,0,0.6598809411452367,1,High Risk,True,Priority 2,Offer incentive to move to a long-term contract | Encourage automatic payment adoption | Conduct plan review or provide personalized retention offer,2
1685-BQULA,Female,0,No,No,40,Yes,Yes,Fiber optic,No,Yes,Yes,No,Yes,No,Month-to-month,Yes,Bank transfer (automatic),93.4,3756.4,0,0.6587068244158225,1,High Risk,True,Priority 2,Offer incentive to move to a long-term contract | Conduct plan review or provide personalized retention offer | Offer trial or discounted technical support,2
5886-VLQVU,Male,0,Yes,No,35,Yes,Yes,Fiber optic,No,No,No,Yes,No,Yes,Month-to-month,Yes,Bank transfer (automatic),89.85,3161.2,0,0.657548984954232,1,High Risk,True,Priority 2,Offer incentive to move to a long-term contract | Conduct plan review or provide personalized retention offer | Promote bundled online security services,2
0577-WHMEV,Female,0,Yes,No,16,Yes,Yes,Fiber optic,Yes,Yes,Yes,No,No,No,Month-to-month,No,Electronic check,90.7,1374.9,0,0.6573802182206537,1,High Risk,True,Priority 2,Offer incentive to move to a long-term contract | Encourage automatic payment adoption | Conduct plan review or provide personalized retention offer,2
8631-WUXGY,Female,0,No,Yes,46,Yes,No,Fiber optic,No,Yes,Yes,No,Yes,Yes,Month-to-month,Yes,Electronic check,99.8,4391.25,0,0.6565552128275259,1,High Risk,True,Priority 2,Offer incentive to move to a long-term contract | Encourage automatic payment adoption | Conduct plan review or provide personalized retention offer,2
8468-EHYJA,Female,0,Yes,No,57,Yes,Yes,Fiber optic,Yes,No,No,No,Yes,Yes,Month-to-month,Yes,Electronic check,99.65,5497.05,0,0.6555256655473575,1,High Risk,True,Priority 2,Offer incentive to move to a long-term contract | Encourage automatic payment adoption | Conduct plan review or provide personalized retention offer,2
4760-THGOT,Female,0,Yes,No,43,Yes,Yes,Fiber optic,Yes,Yes,No,No,No,Yes,Month-to-month,Yes,Electronic check,94.1,4107.3,0,0.6554150157101237,1,High Risk,True,Priority 2,Offer incentive to move to a long-term contract | Encourage automatic payment adoption | Conduct plan review or provide personalized retention offer,2
9408-HRXRK,Female,0,Yes,Yes,45,Yes,Yes,Fiber optic,Yes,Yes,No,No,Yes,Yes,Month-to-month,Yes,Electronic check,105.15,4730.9,0,0.6539139670918361,1,High Risk,True,Priority 2,Offer incentive to move to a long-term contract | Encourage automatic payment adoption | Conduct plan review or provide personalized retention offer,2
1728-CXQBE,Male,1,Yes,No,64,Yes,Yes,Fiber optic,No,Yes,Yes,No,No,Yes,Month-to-month,Yes,Electronic check,94.25,6081.4,0,0.653517578647311,1,High Risk,True,Priority 2,Offer incentive to move to a long-term contract | Encourage automatic payment adoption | Conduct plan review or provide personalized retention offer,2
2105-PHWON,Female,0,Yes,No,33,Yes,Yes,Fiber optic,No,No,Yes,Yes,No,Yes,Month-to-month,Yes,Credit card (automatic),95.0,3008.15,0,0.6522382308575637,1,High Risk,True,Priority 2,Offer incentive to move to a long-term contract | Conduct plan review or provide personalized retention offer | Promote bundled online security services,2
7064-FRRSW,Male,1,No,No,48,Yes,Yes,Fiber optic,No,Yes,No,No,Yes,Yes,One year,Yes,Electronic check,99.0,4744.35,0,0.6519260829819996,1,High Risk,True,Priority 2,Encourage automatic payment adoption | Conduct plan review or provide personalized retention offer | Offer trial or discounted technical support,2
5712-AHQNN,Female,0,No,No,43,Yes,No,Fiber optic,No,Yes,Yes,No,Yes,No,Month-to-month,Yes,Electronic check,91.65,3954.1,0,0.6514076691282693,1,High Risk,True,Priority 2,Offer incentive to move to a long-term contract | Encourage automatic payment adoption | Conduct plan review or provide personalized retention offer,2
3005-TYFRD,Female,0,Yes,No,55,Yes,Yes,Fiber optic,No,Yes,Yes,No,Yes,Yes,Month-to-month,Yes,Credit card (automatic),103.65,5676.65,0,0.649484722906691,1,High Risk,True,Priority 2,Offer incentive to move to a long-term contract | Conduct plan review or provide personalized retention offer | Offer trial or discounted technical support,2
6635-CPNUN,Male,0,Yes,No,28,Yes,Yes,Fiber optic,No,Yes,Yes,No,Yes,No,Month-to-month,No,Credit card (automatic),96.6,2684.35,0,0.6480156834964276,1,High Risk,True,Priority 2,Offer incentive to move to a long-term contract | Conduct plan review or provide personalized retention offer | Offer trial or discounted technical support,2
7272-QDCKA,Male,0,No,No,28,Yes,Yes,Fiber optic,No,Yes,No,No,Yes,Yes,One year,No,Electronic check,100.2,2688.45,0,0.6460369784270713,1,High Risk,True,Priority 2,Encourage automatic payment adoption | Conduct plan review or provide personalized retention offer | Offer trial or discounted technical support,2
0701-RFGFI,Female,0,Yes,Yes,49,Yes,Yes,Fiber optic,No,No,No,No,Yes,Yes,Month-to-month,Yes,Bank transfer (automatic),95.4,4613.95,0,0.6452077958575296,1,High Risk,True,Priority 2,Offer incentive to move to a long-term contract | Conduct plan review or provide personalized retention offer | Offer trial or discounted technical support,2
5213-TWWJU,Male,0,No,No,28,Yes,No,Fiber optic,No,No,Yes,Yes,No,Yes,Month-to-month,No,Electronic check,91.0,2626.15,0,0.6448259955486578,1,High Risk,True,Priority 2,Offer incentive to move to a long-term contract | Encourage automatic payment adoption | Conduct plan review or provide personalized retention offer,2
6745-JEFZB,Male,0,Yes,No,35,Yes,Yes,Fiber optic,No,No,No,Yes,Yes,No,Month-to-month,Yes,Credit card (automatic),91.5,3236.35,0,0.6441363697292103,1,High Risk,True,Priority 2,Offer incentive to move to a long-term contract | Conduct plan review or provide personalized retention offer | Promote bundled online security services,2
6168-YBYNP,Male,0,No,No,59,Yes,Yes,Fiber optic,No,Yes,Yes,Yes,Yes,Yes,Month-to-month,Yes,Electronic check,111.35,6519.75,0,0.64238023127937,1,High Risk,True,Priority 2,Offer incentive to move to a long-term contract | Encourage automatic payment adoption | Conduct plan review or provide personalized retention offer,2
4391-LNRXK,Male,0,No,No,22,Yes,No,Fiber optic,No,Yes,Yes,Yes,No,Yes,Month-to-month,Yes,Bank transfer (automatic),94.95,2142.8,0,0.6402482895702336,1,High Risk,True,Priority 2,Offer incentive to move to a long-term contract | Conduct plan review or provide personalized retention offer | Promote bundled online security services,2
2014-MKGMH,Female,0,No,No,46,Yes,Yes,Fiber optic,No,No,Yes,No,Yes,Yes,One year,Yes,Electronic check,101.1,4674.4,0,0.6383034540832336,1,High Risk,True,Priority 2,Encourage automatic payment adoption | Conduct plan review or provide personalized retention offer | Offer trial or discounted technical support,2
8123-QBNAZ,Female,0,Yes,Yes,36,Yes,Yes,Fiber optic,Yes,No,Yes,No,Yes,Yes,Month-to-month,Yes,Credit card (automatic),104.5,3684.95,0,0.6382253972242106,1,High Risk,True,Priority 2,Offer incentive to move to a long-term contract | Conduct plan review or provide personalized retention offer | Offer trial or discounted technical support,2
9732-EQMWY,Female,0,Yes,No,49,Yes,No,Fiber optic,No,Yes,Yes,No,Yes,Yes,Month-to-month,No,Electronic check,99.4,5025.0,0,0.6378447212434099,1,High Risk,True,Priority 2,Offer incentive to move to a long-term contract | Encourage automatic payment adoption | Conduct plan review or provide personalized retention offer,2
2604-IJPDU,Female,0,Yes,No,20,Yes,No,Fiber optic,Yes,Yes,No,Yes,Yes,No,Month-to-month,Yes,Electronic check,96.55,1901.65,0,0.6358230739731812,1,High Risk,True,Priority 2,Offer incentive to move to a long-term contract | Encourage automatic payment adoption | Conduct plan review or provide personalized retention offer,2
0730-KOAVE,Male,0,No,No,30,Yes,Yes,Fiber optic,Yes,Yes,No,No,No,Yes,Month-to-month,Yes,Credit card (automatic),94.3,2679.7,0,0.6355774754579819,1,High Risk,True,Priority 2,Offer incentive to move to a long-term contract | Conduct plan review or provide personalized retention offer | Offer trial or discounted technical support,2
6710-HSJRD,Male,0,Yes,No,61,Yes,Yes,Fiber optic,No,Yes,Yes,Yes,Yes,Yes,Month-to-month,Yes,Electronic check,114.1,7132.15,0,0.6352110142173697,1,High Risk,True,Priority 2,Offer incentive to move to a long-term contract | Encourage automatic payment adoption | Conduct plan review or provide personalized retention offer,2
0943-ZQPXH,Male,0,Yes,Yes,44,Yes,No,Fiber optic,No,No,Yes,No,Yes,Yes,Month-to-month,Yes,Bank transfer (automatic),92.95,4122.9,0,0.6345298287222925,1,High Risk,True,Priority 2,Offer incentive to move to a long-term contract | Conduct plan review or provide personalized retention offer | Offer trial or discounted technical support,2
2452-KDRRH,Male,1,No,No,67,Yes,Yes,Fiber optic,No,No,Yes,No,Yes,Yes,Month-to-month,Yes,Credit card (automatic),101.4,6841.05,0,0.6336540438747569,1,High Risk,True,Priority 2,Offer incentive to move to a long-term contract | Conduct plan review or provide personalized retention offer | Offer trial or discounted technical support,2
0089-IIQKO,Female,0,Yes,Yes,39,Yes,Yes,Fiber optic,No,No,No,Yes,Yes,Yes,Month-to-month,Yes,Credit card (automatic),99.95,3767.4,0,0.6333871498022319,1,High Risk,True,Priority 2,Offer incentive to move to a long-term contract | Conduct plan review or provide personalized retention offer | Promote bundled online security services,2
2360-RDGRO,Male,0,Yes,No,65,Yes,Yes,Fiber optic,Yes,No,Yes,No,Yes,Yes,Month-to-month,Yes,Electronic check,104.25,6812.95,0,0.6329709172439515,1,High Risk,True,Priority 2,Offer incentive to move to a long-term contract | Encourage automatic payment adoption | Conduct plan review or provide personalized retention offer,2
2359-KLTEK,Female,0,Yes,Yes,41,Yes,No,Fiber optic,No,No,Yes,No,Yes,Yes,Month-to-month,Yes,Bank transfer (automatic),94.9,3848.0,0,0.6318490008129538,1,High Risk,True,Priority 2,Offer incentive to move to a long-term contract | Conduct plan review or provide personalized retention offer | Offer trial or discounted technical support,2
2027-WKXMW,Female,0,Yes,No,63,Yes,Yes,Fiber optic,No,Yes,Yes,Yes,Yes,Yes,Month-to-month,Yes,Electronic check,108.75,6871.7,0,0.6314466809560062,1,High Risk,True,Priority 2,Offer incentive to move to a long-term contract | Encourage automatic payment adoption | Conduct plan review or provide personalized retention offer,2
1427-VERSM,Female,0,Yes,No,56,Yes,No,Fiber optic,No,No,Yes,Yes,Yes,Yes,Month-to-month,Yes,Electronic check,98.7,5669.5,0,0.6314157160036034,1,High Risk,True,Priority 2,Offer incentive to move to a long-term contract | Encourage automatic payment adoption | Conduct plan review or provide personalized retention offer,2
8535-SFUTN,Male,0,No,No,61,Yes,Yes,Fiber optic,Yes,No,Yes,No,Yes,Yes,Month-to-month,Yes,Electronic check,106.45,6300.15,0,0.6311822169661983,1,High Risk,True,Priority 2,Offer incentive to move to a long-term contract | Encourage automatic payment adoption | Conduct plan review or provide personalized retention offer,2
5981-ZVXOT,Female,1,No,No,35,Yes,Yes,Fiber optic,Yes,Yes,Yes,No,Yes,Yes,One year,Yes,Electronic check,108.35,3726.15,0,0.6306650367696723,1,High Risk,True,Priority 2,Encourage automatic payment adoption | Conduct plan review or provide personalized retention offer | Offer trial or discounted technical support,2
7975-TZMLR,Male,0,No,No,47,Yes,Yes,Fiber optic,No,Yes,Yes,No,Yes,Yes,One year,Yes,Electronic check,103.1,4889.3,0,0.6296432400234652,1,High Risk,True,Priority 2,Encourage automatic payment adoption | Conduct plan review or provide personalized retention offer | Offer trial or discounted technical support,2
4329-YPDDQ,Male,0,No,No,20,Yes,No,Fiber optic,Yes,Yes,Yes,Yes,Yes,Yes,Month-to-month,Yes,Bank transfer (automatic),108.2,2203.7,0,0.6294816246334695,1,High Risk,True,Priority 2,Offer incentive to move to a long-term contract | Conduct plan review or provide personalized retention offer,2
9659-QEQSY,Female,0,No,No,45,Yes,Yes,Fiber optic,Yes,Yes,Yes,Yes,Yes,Yes,Month-to-month,Yes,Electronic check,115.65,5125.5,0,0.6249683330015207,1,High Risk,True,Priority 2,Offer incentive to move to a long-term contract | Encourage automatic payment adoption | Conduct plan review or provide personalized retention offer,2
5055-MGMGF,Female,0,Yes,No,65,Yes,Yes,Fiber optic,Yes,No,Yes,No,Yes,Yes,Month-to-month,Yes,Electronic check,105.05,6914.95,0,0.6245180216028007,1,High Risk,True,Priority 2,Offer incentive to move to a long-term contract | Encourage automatic payment adoption | Conduct plan review or provide personalized retention offer,2
6173-GOLSU,Male,1,Yes,No,67,Yes,Yes,Fiber optic,No,No,No,No,Yes,Yes,Month-to-month,Yes,Credit card (automatic),94.65,6079.0,0,0.6240094776067843,1,High Risk,True,Priority 2,Offer incentive to move to a long-term contract | Conduct plan review or provide personalized retention offer | Offer trial or discounted technical support,2
2615-YVMYX,Male,1,Yes,No,71,Yes,Yes,Fiber optic,Yes,Yes,Yes,No,Yes,Yes,Month-to-month,Yes,Electronic check,107.5,7713.55,0,0.6226451287475452,1,High Risk,True,Priority 2,Offer incentive to move to a long-term contract | Encourage automatic payment adoption | Conduct plan review or provide personalized retention offer,2
2040-VZIKE,Female,0,Yes,No,49,Yes,Yes,Fiber optic,Yes,No,No,No,Yes,Yes,Month-to-month,Yes,Mailed check,100.85,4847.35,0,0.6212334161466609,1,High Risk,True,Priority 2,Offer incentive to move to a long-term contract | Conduct plan review or provide personalized retention offer | Offer trial or discounted technical support,2
3162-KKZXO,Female,1,No,No,55,Yes,Yes,Fiber optic,No,No,Yes,No,Yes,Yes,One year,Yes,Electronic check,100.15,5409.75,0,0.6190384351689227,1,High Risk,True,Priority 2,Encourage automatic payment adoption | Conduct plan review or provide personalized retention offer | Offer trial or discounted technical support,2
3692-JHONH,Female,1,Yes,No,52,Yes,Yes,Fiber optic,No,Yes,Yes,No,Yes,Yes,One year,Yes,Electronic check,106.5,5621.85,0,0.6188434487072965,1,High Risk,True,Priority 2,Encourage automatic payment adoption | Conduct plan review or provide personalized retention offer | Offer trial or discounted technical support,2
0422-UXFAP,Female,0,Yes,No,51,Yes,Yes,Fiber optic,No,No,Yes,No,Yes,Yes,One year,Yes,Electronic check,98.85,4947.55,0,0.6175589853052678,1,High Risk,True,Priority 2,Encourage automatic payment adoption | Conduct plan review or provide personalized retention offer | Offer trial or discounted technical support,2
2207-QPJED,Female,1,Yes,No,37,Yes,No,Fiber optic,No,No,Yes,Yes,Yes,No,Month-to-month,No,Electronic check,90.0,3371.75,0,0.6168514705448116,1,High Risk,True,Priority 2,Offer incentive to move to a long-term contract | Encourage automatic payment adoption | Conduct plan review or provide personalized retention offer,2
2139-FQHLM,Male,0,No,No,19,Yes,No,Fiber optic,No,No,Yes,Yes,Yes,No,Month-to-month,No,Mailed check,89.95,1682.4,0,0.6167948728513453,1,High Risk,True,Priority 2,Offer incentive to move to a long-term contract | Conduct plan review or provide personalized retention offer | Promote bundled online security services,2
8016-NCFVO,Male,1,No,No,55,Yes,Yes,Fiber optic,Yes,Yes,Yes,Yes,Yes,Yes,Month-to-month,Yes,Electronic check,116.5,6382.55,0,0.6152967025480387,1,High Risk,True,Priority 2,Offer incentive to move to a long-term contract | Encourage automatic payment adoption | Conduct plan review or provide personalized retention offer,2
4989-LIXVT,Male,1,No,No,68,Yes,Yes,Fiber optic,No,Yes,Yes,No,No,Yes,Month-to-month,Yes,Electronic check,95.9,6503.2,0,0.6148602341861855,1,High Risk,True,Priority 2,Offer incentive to move to a long-term contract | Encourage automatic payment adoption | Conduct plan review or provide personalized retention offer,2
5118-MUEYH,Female,0,Yes,No,48,Yes,Yes,Fiber optic,No,Yes,No,Yes,Yes,Yes,Month-to-month,Yes,Credit card (automatic),105.1,5083.55,0,0.614592167385128,1,High Risk,True,Priority 2,Offer incentive to move to a long-term contract | Conduct plan review or provide personalized retention offer | Promote bundled online security services,2
1548-FEHVL,Male,0,Yes,No,61,Yes,Yes,Fiber optic,Yes,Yes,No,No,Yes,Yes,Month-to-month,Yes,Electronic check,106.2,6375.2,0,0.6142715825572006,1,High Risk,True,Priority 2,Offer incentive to move to a long-term contract | Encourage automatic payment adoption | Conduct plan review or provide personalized retention offer,2
2386-OWURY,Female,0,No,No,58,Yes,No,Fiber optic,No,No,No,Yes,Yes,Yes,Month-to-month,Yes,Electronic check,95.3,5817.7,0,0.6124831426274654,1,High Risk,True,Priority 2,Offer incentive to move to a long-term contract | Encourage automatic payment adoption | Conduct plan review or provide personalized retention offer,2
5816-QVHRX,Female,0,No,No,37,Yes,Yes,Fiber optic,No,No,No,Yes,Yes,Yes,Month-to-month,No,Credit card (automatic),100.3,3541.4,0,0.6124126682122979,1,High Risk,True,Priority 2,Offer incentive to move to a long-term contract | Conduct plan review or provide personalized retention offer | Promote bundled online security services,2
2325-WINES,Female,0,No,No,32,Yes,Yes,Fiber optic,No,Yes,Yes,No,Yes,Yes,One year,Yes,Credit card (automatic),104.05,3416.85,0,0.6121703085895013,1,High Risk,True,Priority 2,Conduct plan review or provide personalized retention offer | Offer trial or discounted technical support | Promote bundled online security services,2
8329-UTMVM,Male,1,No,No,27,Yes,Yes,Fiber optic,No,Yes,No,Yes,Yes,Yes,One year,Yes,Bank transfer (automatic),104.65,2964.0,0,0.6114072737583904,1,High Risk,True,Priority 2,Conduct plan review or provide personalized retention offer | Promote bundled online security services,2
1357-BIJKI,Male,0,Yes,No,50,Yes,Yes,Fiber optic,No,Yes,No,No,Yes,Yes,One year,Yes,Electronic check,98.25,4858.7,0,0.6095685705966893,1,High Risk,True,Priority 2,Encourage automatic payment adoption | Conduct plan review or provide personalized retention offer | Offer trial or discounted technical support,2
6591-QGOYB,Male,0,No,No,17,Yes,Yes,Fiber optic,Yes,Yes,Yes,Yes,Yes,No,Month-to-month,Yes,Bank transfer (automatic),106.65,1672.1,0,0.6094337585195294,1,High Risk,True,Priority 2,Offer incentive to move to a long-term contract | Conduct plan review or provide personalized retention offer,2
6847-KJLTS,Female,1,Yes,No,58,Yes,Yes,Fiber optic,No,No,No,Yes,Yes,Yes,Month-to-month,Yes,Bank transfer (automatic),100.4,5749.8,0,0.6092087420404543,1,High Risk,True,Priority 2,Offer incentive to move to a long-term contract | Conduct plan review or provide personalized retention offer | Promote bundled online security services,2
1930-WNXSB,Male,0,Yes,Yes,58,Yes,No,Fiber optic,No,Yes,No,No,Yes,Yes,Month-to-month,Yes,Electronic check,92.85,5305.05,0,0.6083004417662865,1,High Risk,True,Priority 2,Offer incentive to move to a long-term contract | Encourage automatic payment adoption | Conduct plan review or provide personalized retention offer,2
3761-FLYZI,Female,1,Yes,No,65,Yes,Yes,Fiber optic,No,Yes,Yes,No,Yes,Yes,Month-to-month,Yes,Bank transfer (automatic),108.8,7082.45,0,0.6078993488083149,1,High Risk,True,Priority 2,Offer incentive to move to a long-term contract | Conduct plan review or provide personalized retention offer | Offer trial or discounted technical support,2
7576-JMYWV,Female,1,Yes,Yes,46,Yes,Yes,Fiber optic,Yes,Yes,No,Yes,Yes,Yes,Month-to-month,Yes,Electronic check,110.2,4972.1,0,0.6074294646430414,1,High Risk,True,Priority 2,Offer incentive to move to a long-term contract | Encourage automatic payment adoption | Conduct plan review or provide personalized retention offer,2
2067-QYTCF,Female,0,Yes,No,64,Yes,Yes,Fiber optic,No,Yes,Yes,Yes,Yes,Yes,Month-to-month,Yes,Electronic check,111.15,6953.4,0,0.6069016201258272,1,High Risk,True,Priority 2,Offer incentive to move to a long-term contract | Encourage automatic payment adoption | Conduct plan review or provide personalized retention offer,2
0265-PSUAE,Female,0,Yes,Yes,16,Yes,No,Fiber optic,Yes,No,Yes,No,Yes,Yes,Month-to-month,No,Bank transfer (automatic),100.7,1522.7,0,0.6068440480581148,1,High Risk,True,Priority 2,Offer incentive to move to a long-term contract | Conduct plan review or provide personalized retention offer | Offer trial or discounted technical support,2
3898-GUYTS,Female,1,No,No,45,Yes,Yes,Fiber optic,Yes,Yes,No,Yes,Yes,No,Month-to-month,Yes,Electronic check,97.05,4385.05,0,0.6048438097012682,1,High Risk,True,Priority 2,Offer incentive to move to a long-term contract | Encourage automatic payment adoption | Conduct plan review or provide personalized retention offer,2
5977-CKHON,Female,0,Yes,Yes,43,Yes,Yes,Fiber optic,No,No,Yes,No,No,Yes,Month-to-month,Yes,Bank transfer (automatic),92.55,4039.0,0,0.6047617208795891,1,High Risk,True,Priority 2,Offer incentive to move to a long-term contract | Conduct plan review or provide personalized retention offer | Offer trial or discounted technical support,2
3349-ANQNH,Female,1,No,No,59,Yes,Yes,Fiber optic,No,No,Yes,No,Yes,Yes,One year,Yes,Electronic check,99.5,5890.0,0,0.6035694553764668,1,High Risk,True,Priority 2,Encourage automatic payment adoption | Conduct plan review or provide personalized retention offer | Offer trial or discounted technical support,2
6908-VVYHM,Male,0,Yes,No,65,Yes,Yes,Fiber optic,No,Yes,No,No,No,Yes,Month-to-month,Yes,Electronic check,90.65,5931.0,0,0.600517447288403,1,High Risk,True,Priority 2,Offer incentive to move to a long-term contract | Encourage automatic payment adoption | Conduct plan review or provide personalized retention offer,2
4176-FXYBO,Male,0,Yes,No,54,Yes,Yes,Fiber optic,Yes,Yes,Yes,No,Yes,Yes,Month-to-month,No,Electronic check,109.55,6118.95,0,0.6001510623948928,1,High Risk,True,Priority 2,Offer incentive to move to a long-term contract | Encourage automatic payment adoption | Conduct plan review or provide personalized retention offer,2
2883-ILGWO,Male,1,No,No,57,Yes,Yes,Fiber optic,No,Yes,No,Yes,Yes,Yes,Month-to-month,Yes,Bank transfer (automatic),104.9,5913.95,0,0.5973236524028341,1,High Risk,True,Priority 2,Offer incentive to move to a long-term contract | Conduct plan review or provide personalized retention offer | Promote bundled online security services,2
9921-EZKBY,Male,0,No,Yes,33,Yes,Yes,Fiber optic,Yes,No,Yes,No,No,Yes,Month-to-month,Yes,Bank transfer (automatic),95.3,3275.15,0,0.5971852344245482,1,High Risk,True,Priority 2,Offer incentive to move to a long-term contract | Conduct plan review or provide personalized retention offer | Offer trial or discounted technical support,2
4657-FWVFY,Female,0,Yes,Yes,40,Yes,Yes,Fiber optic,No,Yes,Yes,No,Yes,No,Month-to-month,Yes,Credit card (automatic),96.35,3915.4,0,0.5964642689963732,1,High Risk,True,Priority 2,Offer incentive to move to a long-term contract | Conduct plan review or provide personalized retention offer | Offer trial or discounted technical support,2
7130-YXBRO,Male,0,Yes,No,48,Yes,Yes,Fiber optic,Yes,Yes,Yes,No,Yes,Yes,Month-to-month,Yes,Bank transfer (automatic),111.45,5315.1,0,0.5959644144600815,1,High Risk,True,Priority 2,Offer incentive to move to a long-term contract | Conduct plan review or provide personalized retention offer | Offer trial or discounted technical support,2
0129-KPTWJ,Male,0,Yes,No,72,Yes,No,Fiber optic,No,No,Yes,No,Yes,Yes,Month-to-month,Yes,Electronic check,94.65,6747.35,0,0.5931500408143534,1,High Risk,True,Priority 2,Offer incentive to move to a long-term contract | Encourage automatic payment adoption | Conduct plan review or provide personalized retention offer,2
5671-UUNXD,Female,1,Yes,No,50,Yes,Yes,Fiber optic,No,No,No,Yes,Yes,Yes,One year,Yes,Electronic check,100.65,5189.75,0,0.591038655316429,1,High Risk,True,Priority 2,Encourage automatic payment adoption | Conduct plan review or provide personalized retention offer | Promote bundled online security services,2
8751-EDEKA,Female,0,Yes,No,28,Yes,No,Fiber optic,No,Yes,Yes,No,No,Yes,Month-to-month,No,Credit card (automatic),89.9,2433.5,0,0.5905166914637615,1,High Risk,True,Priority 2,Offer incentive to move to a long-term contract | Conduct plan review or provide personalized retention offer | Offer trial or discounted technical support,2
4983-CLMLV,Female,0,Yes,No,52,Yes,Yes,Fiber optic,No,Yes,No,Yes,Yes,Yes,Month-to-month,Yes,Credit card (automatic),102.7,5138.1,0,0.5902868610725832,1,High Risk,True,Priority 2,Offer incentive to move to a long-term contract | Conduct plan review or provide personalized retention offer | Promote bundled online security services,2
9137-UIYPG,Female,0,Yes,Yes,35,Yes,No,Fiber optic,Yes,No,Yes,Yes,Yes,Yes,Month-to-month,Yes,Electronic check,106.9,3756.45,0,0.5900573012664642,1,High Risk,True,Priority 2,Offer incentive to move to a long-term contract | Encourage automatic payment adoption | Conduct plan review or provide personalized retention offer,2
6362-QHAFM,Male,0,Yes,No,42,Yes,Yes,Fiber optic,No,No,Yes,Yes,Yes,Yes,One year,Yes,Electronic check,108.3,4586.15,0,0.5897837970949082,1,High Risk,True,Priority 2,Encourage automatic payment adoption | Conduct plan review or provide personalized retention offer | Promote bundled online security services,2
2519-LBNQL,Male,1,Yes,No,60,Yes,Yes,Fiber optic,No,Yes,Yes,No,Yes,Yes,One year,Yes,Electronic check,104.35,6339.45,0,0.589558282247047,1,High Risk,True,Priority 2,Encourage automatic payment adoption | Conduct plan review or provide personalized retention offer | Offer trial or discounted technical support,2
1421-HCERK,Male,1,Yes,No,30,Yes,Yes,Fiber optic,Yes,Yes,Yes,Yes,Yes,No,Month-to-month,Yes,Bank transfer (automatic),105.7,3181.8,0,0.5884302436452786,1,High Risk,True,Priority 2,Offer incentive to move to a long-term contract | Conduct plan review or provide personalized retention offer,2
2378-HTWFW,Male,1,No,No,35,Yes,Yes,Fiber optic,Yes,No,No,No,No,Yes,Month-to-month,No,Credit card (automatic),91.0,3180.5,0,0.5881537088017151,1,High Risk,True,Priority 2,Offer incentive to move to a long-term contract | Conduct plan review or provide personalized retention offer | Offer trial or discounted technical support,2
9233-PSYHO,Female,1,No,No,45,Yes,Yes,Fiber optic,No,No,Yes,No,Yes,Yes,One year,Yes,Bank transfer (automatic),100.15,4459.8,0,0.5862393042401762,1,High Risk,True,Priority 2,Conduct plan review or provide personalized retention offer | Offer trial or discounted technical support | Promote bundled online security services,2
0481-SUMCB,Female,1,No,No,45,Yes,Yes,Fiber optic,No,No,Yes,No,Yes,Yes,One year,Yes,Bank transfer (automatic),102.15,4735.35,0,0.5854140246517199,1,High Risk,True,Priority 2,Conduct plan review or provide personalized retention offer | Offer trial or discounted technical support | Promote bundled online security services,2
4480-MBMLB,Female,0,No,No,36,Yes,Yes,Fiber optic,No,Yes,Yes,No,Yes,Yes,One year,Yes,Bank transfer (automatic),104.8,3886.45,0,0.585007405349929,1,High Risk,True,Priority 2,Conduct plan review or provide personalized retention offer | Offer trial or discounted technical support | Promote bundled online security services,2
9495-SKLKD,Male,0,Yes,Yes,45,Yes,Yes,Fiber optic,No,Yes,Yes,No,No,Yes,Month-to-month,Yes,Bank transfer (automatic),95.95,4456.65,0,0.584387189360719,1,High Risk,True,Priority 2,Offer incentive to move to a long-term contract | Conduct plan review or provide personalized retention offer | Offer trial or discounted technical support,2
1216-BGTSP,Male,0,No,No,45,Yes,Yes,Fiber optic,Yes,No,Yes,Yes,Yes,Yes,Month-to-month,Yes,Credit card (automatic),108.45,4964.7,0,0.5839137993971184,1,High Risk,True,Priority 2,Offer incentive to move to a long-term contract | Conduct plan review or provide personalized retention offer,2
2074-GUHPQ,Female,0,No,Yes,17,Yes,Yes,Fiber optic,No,Yes,Yes,Yes,No,No,Month-to-month,Yes,Credit card (automatic),92.7,1556.85,0,0.5831371015270099,1,High Risk,True,Priority 2,Offer incentive to move to a long-term contract | Conduct plan review or provide personalized retention offer | Promote bundled online security services,2
9919-YLNNG,Female,0,No,No,42,Yes,No,Fiber optic,No,Yes,Yes,Yes,Yes,Yes,Month-to-month,Yes,Bank transfer (automatic),103.8,4327.5,0,0.5798190700940757,1,High Risk,True,Priority 2,Offer incentive to move to a long-term contract | Conduct plan review or provide personalized retention offer | Promote bundled online security services,2
4007-NHVHI,Female,1,No,No,56,Yes,Yes,Fiber optic,Yes,Yes,No,No,No,Yes,Month-to-month,Yes,Electronic check,96.85,5219.65,0,0.5794107557023467,1,High Risk,True,Priority 2,Offer incentive to move to a long-term contract | Encourage automatic payment adoption | Conduct plan review or provide personalized retention offer,2
9909-IDLEK,Male,0,Yes,Yes,20,Yes,Yes,Fiber optic,No,Yes,No,Yes,Yes,No,Month-to-month,No,Mailed check,96.8,1826.7,0,0.5778856690065262,1,High Risk,True,Priority 2,Offer incentive to move to a long-term contract | Conduct plan review or provide personalized retention offer | Promote bundled online security services,2
6807-SIWJI,Male,0,No,No,38,Yes,Yes,Fiber optic,Yes,Yes,No,No,Yes,Yes,One year,Yes,Electronic check,104.85,3887.25,0,0.5770591620754826,1,High Risk,True,Priority 2,Encourage automatic payment adoption | Conduct plan review or provide personalized retention offer | Offer trial or discounted technical support,2
0080-OROZO,Female,0,No,No,35,Yes,No,Fiber optic,No,No,Yes,Yes,Yes,Yes,One year,Yes,Electronic check,99.25,3532.0,0,0.5757893822017655,1,High Risk,True,Priority 2,Encourage automatic payment adoption | Conduct plan review or provide personalized retention offer | Promote bundled online security services,2
2669-OIDSD,Female,0,Yes,No,48,Yes,No,Fiber optic,No,No,Yes,Yes,Yes,Yes,Month-to-month,Yes,Credit card (automatic),100.05,4834.0,0,0.5724887573426515,1,High Risk,True,Priority 2,Offer incentive to move to a long-term contract | Conduct plan review or provide personalized retention offer | Promote bundled online security services,2
2674-MLXMN,Female,1,No,No,71,Yes,Yes,Fiber optic,No,Yes,No,No,Yes,Yes,Month-to-month,Yes,Credit card (automatic),99.65,6951.15,0,0.5723686230093126,1,High Risk,True,Priority 2,Offer incentive to move to a long-term contract | Conduct plan review or provide personalized retention offer | Offer trial or discounted technical support,2
6578-KRMAW,Male,0,No,No,32,Yes,No,Fiber optic,Yes,Yes,Yes,No,No,Yes,Month-to-month,Yes,Credit card (automatic),93.4,2979.3,0,0.5667669974288866,1,High Risk,True,Priority 2,Offer incentive to move to a long-term contract | Conduct plan review or provide personalized retention offer | Offer trial or discounted technical support,2
5628-RKIFK,Female,1,No,No,49,Yes,Yes,Fiber optic,Yes,No,No,No,Yes,Yes,Month-to-month,No,Credit card (automatic),101.55,5070.4,0,0.5665587739838619,1,High Risk,True,Priority 2,Offer incentive to move to a long-term contract | Conduct plan review or provide personalized retention offer | Offer trial or discounted technical support,2
8552-OBVRU,Female,1,Yes,Yes,48,Yes,No,Fiber optic,Yes,No,Yes,Yes,Yes,Yes,Month-to-month,Yes,Electronic check,104.5,5068.05,0,0.5651034573932944,1,High Risk,True,Priority 2,Offer incentive to move to a long-term contract | Encourage automatic payment adoption | Conduct plan review or provide personalized retention offer,2
4724-WXVWF,Male,0,No,No,48,Yes,Yes,Fiber optic,Yes,No,No,Yes,No,Yes,Month-to-month,Yes,Electronic check,95.4,4445.3,0,0.5650512464780584,1,High Risk,True,Priority 2,Offer incentive to move to a long-term contract | Encourage automatic payment adoption | Conduct plan review or provide personalized retention offer,2
1552-AAGRX,Female,0,No,No,30,Yes,Yes,Fiber optic,Yes,No,No,Yes,Yes,Yes,Month-to-month,No,Bank transfer (automatic),106.4,3211.9,0,0.5636412119540439,1,High Risk,True,Priority 2,Offer incentive to move to a long-term contract | Conduct plan review or provide personalized retention offer,2
1258-YMZNM,Female,1,No,No,27,Yes,Yes,Fiber optic,Yes,Yes,Yes,No,Yes,Yes,One year,Yes,Bank transfer (automatic),110.5,2857.6,0,0.5633308279857189,1,High Risk,True,Priority 2,Conduct plan review or provide personalized retention offer | Offer trial or discounted technical support,2
1956-YIFGE,Male,0,Yes,Yes,22,Yes,No,Fiber optic,No,Yes,Yes,No,Yes,Yes,One year,Yes,Mailed check,100.05,2090.25,0,0.5623381277860114,1,High Risk,True,Priority 2,Conduct plan review or provide personalized retention offer | Offer trial or discounted technical support | Promote bundled online security services,2
9822-WMWVG,Female,0,No,No,41,Yes,Yes,Fiber optic,Yes,Yes,Yes,Yes,Yes,No,Month-to-month,Yes,Electronic check,106.5,4282.4,0,0.5623100315170507,1,High Risk,True,Priority 2,Offer incentive to move to a long-term contract | Encourage automatic payment adoption | Conduct plan review or provide personalized retention offer,2
7537-CBQUZ,Male,1,No,No,63,Yes,Yes,Fiber optic,Yes,Yes,Yes,No,Yes,Yes,Month-to-month,Yes,Bank transfer (automatic),109.4,7031.45,0,0.5622454318904155,1,High Risk,True,Priority 2,Offer incentive to move to a long-term contract | Conduct plan review or provide personalized retention offer | Offer trial or discounted technical support,2
6234-PFPXL,Male,0,Yes,No,22,Yes,Yes,Fiber optic,Yes,No,No,Yes,Yes,No,Month-to-month,No,Credit card (automatic),95.9,2234.95,0,0.562157688931959,1,High Risk,True,Priority 2,Offer incentive to move to a long-term contract | Conduct plan review or provide personalized retention offer,2
8065-BVEPF,Male,1,No,No,65,Yes,No,Fiber optic,No,Yes,Yes,No,Yes,Yes,Month-to-month,Yes,Bank transfer (automatic),99.1,6496.15,0,0.5593597880725757,1,High Risk,True,Priority 2,Offer incentive to move to a long-term contract | Conduct plan review or provide personalized retention offer | Offer trial or discounted technical support,2
0327-WFZSY,Male,0,Yes,Yes,39,Yes,Yes,Fiber optic,No,No,Yes,No,Yes,Yes,One year,No,Electronic check,100.0,3835.55,0,0.5593470403276277,1,High Risk,True,Priority 2,Encourage automatic payment adoption | Conduct plan review or provide personalized retention offer | Offer trial or discounted technical support,2
8677-HDZEE,Female,0,No,No,56,Yes,Yes,Fiber optic,No,Yes,No,Yes,Yes,Yes,Month-to-month,Yes,Bank transfer (automatic),105.45,5916.95,0,0.5592665510827045,1,High Risk,True,Priority 2,Offer incentive to move to a long-term contract | Conduct plan review or provide personalized retention offer | Promote bundled online security services,2
1174-FGIFN,Female,0,Yes,Yes,28,Yes,Yes,Fiber optic,No,No,No,Yes,No,Yes,One year,Yes,Electronic check,90.45,2509.25,0,0.5590496812027399,1,High Risk,True,Priority 2,Encourage automatic payment adoption | Conduct plan review or provide personalized retention offer | Promote bundled online security services,2
5339-TJFEK,Male,0,Yes,Yes,62,Yes,Yes,Fiber optic,Yes,Yes,No,No,Yes,Yes,Month-to-month,Yes,Electronic check,105.5,6487.2,0,0.5585250980606781,1,High Risk,True,Priority 2,Offer incentive to move to a long-term contract | Encourage automatic payment adoption | Conduct plan review or provide personalized retention offer,2
8564-LDKFL,Male,0,Yes,No,40,Yes,Yes,Fiber optic,No,Yes,Yes,No,Yes,Yes,One year,Yes,Bank transfer (automatic),106.0,4178.65,0,0.5575944275064469,1,High Risk,True,Priority 2,Conduct plan review or provide personalized retention offer | Offer trial or discounted technical support | Promote bundled online security services,2
3946-JEWRQ,Male,0,Yes,No,47,Yes,Yes,Fiber optic,No,No,No,No,Yes,Yes,One year,Yes,Credit card (automatic),95.2,4563.0,0,0.5556672890595901,1,High Risk,True,Priority 2,Conduct plan review or provide personalized retention offer | Offer trial or discounted technical support | Promote bundled online security services,2
6821-JPCDC,Female,0,Yes,No,48,Yes,No,Fiber optic,No,Yes,Yes,No,Yes,Yes,One year,Yes,Electronic check,97.05,4692.95,0,0.5554390211185498,1,High Risk,True,Priority 2,Encourage automatic payment adoption | Conduct plan review or provide personalized retention offer | Offer trial or discounted technical support,2
7271-AJDTL,Female,0,Yes,No,55,Yes,Yes,Fiber optic,No,Yes,Yes,No,Yes,No,Month-to-month,Yes,Credit card (automatic),94.45,5073.1,0,0.5551560556807963,1,High Risk,True,Priority 2,Offer incentive to move to a long-term contract | Conduct plan review or provide personalized retention offer | Offer trial or discounted technical support,2
6874-SGLHU,Male,0,No,No,30,Yes,No,Fiber optic,No,Yes,No,No,Yes,Yes,One year,Yes,Bank transfer (automatic),97.0,3021.3,0,0.5542599076198125,1,High Risk,True,Priority 2,Conduct plan review or provide personalized retention offer | Offer trial or discounted technical support | Promote bundled online security services,2
2133-TSRRM,Female,0,No,Yes,34,Yes,No,Fiber optic,Yes,Yes,Yes,No,Yes,Yes,Month-to-month,Yes,Bank transfer (automatic),105.35,3688.6,0,0.5540520028163818,1,High Risk,True,Priority 2,Offer incentive to move to a long-term contract | Conduct plan review or provide personalized retention offer | Offer trial or discounted technical support,2
8417-GSODA,Male,0,Yes,Yes,28,Yes,Yes,Fiber optic,No,No,No,No,Yes,Yes,One year,No,Bank transfer (automatic),92.2,2568.15,0,0.554013266437875,1,High Risk,True,Priority 2,Conduct plan review or provide personalized retention offer | Offer trial or discounted technical support | Promote bundled online security services,2
7251-LJBQN,Female,1,No,No,40,Yes,Yes,Fiber optic,No,No,Yes,Yes,Yes,Yes,One year,Yes,Credit card (automatic),103.75,4188.4,0,0.5534691011164155,1,High Risk,True,Priority 2,Conduct plan review or provide personalized retention offer | Promote bundled online security services,2
4097-YODCF,Male,0,No,Yes,34,Yes,Yes,Fiber optic,Yes,Yes,No,No,Yes,Yes,One year,Yes,Electronic check,103.8,3470.8,0,0.5531583799965765,1,High Risk,True,Priority 2,Encourage automatic payment adoption | Conduct plan review or provide personalized retention offer | Offer trial or discounted technical support,2
1370-GGAWX,Female,0,No,No,46,Yes,Yes,Fiber optic,No,Yes,Yes,No,No,Yes,One year,Yes,Electronic check,94.15,4408.45,0,0.5482531026891349,1,High Risk,True,Priority 2,Encourage automatic payment adoption | Conduct plan review or provide personalized retention offer | Offer trial or discounted technical support,2
8033-VCZGH,Male,0,Yes,No,50,Yes,Yes,Fiber optic,Yes,No,Yes,No,Yes,Yes,One year,Yes,Electronic check,103.95,5231.3,0,0.5481579186726186,1,High Risk,True,Priority 2,Encourage automatic payment adoption | Conduct plan review or provide personalized retention offer | Offer trial or discounted technical support,2
7047-FWEYA,Female,0,Yes,No,46,Yes,Yes,Fiber optic,No,Yes,No,Yes,Yes,Yes,One year,Yes,Electronic check,103.15,4594.65,0,0.5475297752618471,1,High Risk,True,Priority 2,Encourage automatic payment adoption | Conduct plan review or provide personalized retention offer | Promote bundled online security services,2
2144-BFDSO,Female,1,Yes,No,50,Yes,Yes,Fiber optic,Yes,Yes,Yes,No,Yes,Yes,Month-to-month,No,Bank transfer (automatic),108.75,5431.9,0,0.5470615783866153,1,High Risk,True,Priority 2,Offer incentive to move to a long-term contract | Conduct plan review or provide personalized retention offer | Offer trial or discounted technical support,2
3657-COGMW,Female,1,No,No,52,Yes,Yes,Fiber optic,Yes,Yes,Yes,No,Yes,Yes,Month-to-month,No,Credit card (automatic),108.1,5839.3,0,0.5465000630814772,1,High Risk,True,Priority 2,Offer incentive to move to a long-term contract | Conduct plan review or provide personalized retention offer | Offer trial or discounted technical support,2
8152-UOBNY,Female,1,No,No,50,Yes,Yes,Fiber optic,No,Yes,No,Yes,Yes,Yes,One year,Yes,Electronic check,106.8,5347.95,0,0.5463660054333126,1,High Risk,True,Priority 2,Encourage automatic payment adoption | Conduct plan review or provide personalized retention offer | Promote bundled online security services,2
9052-VKDUW,Female,1,Yes,No,65,Yes,Yes,Fiber optic,Yes,Yes,Yes,No,Yes,Yes,Month-to-month,Yes,Credit card (automatic),109.4,7227.45,0,0.5461087076692578,1,High Risk,True,Priority 2,Offer incentive to move to a long-term contract | Conduct plan review or provide personalized retention offer | Offer trial or discounted technical support,2
4250-WAROZ,Male,1,Yes,Yes,60,Yes,Yes,Fiber optic,Yes,Yes,No,No,No,Yes,Month-to-month,Yes,Electronic check,93.25,5774.55,0,0.5460715965054264,1,High Risk,True,Priority 2,Offer incentive to move to a long-term contract | Encourage automatic payment adoption | Conduct plan review or provide personalized retention offer,2
4191-XOVOM,Male,0,No,No,63,Yes,Yes,Fiber optic,No,Yes,No,Yes,Yes,Yes,Month-to-month,No,Electronic check,105.4,6713.2,0,0.5455314749952593,1,High Risk,True,Priority 2,Offer incentive to move to a long-term contract | Encourage automatic payment adoption | Conduct plan review or provide personalized retention offer,2
2927-QRRQV,Male,0,Yes,No,46,Yes,Yes,Fiber optic,No,Yes,Yes,No,Yes,No,One year,Yes,Electronic check,94.65,4312.5,0,0.5454831193082561,1,High Risk,True,Priority 2,Encourage automatic payment adoption | Conduct plan review or provide personalized retention offer | Offer trial or discounted technical support,2
5035-PGZXH,Female,0,No,No,56,Yes,Yes,Fiber optic,No,Yes,Yes,No,Yes,Yes,One year,Yes,Electronic check,106.8,5914.4,0,0.5445747155067829,1,High Risk,True,Priority 2,Encourage automatic payment adoption | Conduct plan review or provide personalized retention offer | Offer trial or discounted technical support,2
7426-GSWPO,Male,1,No,No,64,Yes,Yes,Fiber optic,Yes,Yes,No,No,Yes,Yes,Month-to-month,Yes,Bank transfer (automatic),103.5,6548.65,0,0.5442553047455985,1,High Risk,True,Priority 2,Offer incentive to move to a long-term contract | Conduct plan review or provide personalized retention offer | Offer trial or discounted technical support,2
9356-AXGMP,Male,0,Yes,No,38,Yes,Yes,Fiber optic,Yes,No,Yes,Yes,Yes,Yes,One year,Yes,Electronic check,110.7,4428.6,0,0.5435454396874456,1,High Risk,True,Priority 2,Encourage automatic payment adoption | Conduct plan review or provide personalized retention offer,2
5149-TGWDZ,Female,0,No,No,21,Yes,No,Fiber optic,No,Yes,Yes,Yes,Yes,Yes,One year,Yes,Mailed check,104.55,2239.4,0,0.5415972108704132,1,High Risk,True,Priority 2,Conduct plan review or provide personalized retention offer | Promote bundled online security services,2
7449-HVPIV,Male,0,Yes,Yes,55,Yes,Yes,Fiber optic,No,No,Yes,No,Yes,No,Month-to-month,Yes,Credit card (automatic),90.4,5099.15,0,0.5410062736490026,1,High Risk,True,Priority 2,Offer incentive to move to a long-term contract | Conduct plan review or provide personalized retention offer | Offer trial or discounted technical support,2
0060-FUALY,Female,0,Yes,No,59,Yes,Yes,Fiber optic,Yes,Yes,No,No,Yes,No,Month-to-month,Yes,Electronic check,94.75,5597.65,0,0.5408246988543697,1,High Risk,True,Priority 2,Offer incentive to move to a long-term contract | Encourage automatic payment adoption | Conduct plan review or provide personalized retention offer,2
7587-AOVVU,Male,0,Yes,Yes,27,Yes,Yes,Fiber optic,Yes,Yes,No,Yes,Yes,No,Month-to-month,No,Electronic check,100.75,2793.55,0,0.5372387509623755,1,High Risk,True,Priority 2,Offer incentive to move to a long-term contract | Encourage automatic payment adoption | Conduct plan review or provide personalized retention offer,2
6891-JPYFF,Female,0,Yes,Yes,48,Yes,Yes,Fiber optic,Yes,Yes,No,No,Yes,Yes,Month-to-month,Yes,Credit card (automatic),105.25,4997.5,0,0.536839106416705,1,High Risk,True,Priority 2,Offer incentive to move to a long-term contract | Conduct plan review or provide personalized retention offer | Offer trial or discounted technical support,2
3511-APPBJ,Male,0,No,No,23,Yes,No,Fiber optic,Yes,No,Yes,No,Yes,Yes,One year,Yes,Credit card (automatic),99.95,2292.75,0,0.5366816727832754,1,High Risk,True,Priority 2,Conduct plan review or provide personalized retention offer | Offer trial or discounted technical support,2
2988-GBIVW,Female,1,Yes,No,70,Yes,Yes,Fiber optic,Yes,No,No,No,No,Yes,Month-to-month,Yes,Electronic check,90.85,6470.1,0,0.5352627989606216,1,High Risk,True,Priority 2,Offer incentive to move to a long-term contract | Encourage automatic payment adoption | Conduct plan review or provide personalized retention offer,2
4488-KQFDT,Female,0,No,No,61,Yes,Yes,Fiber optic,No,Yes,Yes,No,Yes,Yes,One year,Yes,Electronic check,103.95,6423.0,0,0.535233148160251,1,High Risk,True,Priority 2,Encourage automatic payment adoption | Conduct plan review or provide personalized retention offer | Offer trial or discounted technical support,2
6199-IWKGC,Female,1,Yes,No,46,Yes,Yes,Fiber optic,No,No,No,Yes,Yes,Yes,One year,No,Electronic check,100.25,4753.85,0,0.5349938309746475,1,High Risk,True,Priority 2,Encourage automatic payment adoption | Conduct plan review or provide personalized retention offer | Promote bundled online security services,2
3062-ICYZQ,Female,0,Yes,Yes,51,Yes,Yes,Fiber optic,Yes,Yes,No,No,No,Yes,Month-to-month,Yes,Electronic check,93.8,4539.35,0,0.5349601892275825,1,High Risk,True,Priority 2,Offer incentive to move to a long-term contract | Encourage automatic payment adoption | Conduct plan review or provide personalized retention offer,2
2858-EIMXH,Female,1,Yes,No,53,Yes,Yes,Fiber optic,No,No,No,No,Yes,Yes,One year,Yes,Credit card (automatic),95.85,5016.25,0,0.5346591412843906,1,High Risk,True,Priority 2,Conduct plan review or provide personalized retention offer | Offer trial or discounted technical support | Promote bundled online security services,2
4010-YLMVT,Female,0,No,No,56,Yes,Yes,Fiber optic,Yes,Yes,No,No,Yes,Yes,Month-to-month,Yes,Credit card (automatic),106.6,5893.95,0,0.5330839624426664,1,High Risk,True,Priority 2,Offer incentive to move to a long-term contract | Conduct plan review or provide personalized retention offer | Offer trial or discounted technical support,2
5141-ZUVBH,Female,0,No,Yes,9,Yes,No,Fiber optic,Yes,No,Yes,Yes,No,Yes,Month-to-month,No,Bank transfer (automatic),93.0,870.25,0,0.529411332133044,1,High Risk,True,Priority 2,Offer incentive to move to a long-term contract | Provide proactive onboarding and early engagement | Conduct plan review or provide personalized retention offer,2
3567-PQTSO,Male,0,Yes,Yes,53,Yes,Yes,Fiber optic,No,Yes,Yes,No,Yes,Yes,One year,Yes,Electronic check,105.25,5576.3,0,0.5293638063739582,1,High Risk,True,Priority 2,Encourage automatic payment adoption | Conduct plan review or provide personalized retention offer | Offer trial or discounted technical support,2
1215-FIGMP,Male,0,No,No,60,Yes,Yes,Fiber optic,No,Yes,No,No,Yes,No,Month-to-month,Yes,Bank transfer (automatic),89.9,5450.7,0,0.528913317316014,1,High Risk,True,Priority 2,Offer incentive to move to a long-term contract | Conduct plan review or provide personalized retention offer | Offer trial or discounted technical support,2
1656-DRSMG,Female,0,No,No,63,Yes,Yes,Fiber optic,No,Yes,Yes,Yes,Yes,Yes,Month-to-month,Yes,Credit card (automatic),109.85,7002.95,0,0.5282069803444547,1,High Risk,True,Priority 2,Offer incentive to move to a long-term contract | Conduct plan review or provide personalized retention offer | Promote bundled online security services,2
7789-HKSBS,Female,1,Yes,No,42,Yes,Yes,Fiber optic,Yes,No,Yes,No,Yes,Yes,One year,Yes,Bank transfer (automatic),105.2,4599.15,0,0.527889161575094,1,High Risk,True,Priority 2,Conduct plan review or provide personalized retention offer | Offer trial or discounted technical support,2
2267-FPIMA,Male,0,Yes,No,50,Yes,Yes,Fiber optic,Yes,Yes,No,No,No,Yes,Month-to-month,Yes,Credit card (automatic),94.4,4914.9,0,0.5271702198967213,1,High Risk,True,Priority 2,Offer incentive to move to a long-term contract | Conduct plan review or provide personalized retention offer | Offer trial or discounted technical support,2
5002-GCQFH,Male,0,Yes,No,49,Yes,Yes,Fiber optic,Yes,Yes,No,No,Yes,No,Month-to-month,Yes,Bank transfer (automatic),93.85,4733.1,0,0.526457407236757,1,High Risk,True,Priority 2,Offer incentive to move to a long-term contract | Conduct plan review or provide personalized retention offer | Offer trial or discounted technical support,2
2806-MLNTI,Male,1,Yes,No,52,Yes,Yes,Fiber optic,No,Yes,Yes,No,Yes,Yes,One year,Yes,Bank transfer (automatic),105.1,5376.4,0,0.5262573182731964,1,High Risk,True,Priority 2,Conduct plan review or provide personalized retention offer | Offer trial or discounted technical support | Promote bundled online security services,2
9776-OJUZI,Female,1,No,No,65,Yes,Yes,Fiber optic,No,Yes,Yes,No,Yes,No,Month-to-month,Yes,Bank transfer (automatic),95.45,6223.3,0,0.5249952244370364,1,High Risk,True,Priority 2,Offer incentive to move to a long-term contract | Conduct plan review or provide personalized retention offer | Offer trial or discounted technical support,2
3717-LNXKW,Male,0,Yes,No,38,Yes,Yes,Fiber optic,Yes,No,No,No,Yes,No,Month-to-month,No,Bank transfer (automatic),91.7,3479.05,0,0.5233523325400087,1,High Risk,True,Priority 2,Offer incentive to move to a long-term contract | Conduct plan review or provide personalized retention offer | Offer trial or discounted technical support,2
2931-SVLTV,Male,0,Yes,Yes,40,Yes,Yes,Fiber optic,Yes,Yes,No,Yes,Yes,Yes,Month-to-month,Yes,Credit card (automatic),110.1,4469.1,0,0.5229687658947602,1,High Risk,True,Priority 2,Offer incentive to move to a long-term contract | Conduct plan review or provide personalized retention offer,2
6559-RAKOZ,Male,0,Yes,Yes,49,Yes,Yes,Fiber optic,No,No,No,Yes,Yes,Yes,One year,Yes,Electronic check,97.95,4917.9,0,0.5229569809903978,1,High Risk,True,Priority 2,Encourage automatic payment adoption | Conduct plan review or provide personalized retention offer | Promote bundled online security services,2
7821-DPRQE,Male,0,Yes,No,68,Yes,Yes,Fiber optic,Yes,Yes,No,Yes,Yes,Yes,Month-to-month,Yes,Electronic check,107.7,7320.9,0,0.5227384669941431,1,High Risk,True,Priority 2,Offer incentive to move to a long-term contract | Encourage automatic payment adoption | Conduct plan review or provide personalized retention offer,2
0100-DUVFC,Male,1,Yes,No,70,Yes,Yes,Fiber optic,No,Yes,Yes,No,Yes,Yes,One year,Yes,Electronic check,104.8,7308.95,0,0.5213778879121579,1,High Risk,True,Priority 2,Encourage automatic payment adoption | Conduct plan review or provide personalized retention offer | Offer trial or discounted technical support,2
2279-AXJJK,Male,0,Yes,No,52,Yes,Yes,Fiber optic,No,Yes,No,Yes,No,Yes,Month-to-month,Yes,Credit card (automatic),95.65,5088.4,0,0.5200487388630411,1,High Risk,True,Priority 2,Offer incentive to move to a long-term contract | Conduct plan review or provide personalized retention offer | Promote bundled online security services,2
5804-HYIEZ,Male,0,Yes,Yes,70,Yes,Yes,Fiber optic,Yes,Yes,No,No,Yes,Yes,Month-to-month,Yes,Electronic check,106.05,7554.05,0,0.5175261540716175,1,High Risk,True,Priority 2,Offer incentive to move to a long-term contract | Encourage automatic payment adoption | Conduct plan review or provide personalized retention offer,2
7826-VVKWT,Female,1,Yes,Yes,24,Yes,No,Fiber optic,No,No,Yes,No,Yes,Yes,Two year,Yes,Electronic check,96.55,2263.45,0,0.5171935187523512,1,High Risk,True,Priority 2,Encourage automatic payment adoption | Conduct plan review or provide personalized retention offer | Offer trial or discounted technical support,2
0575-CUQOV,Male,1,Yes,No,60,Yes,No,Fiber optic,No,Yes,Yes,No,Yes,Yes,One year,Yes,Electronic check,97.95,5867.0,0,0.5171133326417142,1,High Risk,True,Priority 2,Encourage automatic payment adoption | Conduct plan review or provide personalized retention offer | Offer trial or discounted technical support,2
2267-WTPYD,Female,1,Yes,No,57,Yes,Yes,Fiber optic,No,Yes,Yes,No,No,Yes,Month-to-month,No,Credit card (automatic),94.0,5438.95,0,0.5159614728718872,1,High Risk,True,Priority 2,Offer incentive to move to a long-term contract | Conduct plan review or provide personalized retention offer | Offer trial or discounted technical support,2
0326-VDYXE,Female,0,Yes,No,70,Yes,Yes,Fiber optic,No,No,Yes,No,Yes,Yes,One year,Yes,Electronic check,97.65,6982.5,0,0.5146796140129067,1,High Risk,True,Priority 2,Encourage automatic payment adoption | Conduct plan review or provide personalized retention offer | Offer trial or discounted technical support,2
4937-QPZPO,Male,0,Yes,Yes,61,Yes,Yes,Fiber optic,No,No,Yes,No,Yes,Yes,One year,Yes,Electronic check,99.9,6241.35,0,0.5143474247330323,1,High Risk,True,Priority 2,Encourage automatic payment adoption | Conduct plan review or provide personalized retention offer | Offer trial or discounted technical support,2
1217-VASWC,Male,1,Yes,No,43,Yes,No,Fiber optic,No,Yes,Yes,No,Yes,Yes,One year,Yes,Bank transfer (automatic),100.55,4304.0,0,0.512104357112172,1,High Risk,True,Priority 2,Conduct plan review or provide personalized retention offer | Offer trial or discounted technical support | Promote bundled online security services,2
4001-TSBTV,Female,0,Yes,Yes,58,Yes,No,Fiber optic,No,Yes,Yes,No,Yes,No,Month-to-month,Yes,Electronic check,91.55,5511.65,0,0.5113302448867743,1,High Risk,True,Priority 2,Offer incentive to move to a long-term contract | Encourage automatic payment adoption | Conduct plan review or provide personalized retention offer,2
0899-WZRSD,Male,0,No,No,56,Yes,Yes,Fiber optic,Yes,No,No,Yes,Yes,Yes,Month-to-month,Yes,Mailed check,105.35,5794.45,0,0.5107393709720255,1,High Risk,True,Priority 2,Offer incentive to move to a long-term contract | Conduct plan review or provide personalized retention offer,2
6353-BRMMA,Female,0,Yes,Yes,54,Yes,Yes,Fiber optic,Yes,Yes,No,No,Yes,Yes,Month-to-month,Yes,Bank transfer (automatic),104.1,5645.8,0,0.5094614496052459,1,High Risk,True,Priority 2,Offer incentive to move to a long-term contract | Conduct plan review or provide personalized retention offer | Offer trial or discounted technical support,2
0237-YFUTL,Female,0,Yes,No,50,Yes,Yes,Fiber optic,Yes,Yes,No,Yes,Yes,Yes,Month-to-month,Yes,Bank transfer (automatic),109.65,5405.8,0,0.5074761324764789,1,High Risk,True,Priority 2,Offer incentive to move to a long-term contract | Conduct plan review or provide personalized retention offer,2
5274-XHAKY,Female,0,Yes,Yes,41,Yes,Yes,Fiber optic,Yes,Yes,No,No,Yes,No,Month-to-month,Yes,Bank transfer (automatic),94.3,3893.6,0,0.5066099007939353,1,High Risk,True,Priority 2,Offer incentive to move to a long-term contract | Conduct plan review or provide personalized retention offer | Offer trial or discounted technical support,2
8755-IWJHN,Male,1,Yes,No,69,Yes,Yes,Fiber optic,No,Yes,Yes,No,No,Yes,Month-to-month,Yes,Bank transfer (automatic),95.35,6382.0,0,0.5064957372730161,1,High Risk,True,Priority 2,Offer incentive to move to a long-term contract | Conduct plan review or provide personalized retention offer | Offer trial or discounted technical support,2
0691-NIKRI,Female,0,No,No,40,Yes,Yes,Fiber optic,No,No,Yes,Yes,Yes,Yes,One year,Yes,Credit card (automatic),105.95,4335.2,0,0.5060239748499153,1,High Risk,True,Priority 2,Conduct plan review or provide personalized retention offer | Promote bundled online security services,2
7245-JMTTQ,Female,0,No,No,51,Yes,Yes,Fiber optic,No,Yes,Yes,Yes,Yes,Yes,One year,Yes,Electronic check,111.5,5703.25,0,0.5053766954267281,1,High Risk,True,Priority 2,Encourage automatic payment adoption | Conduct plan review or provide personalized retention offer | Promote bundled online security services,2
5370-IIVVL,Male,0,No,No,37,Yes,Yes,Fiber optic,No,Yes,No,Yes,Yes,Yes,One year,Yes,Credit card (automatic),104.5,3778.0,0,0.5026996478203305,1,High Risk,True,Priority 2,Conduct plan review or provide personalized retention offer | Promote bundled online security services,2
4070-OKWVH,Female,0,Yes,No,52,Yes,Yes,Fiber optic,No,Yes,Yes,No,Yes,No,Month-to-month,No,Bank transfer (automatic),94.6,5025.8,0,0.5025356336597203,1,High Risk,True,Priority 2,Offer incentive to move to a long-term contract | Conduct plan review or provide personalized retention offer | Offer trial or discounted technical support,2
4188-FRABG,Male,0,Yes,No,57,Yes,Yes,Fiber optic,Yes,Yes,Yes,Yes,Yes,No,Month-to-month,Yes,Electronic check,103.05,5925.75,0,0.502020631116963,1,High Risk,True,Priority 2,Offer incentive to move to a long-term contract | Encourage automatic payment adoption | Conduct plan review or provide personalized retention offer,2
8495-LJDFO,Female,1,No,No,64,Yes,Yes,Fiber optic,Yes,No,Yes,Yes,Yes,Yes,Month-to-month,Yes,Bank transfer (automatic),108.95,7111.3,0,0.5019009640405475,1,High Risk,True,Priority 2,Offer incentive to move to a long-term contract | Conduct plan review or provide personalized retention offer,2
6300-BWMJX,Female,0,Yes,No,59,Yes,Yes,Fiber optic,No,No,Yes,Yes,Yes,No,Month-to-month,No,Electronic check,93.35,5386.5,0,0.5018748525293676,1,High Risk,True,Priority 2,Offer incentive to move to a long-term contract | Encourage automatic payment adoption | Conduct plan review or provide personalized retention offer,2
8597-CWYHH,Male,0,No,No,43,Yes,Yes,Fiber optic,No,No,No,No,Yes,Yes,One year,No,Mailed check,94.35,3921.3,0,0.500329800319572,1,High Risk,True,Priority 2,Conduct plan review or provide personalized retention offer | Offer trial or discounted technical support | Promote bundled online security services,2
5950-AAAGJ,Male,0,No,No,18,Yes,Yes,Fiber optic,No,No,No,No,Yes,No,Month-to-month,No,Bank transfer (automatic),84.3,1537.9,0,0.7499884849846589,1,High Risk,False,Priority 3,Offer incentive to move to a long-term contract | Offer trial or discounted technical support | Promote bundled online security services,3
8040-MNRTF,Female,0,No,No,1,Yes,No,Fiber optic,No,No,No,No,No,No,Month-to-month,No,Mailed check,71.1,71.1,0,0.7498838012220862,1,High Risk,False,Priority 3,Offer incentive to move to a long-term contract | Provide proactive onboarding and early engagement | Offer trial or discounted technical support,3
0682-USIXD,Female,0,Yes,No,21,Yes,No,Fiber optic,No,No,No,Yes,Yes,No,Month-to-month,Yes,Electronic check,86.05,1818.9,0,0.7491794187044785,1,High Risk,False,Priority 3,Offer incentive to move to a long-term contract | Encourage automatic payment adoption | Promote bundled online security services,3
6778-YSNIH,Female,0,No,No,2,Yes,No,DSL,No,Yes,No,No,Yes,No,Month-to-month,Yes,Electronic check,59.0,114.15,0,0.7484050799455151,1,High Risk,False,Priority 3,Offer incentive to move to a long-term contract | Encourage automatic payment adoption | Provide proactive onboarding and early engagement,3
9274-UARKJ,Female,0,No,No,15,Yes,No,Fiber optic,No,Yes,No,No,Yes,No,Month-to-month,Yes,Bank transfer (automatic),83.2,1130.0,0,0.7483307578605142,1,High Risk,False,Priority 3,Offer incentive to move to a long-term contract | Offer trial or discounted technical support | Promote bundled online security services,3
0212-ISBBF,Female,0,No,No,22,No,No phone service,DSL,No,Yes,No,No,Yes,Yes,Month-to-month,Yes,Electronic check,50.35,1098.85,0,0.748002575683271,1,High Risk,False,Priority 3,Offer incentive to move to a long-term contract | Encourage automatic payment adoption | Offer trial or discounted technical support,3
7892-QVYKW,Female,0,Yes,Yes,23,Yes,Yes,Fiber optic,No,No,No,No,No,Yes,Month-to-month,No,Electronic check,85.6,1868.4,0,0.7463809005578825,1,High Risk,False,Priority 3,Offer incentive to move to a long-term contract | Encourage automatic payment adoption | Offer trial or discounted technical support,3
4373-VVHQL,Male,0,No,No,1,Yes,No,DSL,No,No,No,No,No,No,Month-to-month,Yes,Electronic check,44.75,44.75,0,0.7462899639118931,1,High Risk,False,Priority 3,Offer incentive to move to a long-term contract | Encourage automatic payment adoption | Provide proactive onboarding and early engagement,3
8445-DNBAE,Male,0,No,Yes,1,Yes,Yes,DSL,No,No,No,No,No,No,Month-to-month,Yes,Electronic check,50.05,50.05,0,0.746171962798411,1,High Risk,False,Priority 3,Offer incentive to move to a long-term contract | Encourage automatic payment adoption | Provide proactive onboarding and early engagement,3
8705-WZCYL,Male,0,No,No,1,Yes,No,DSL,No,No,No,No,No,No,Month-to-month,Yes,Electronic check,44.8,44.8,0,0.7459975651359236,1,High Risk,False,Priority 3,Offer incentive to move to a long-term contract | Encourage automatic payment adoption | Provide proactive onboarding and early engagement,3
7562-UXTPG,Female,0,No,No,13,Yes,No,Fiber optic,No,No,No,No,No,No,Month-to-month,Yes,Mailed check,70.15,886.7,0,0.7452627109049537,1,High Risk,False,Priority 3,Offer incentive to move to a long-term contract | Offer trial or discounted technical support | Promote bundled online security services,3
8486-AYEQH,Female,0,No,No,31,Yes,Yes,Fiber optic,No,No,No,No,No,No,Month-to-month,Yes,Electronic check,76.05,2227.8,0,0.7448550748084624,1,High Risk,False,Priority 3,Offer incentive to move to a long-term contract | Encourage automatic payment adoption | Offer trial or discounted technical support,3
1746-TGTWV,Male,0,Yes,No,1,Yes,No,Fiber optic,No,No,Yes,No,No,No,Month-to-month,No,Credit card (automatic),75.35,75.35,0,0.7446890915715711,1,High Risk,False,Priority 3,Offer incentive to move to a long-term contract | Provide proactive onboarding and early engagement | Offer trial or discounted technical support,3
7718-RXDGG,Male,0,Yes,No,15,Yes,No,Fiber optic,No,No,No,No,No,No,Month-to-month,Yes,Bank transfer (automatic),68.6,1108.6,0,0.7446692562116247,1,High Risk,False,Priority 3,Offer incentive to move to a long-term contract | Offer trial or discounted technical support | Promote bundled online security services,3
8584-KMVXD,Female,0,No,No,8,Yes,No,Fiber optic,No,Yes,No,No,No,No,Month-to-month,No,Electronic check,75.6,535.55,0,0.7445405901923092,1,High Risk,False,Priority 3,Offer incentive to move to a long-term contract | Encourage automatic payment adoption | Provide proactive onboarding and early engagement,3
7853-OETYL,Female,0,Yes,No,4,No,No phone service,DSL,Yes,No,No,No,No,No,Month-to-month,Yes,Electronic check,29.05,129.6,0,0.7438407156193515,1,High Risk,False,Priority 3,Offer incentive to move to a long-term contract | Encourage automatic payment adoption | Provide proactive onboarding and early engagement,3
9885-AIBVB,Male,0,Yes,No,29,Yes,Yes,Fiber optic,No,Yes,Yes,No,No,No,Month-to-month,Yes,Electronic check,85.8,2440.25,0,0.7421865505594342,1,High Risk,False,Priority 3,Offer incentive to move to a long-term contract | Encourage automatic payment adoption | Offer trial or discounted technical support,3
8356-WUAOJ,Female,0,Yes,No,1,Yes,No,DSL,No,No,No,No,No,No,Month-to-month,Yes,Electronic check,45.0,45.0,0,0.7418824238926756,1,High Risk,False,Priority 3,Offer incentive to move to a long-term contract | Encourage automatic payment adoption | Provide proactive onboarding and early engagement,3
9053-EJUNL,Male,0,No,No,41,Yes,Yes,Fiber optic,No,Yes,No,No,Yes,No,Month-to-month,Yes,Electronic check,89.2,3645.75,0,0.7404207356459782,1,High Risk,False,Priority 3,Offer incentive to move to a long-term contract | Encourage automatic payment adoption | Offer trial or discounted technical support,3
8903-XEBGX,Male,0,No,Yes,2,Yes,No,DSL,No,No,No,No,No,Yes,Month-to-month,Yes,Electronic check,55.3,108.65,0,0.7391051876922639,1,High Risk,False,Priority 3,Offer incentive to move to a long-term contract | Encourage automatic payment adoption | Provide proactive onboarding and early engagement,3
8404-GFGCZ,Male,0,Yes,No,4,Yes,Yes,DSL,No,No,Yes,No,Yes,No,Month-to-month,No,Electronic check,65.6,250.1,0,0.7390162739098489,1,High Risk,False,Priority 3,Offer incentive to move to a long-term contract | Encourage automatic payment adoption | Provide proactive onboarding and early engagement,3
5453-AXEPF,Male,0,Yes,No,17,Yes,Yes,Fiber optic,No,Yes,No,No,No,No,Month-to-month,Yes,Bank transfer (automatic),80.5,1336.9,0,0.738842568579419,1,High Risk,False,Priority 3,Offer incentive to move to a long-term contract | Offer trial or discounted technical support | Promote bundled online security services,3
7978-DKUQH,Female,0,Yes,No,25,Yes,No,Fiber optic,No,No,Yes,No,No,No,Month-to-month,Yes,Electronic check,74.6,1797.75,0,0.7385509331490663,1,High Risk,False,Priority 3,Offer incentive to move to a long-term contract | Encourage automatic payment adoption | Offer trial or discounted technical support,3
4881-JVQOD,Male,1,Yes,Yes,10,No,No phone service,DSL,No,No,No,No,No,Yes,Month-to-month,Yes,Bank transfer (automatic),34.55,362.6,0,0.7383901027479931,1,High Risk,False,Priority 3,Offer incentive to move to a long-term contract | Provide proactive onboarding and early engagement | Offer trial or discounted technical support,3
6551-GNYDG,Female,0,Yes,Yes,14,Yes,No,Fiber optic,No,No,No,No,No,Yes,Month-to-month,Yes,Bank transfer (automatic),80.9,1152.8,0,0.7378747523863337,1,High Risk,False,Priority 3,Offer incentive to move to a long-term contract | Offer trial or discounted technical support | Promote bundled online security services,3
2027-CWDNU,Male,0,Yes,Yes,18,Yes,No,Fiber optic,No,No,No,Yes,No,Yes,Month-to-month,Yes,Electronic check,85.6,1601.5,0,0.7374728654670787,1,High Risk,False,Priority 3,Offer incentive to move to a long-term contract | Encourage automatic payment adoption | Promote bundled online security services,3
7901-HXJVA,Male,0,No,No,14,Yes,No,Fiber optic,No,No,Yes,No,No,No,Month-to-month,No,Electronic check,76.45,1117.55,0,0.7373675867668549,1,High Risk,False,Priority 3,Offer incentive to move to a long-term contract | Encourage automatic payment adoption | Offer trial or discounted technical support,3
4741-WWJQZ,Female,0,Yes,No,2,Yes,No,Fiber optic,Yes,No,No,Yes,No,No,Month-to-month,Yes,Electronic check,80.15,194.55,0,0.7366139214307922,1,High Risk,False,Priority 3,Offer incentive to move to a long-term contract | Encourage automatic payment adoption | Provide proactive onboarding and early engagement,3
9643-AVVWI,Female,0,Yes,Yes,3,Yes,No,Fiber optic,No,Yes,No,Yes,No,No,Month-to-month,Yes,Electronic check,80.0,241.3,0,0.7365550542823933,1,High Risk,False,Priority 3,Offer incentive to move to a long-term contract | Encourage automatic payment adoption | Provide proactive onboarding and early engagement,3
5606-AMZBO,Female,0,Yes,No,10,Yes,Yes,Fiber optic,Yes,No,No,No,No,No,Month-to-month,Yes,Credit card (automatic),78.15,765.15,0,0.7365026078906669,1,High Risk,False,Priority 3,Offer incentive to move to a long-term contract | Provide proactive onboarding and early engagement | Offer trial or discounted technical support,3
5650-YLIBA,Male,0,No,No,31,Yes,Yes,Fiber optic,No,Yes,No,No,No,No,Month-to-month,Yes,Electronic check,81.15,2640.55,0,0.736295699481705,1,High Risk,False,Priority 3,Offer incentive to move to a long-term contract | Encourage automatic payment adoption | Offer trial or discounted technical support,3
7567-ECMCM,Male,0,No,No,24,Yes,No,Fiber optic,No,No,No,No,No,Yes,Month-to-month,Yes,Credit card (automatic),79.85,2001.0,0,0.7360576800857114,1,High Risk,False,Priority 3,Offer incentive to move to a long-term contract | Offer trial or discounted technical support | Promote bundled online security services,3
9450-TRJUU,Male,0,No,No,35,Yes,Yes,Fiber optic,No,No,No,No,Yes,No,Month-to-month,No,Electronic check,83.15,2848.45,0,0.7349104164608837,1,High Risk,False,Priority 3,Offer incentive to move to a long-term contract | Encourage automatic payment adoption | Offer trial or discounted technical support,3
9588-OZDMQ,Female,0,Yes,No,2,Yes,No,DSL,No,No,No,No,No,No,Month-to-month,Yes,Electronic check,45.0,89.75,0,0.7346574856234516,1,High Risk,False,Priority 3,Offer incentive to move to a long-term contract | Encourage automatic payment adoption | Provide proactive onboarding and early engagement,3
6637-KYRCV,Female,0,Yes,Yes,5,No,No phone service,DSL,No,Yes,No,No,No,No,Month-to-month,Yes,Electronic check,30.5,167.2,0,0.7338085694768485,1,High Risk,False,Priority 3,Offer incentive to move to a long-term contract | Encourage automatic payment adoption | Provide proactive onboarding and early engagement,3
7351-KYHQH,Female,1,No,No,7,Yes,No,DSL,No,Yes,Yes,No,Yes,No,Month-to-month,Yes,Electronic check,64.95,493.65,0,0.7332596803533544,1,High Risk,False,Priority 3,Offer incentive to move to a long-term contract | Encourage automatic payment adoption | Provide proactive onboarding and early engagement,3
8212-CRQXP,Female,0,Yes,No,22,Yes,No,Fiber optic,No,No,No,No,Yes,No,Month-to-month,Yes,Credit card (automatic),80.0,1706.45,0,0.733136662350749,1,High Risk,False,Priority 3,Offer incentive to move to a long-term contract | Offer trial or discounted technical support | Promote bundled online security services,3
5035-BVCXS,Male,0,No,No,11,Yes,No,Fiber optic,No,Yes,No,No,No,No,Month-to-month,Yes,Mailed check,75.9,866.4,0,0.7330691307743359,1,High Risk,False,Priority 3,Offer incentive to move to a long-term contract | Provide proactive onboarding and early engagement | Offer trial or discounted technical support,3
4718-DHSMV,Female,0,No,No,11,No,No phone service,DSL,No,No,No,No,Yes,No,Month-to-month,Yes,Mailed check,35.8,363.15,0,0.7322523288767305,1,High Risk,False,Priority 3,Offer incentive to move to a long-term contract | Provide proactive onboarding and early engagement | Offer trial or discounted technical support,3
6704-UTUKK,Male,0,Yes,No,29,No,No phone service,DSL,No,No,No,No,Yes,Yes,Month-to-month,Yes,Electronic check,45.9,1332.4,0,0.7321377887267325,1,High Risk,False,Priority 3,Offer incentive to move to a long-term contract | Encourage automatic payment adoption | Offer trial or discounted technical support,3
8819-IMISP,Male,0,No,No,31,Yes,Yes,Fiber optic,No,Yes,No,No,No,No,Month-to-month,Yes,Electronic check,80.45,2429.1,0,0.7317389566445317,1,High Risk,False,Priority 3,Offer incentive to move to a long-term contract | Encourage automatic payment adoption | Offer trial or discounted technical support,3
9944-AEXBM,Male,0,No,No,32,Yes,Yes,Fiber optic,No,No,No,No,No,Yes,Month-to-month,Yes,Bank transfer (automatic),85.65,2664.3,0,0.7312391029197419,1,High Risk,False,Priority 3,Offer incentive to move to a long-term contract | Offer trial or discounted technical support | Promote bundled online security services,3
0570-BFQHT,Female,0,No,No,9,Yes,No,Fiber optic,No,Yes,Yes,No,No,No,Month-to-month,No,Electronic check,80.55,653.9,0,0.7311412342238305,1,High Risk,False,Priority 3,Offer incentive to move to a long-term contract | Encourage automatic payment adoption | Provide proactive onboarding and early engagement,3
2203-GHNWN,Female,0,Yes,No,24,Yes,Yes,Fiber optic,No,No,Yes,No,No,No,Month-to-month,Yes,Mailed check,79.65,1928.7,0,0.7310440505675363,1,High Risk,False,Priority 3,Offer incentive to move to a long-term contract | Offer trial or discounted technical support | Promote bundled online security services,3
6692-YQHXC,Male,0,No,No,16,Yes,No,Fiber optic,No,No,No,No,No,No,Month-to-month,Yes,Credit card (automatic),69.95,1205.5,0,0.7284255303817373,1,High Risk,False,Priority 3,Offer incentive to move to a long-term contract | Offer trial or discounted technical support | Promote bundled online security services,3
6519-CFDBX,Female,0,No,No,2,Yes,No,DSL,No,No,No,No,No,No,Month-to-month,Yes,Electronic check,45.4,80.95,0,0.7283760965181274,1,High Risk,False,Priority 3,Offer incentive to move to a long-term contract | Encourage automatic payment adoption | Provide proactive onboarding and early engagement,3
1100-DDVRV,Male,0,Yes,No,17,No,No phone service,DSL,No,Yes,No,No,Yes,Yes,Month-to-month,Yes,Mailed check,49.8,836.35,0,0.7283577029233288,1,High Risk,False,Priority 3,Offer incentive to move to a long-term contract | Offer trial or discounted technical support | Promote bundled online security services,3
0869-PAPRP,Female,1,Yes,No,26,Yes,No,Fiber optic,No,No,Yes,No,Yes,No,Month-to-month,Yes,Credit card (automatic),85.7,2067.0,0,0.7275768908902015,1,High Risk,False,Priority 3,Offer incentive to move to a long-term contract | Offer trial or discounted technical support | Promote bundled online security services,3
2694-CIUMO,Female,0,No,No,12,Yes,Yes,Fiber optic,No,No,No,Yes,No,No,Month-to-month,Yes,Credit card (automatic),79.55,958.25,0,0.7273393048024117,1,High Risk,False,Priority 3,Offer incentive to move to a long-term contract | Provide proactive onboarding and early engagement | Promote bundled online security services,3
9026-LHEVG,Female,0,No,No,9,No,No phone service,DSL,No,Yes,No,No,No,Yes,Month-to-month,No,Electronic check,40.75,359.4,0,0.7265224739247585,1,High Risk,False,Priority 3,Offer incentive to move to a long-term contract | Encourage automatic payment adoption | Provide proactive onboarding and early engagement,3
5153-RTHKF,Female,0,No,No,34,Yes,Yes,Fiber optic,No,No,No,No,Yes,No,Month-to-month,No,Electronic check,85.35,2896.6,0,0.7261937992715756,1,High Risk,False,Priority 3,Offer incentive to move to a long-term contract | Encourage automatic payment adoption | Offer trial or discounted technical support,3
6034-YMTOB,Female,0,No,No,5,Yes,No,Fiber optic,No,No,No,Yes,No,No,Month-to-month,Yes,Mailed check,75.65,399.45,0,0.7257748297080236,1,High Risk,False,Priority 3,Offer incentive to move to a long-term contract | Provide proactive onboarding and early engagement | Promote bundled online security services,3
3088-LHEFH,Female,0,No,No,11,Yes,Yes,Fiber optic,Yes,No,No,No,No,No,Month-to-month,Yes,Bank transfer (automatic),79.0,929.3,0,0.7250537671274908,1,High Risk,False,Priority 3,Offer incentive to move to a long-term contract | Provide proactive onboarding and early engagement | Offer trial or discounted technical support,3
5022-JNQEQ,Female,0,Yes,Yes,9,Yes,No,Fiber optic,No,No,No,Yes,No,No,Month-to-month,Yes,Electronic check,75.85,647.5,0,0.7249826045491571,1,High Risk,False,Priority 3,Offer incentive to move to a long-term contract | Encourage automatic payment adoption | Provide proactive onboarding and early engagement,3
9518-XXBXE,Male,1,Yes,No,10,Yes,No,Fiber optic,Yes,No,No,No,No,No,Month-to-month,No,Electronic check,75.3,720.45,0,0.7247300309805852,1,High Risk,False,Priority 3,Offer incentive to move to a long-term contract | Encourage automatic payment adoption | Provide proactive onboarding and early engagement,3
5626-MGTUK,Female,0,No,No,20,Yes,Yes,Fiber optic,Yes,No,No,No,Yes,No,Month-to-month,Yes,Bank transfer (automatic),89.1,1879.25,0,0.7236114906069031,1,High Risk,False,Priority 3,Offer incentive to move to a long-term contract | Offer trial or discounted technical support,3
0428-IKYCP,Male,0,Yes,No,22,Yes,No,Fiber optic,No,No,Yes,No,Yes,No,Month-to-month,Yes,Bank transfer (automatic),87.0,1850.65,0,0.7233132126367158,1,High Risk,False,Priority 3,Offer incentive to move to a long-term contract | Offer trial or discounted technical support | Promote bundled online security services,3
5294-DMSFH,Female,0,Yes,Yes,29,Yes,No,Fiber optic,No,No,No,No,Yes,Yes,Month-to-month,Yes,Credit card (automatic),87.8,2621.75,0,0.7228134807652367,1,High Risk,False,Priority 3,Offer incentive to move to a long-term contract | Offer trial or discounted technical support | Promote bundled online security services,3
5016-IBERQ,Male,0,Yes,No,23,Yes,Yes,Fiber optic,No,Yes,Yes,No,No,No,Month-to-month,No,Electronic check,84.25,1968.1,0,0.7213568587064672,1,High Risk,False,Priority 3,Offer incentive to move to a long-term contract | Encourage automatic payment adoption | Offer trial or discounted technical support,3
1452-KIOVK,Male,0,No,Yes,22,Yes,Yes,Fiber optic,No,Yes,No,No,Yes,No,Month-to-month,Yes,Credit card (automatic),89.1,1949.4,0,0.7212783784043587,1,High Risk,False,Priority 3,Offer incentive to move to a long-term contract | Offer trial or discounted technical support | Promote bundled online security services,3
5175-WLYXL,Male,0,No,No,22,Yes,Yes,Fiber optic,No,Yes,No,No,No,No,Month-to-month,Yes,Mailed check,78.85,1600.25,0,0.7212363923370119,1,High Risk,False,Priority 3,Offer incentive to move to a long-term contract | Offer trial or discounted technical support | Promote bundled online security services,3
3665-JATSN,Female,0,No,No,19,No,No phone service,DSL,No,Yes,No,No,No,Yes,Month-to-month,Yes,Electronic check,39.7,710.05,0,0.7211903121308688,1,High Risk,False,Priority 3,Offer incentive to move to a long-term contract | Encourage automatic payment adoption | Offer trial or discounted technical support,3
1818-ESQMW,Female,0,No,No,27,Yes,No,Fiber optic,No,No,Yes,Yes,No,Yes,Month-to-month,Yes,Electronic check,89.2,2383.6,0,0.7210547259385949,1,High Risk,False,Priority 3,Offer incentive to move to a long-term contract | Encourage automatic payment adoption | Promote bundled online security services,3
8993-IZEUX,Male,0,No,No,7,Yes,No,Fiber optic,No,No,No,No,No,No,Month-to-month,No,Bank transfer (automatic),69.15,488.65,0,0.7198288729765145,1,High Risk,False,Priority 3,Offer incentive to move to a long-term contract | Provide proactive onboarding and early engagement | Offer trial or discounted technical support,3
2672-TGEFF,Female,0,Yes,Yes,37,Yes,Yes,Fiber optic,No,Yes,No,No,Yes,No,Month-to-month,Yes,Electronic check,88.8,3340.55,0,0.7188932399632934,1,High Risk,False,Priority 3,Offer incentive to move to a long-term contract | Encourage automatic payment adoption | Offer trial or discounted technical support,3
2971-SGAFL,Female,0,No,No,13,Yes,Yes,DSL,Yes,No,Yes,No,Yes,Yes,Month-to-month,Yes,Electronic check,78.75,995.35,0,0.7186170270913829,1,High Risk,False,Priority 3,Offer incentive to move to a long-term contract | Encourage automatic payment adoption | Offer trial or discounted technical support,3
2831-EBWRN,Male,0,No,No,4,Yes,No,DSL,No,No,No,No,No,No,Month-to-month,Yes,Electronic check,45.9,199.75,0,0.7181734781989096,1,High Risk,False,Priority 3,Offer incentive to move to a long-term contract | Encourage automatic payment adoption | Provide proactive onboarding and early engagement,3
7634-WSWDB,Female,0,No,Yes,8,No,No phone service,DSL,Yes,No,No,No,No,Yes,Month-to-month,Yes,Electronic check,38.5,330.8,0,0.7177696571752096,1,High Risk,False,Priority 3,Offer incentive to move to a long-term contract | Encourage automatic payment adoption | Provide proactive onboarding and early engagement,3
3439-GVUSX,Male,0,No,No,1,No,No phone service,DSL,No,No,No,No,No,No,Month-to-month,No,Mailed check,24.4,24.4,0,0.716842809494941,1,High Risk,False,Priority 3,Offer incentive to move to a long-term contract | Provide proactive onboarding and early engagement | Offer trial or discounted technical support,3
5600-KTXFM,Male,0,Yes,Yes,2,Yes,No,Fiber optic,No,No,No,No,No,No,Month-to-month,No,Mailed check,69.95,143.9,0,0.7159107851481432,1,High Risk,False,Priority 3,Offer incentive to move to a long-term contract | Provide proactive onboarding and early engagement | Offer trial or discounted technical support,3
8543-MSDMF,Male,0,No,No,3,Yes,No,DSL,Yes,No,Yes,No,Yes,Yes,Month-to-month,Yes,Electronic check,77.4,206.15,0,0.7154241527611996,1,High Risk,False,Priority 3,Offer incentive to move to a long-term contract | Encourage automatic payment adoption | Provide proactive onboarding and early engagement,3
8720-RQSBJ,Male,1,No,No,1,Yes,No,DSL,No,No,No,No,No,No,Month-to-month,No,Electronic check,44.0,44.0,0,0.715109566767453,1,High Risk,False,Priority 3,Offer incentive to move to a long-term contract | Encourage automatic payment adoption | Provide proactive onboarding and early engagement,3
9752-ZNQUT,Female,0,No,No,1,Yes,No,DSL,No,Yes,No,No,No,No,Month-to-month,Yes,Electronic check,48.6,48.6,0,0.7150035375339526,1,High Risk,False,Priority 3,Offer incentive to move to a long-term contract | Encourage automatic payment adoption | Provide proactive onboarding and early engagement,3
3055-MJDSB,Male,0,No,No,9,No,No phone service,DSL,No,No,No,No,No,No,Month-to-month,Yes,Mailed check,24.6,190.1,0,0.7145824192249629,1,High Risk,False,Priority 3,Offer incentive to move to a long-term contract | Provide proactive onboarding and early engagement | Offer trial or discounted technical support,3
1319-YLZJG,Male,0,Yes,No,12,Yes,No,Fiber optic,Yes,Yes,Yes,No,No,No,Month-to-month,Yes,Electronic check,84.6,959.9,0,0.7144357647104315,1,High Risk,False,Priority 3,Offer incentive to move to a long-term contract | Encourage automatic payment adoption | Provide proactive onboarding and early engagement,3
3518-PZXZQ,Female,0,Yes,No,1,Yes,No,DSL,No,No,No,No,Yes,No,Month-to-month,Yes,Mailed check,55.3,55.3,0,0.7142470703971078,1,High Risk,False,Priority 3,Offer incentive to move to a long-term contract | Provide proactive onboarding and early engagement | Offer trial or discounted technical support,3
5122-CYFXA,Female,0,No,No,3,Yes,No,DSL,No,Yes,No,Yes,Yes,Yes,Month-to-month,Yes,Electronic check,75.3,244.1,0,0.7142043762792736,1,High Risk,False,Priority 3,Offer incentive to move to a long-term contract | Encourage automatic payment adoption | Provide proactive onboarding and early engagement,3
5895-QSXOD,Male,0,No,No,9,Yes,No,Fiber optic,No,No,No,No,No,No,Month-to-month,No,Mailed check,70.05,657.5,0,0.7136769263769398,1,High Risk,False,Priority 3,Offer incentive to move to a long-term contract | Provide proactive onboarding and early engagement | Offer trial or discounted technical support,3
7442-YGZFK,Male,0,No,No,1,Yes,Yes,DSL,No,No,No,No,No,No,Month-to-month,Yes,Credit card (automatic),49.8,49.8,0,0.7136643781308778,1,High Risk,False,Priority 3,Offer incentive to move to a long-term contract | Provide proactive onboarding and early engagement | Offer trial or discounted technical support,3
7020-OZKXZ,Female,1,No,No,9,Yes,No,Fiber optic,No,No,Yes,No,No,No,Month-to-month,No,Credit card (automatic),75.5,637.4,0,0.7136036741296974,1,High Risk,False,Priority 3,Offer incentive to move to a long-term contract | Provide proactive onboarding and early engagement | Offer trial or discounted technical support,3
3094-JOJAI,Male,0,No,No,18,Yes,Yes,Fiber optic,No,No,No,No,No,No,Month-to-month,No,Mailed check,74.15,1387.0,0,0.7131759058538136,1,High Risk,False,Priority 3,Offer incentive to move to a long-term contract | Offer trial or discounted technical support | Promote bundled online security services,3
0537-QYZZN,Male,1,Yes,Yes,24,Yes,Yes,Fiber optic,Yes,No,No,No,No,No,Month-to-month,Yes,Electronic check,79.85,1857.75,0,0.7130674858882777,1,High Risk,False,Priority 3,Offer incentive to move to a long-term contract | Encourage automatic payment adoption | Offer trial or discounted technical support,3
2675-OTVVJ,Male,1,Yes,No,31,Yes,Yes,Fiber optic,Yes,No,No,No,Yes,No,Month-to-month,No,Electronic check,89.45,2807.65,0,0.7121985326582952,1,High Risk,False,Priority 3,Offer incentive to move to a long-term contract | Encourage automatic payment adoption | Offer trial or discounted technical support,3
9398-MMQTO,Male,0,No,No,3,Yes,No,Fiber optic,No,Yes,No,No,No,No,Month-to-month,No,Credit card (automatic),74.45,221.1,0,0.7118865960461395,1,High Risk,False,Priority 3,Offer incentive to move to a long-term contract | Provide proactive onboarding and early engagement | Offer trial or discounted technical support,3
9620-ENEJV,Female,0,No,No,6,Yes,No,Fiber optic,No,No,No,No,No,No,Month-to-month,No,Credit card (automatic),70.55,433.95,0,0.7118608145653156,1,High Risk,False,Priority 3,Offer incentive to move to a long-term contract | Provide proactive onboarding and early engagement | Offer trial or discounted technical support,3
6458-CYIDZ,Female,1,No,No,5,Yes,No,Fiber optic,Yes,Yes,No,No,No,No,Month-to-month,No,Electronic check,80.7,374.8,0,0.7116106801391391,1,High Risk,False,Priority 3,Offer incentive to move to a long-term contract | Encourage automatic payment adoption | Provide proactive onboarding and early engagement,3
6158-HDPXZ,Male,0,No,No,1,No,No phone service,DSL,No,No,No,No,No,No,Month-to-month,No,Mailed check,25.35,25.35,0,0.7108516619961017,1,High Risk,False,Priority 3,Offer incentive to move to a long-term contract | Provide proactive onboarding and early engagement | Offer trial or discounted technical support,3
3370-GQEAL,Male,0,Yes,Yes,30,Yes,Yes,Fiber optic,No,No,No,No,Yes,No,Month-to-month,No,Electronic check,85.45,2509.95,0,0.7108470025634739,1,High Risk,False,Priority 3,Offer incentive to move to a long-term contract | Encourage automatic payment adoption | Offer trial or discounted technical support,3
9895-VFOXH,Female,0,No,No,1,No,No phone service,DSL,No,No,No,No,No,No,Month-to-month,No,Mailed check,24.4,24.4,0,0.7100762793972897,1,High Risk,False,Priority 3,Offer incentive to move to a long-term contract | Provide proactive onboarding and early engagement | Offer trial or discounted technical support,3
9552-TGUZV,Male,0,Yes,No,8,Yes,No,Fiber optic,Yes,No,No,No,No,No,Month-to-month,Yes,Mailed check,75.0,658.1,0,0.7091886594948265,1,High Risk,False,Priority 3,Offer incentive to move to a long-term contract | Provide proactive onboarding and early engagement | Offer trial or discounted technical support,3
6464-KEXXH,Male,0,No,No,8,No,No phone service,DSL,No,No,No,No,No,No,Month-to-month,Yes,Credit card (automatic),25.25,186.3,0,0.7089535914997246,1,High Risk,False,Priority 3,Offer incentive to move to a long-term contract | Provide proactive onboarding and early engagement | Offer trial or discounted technical support,3
7460-ITWWP,Female,1,Yes,No,45,Yes,No,Fiber optic,No,No,Yes,No,No,Yes,Month-to-month,Yes,Electronic check,86.1,3861.45,0,0.7085616629101534,1,High Risk,False,Priority 3,Offer incentive to move to a long-term contract | Encourage automatic payment adoption | Offer trial or discounted technical support,3
1777-JYQPJ,Male,0,No,No,2,No,No phone service,DSL,No,No,No,No,No,No,Month-to-month,No,Mailed check,24.3,38.45,0,0.7084818732172579,1,High Risk,False,Priority 3,Offer incentive to move to a long-term contract | Provide proactive onboarding and early engagement | Offer trial or discounted technical support,3
4706-DGAHW,Male,1,No,No,1,Yes,No,DSL,No,No,No,No,No,No,Month-to-month,No,Electronic check,45.2,45.2,0,0.7075018930531779,1,High Risk,False,Priority 3,Offer incentive to move to a long-term contract | Encourage automatic payment adoption | Provide proactive onboarding and early engagement,3
1304-BCCFO,Male,0,Yes,No,9,Yes,No,DSL,No,No,Yes,No,Yes,Yes,Month-to-month,Yes,Mailed check,70.05,564.4,0,0.7073527995999662,1,High Risk,False,Priority 3,Offer incentive to move to a long-term contract | Provide proactive onboarding and early engagement | Offer trial or discounted technical support,3
9272-LSVYH,Male,0,No,No,10,Yes,No,Fiber optic,No,No,No,No,No,No,Month-to-month,No,Mailed check,70.15,735.5,0,0.7068015440439812,1,High Risk,False,Priority 3,Offer incentive to move to a long-term contract | Provide proactive onboarding and early engagement | Offer trial or discounted technical support,3
1845-CSBRZ,Female,1,Yes,Yes,22,Yes,Yes,Fiber optic,No,No,No,No,Yes,No,Month-to-month,No,Bank transfer (automatic),85.35,1961.6,0,0.7063630885867184,1,High Risk,False,Priority 3,Offer incentive to move to a long-term contract | Offer trial or discounted technical support | Promote bundled online security services,3
7404-JLKQG,Female,0,No,No,3,Yes,No,DSL,No,No,Yes,No,Yes,No,Month-to-month,No,Electronic check,57.55,161.45,0,0.7061017018197864,1,High Risk,False,Priority 3,Offer incentive to move to a long-term contract | Encourage automatic payment adoption | Provide proactive onboarding and early engagement,3
2931-FSOHN,Male,1,No,No,13,Yes,No,DSL,No,Yes,No,No,Yes,No,Month-to-month,Yes,Electronic check,59.9,788.35,0,0.7060454431712991,1,High Risk,False,Priority 3,Offer incentive to move to a long-term contract | Encourage automatic payment adoption | Offer trial or discounted technical support,3
2911-WDXMV,Male,0,No,Yes,18,Yes,Yes,Fiber optic,No,No,Yes,No,No,No,Month-to-month,Yes,Credit card (automatic),80.55,1406.65,0,0.7058794213406788,1,High Risk,False,Priority 3,Offer incentive to move to a long-term contract | Offer trial or discounted technical support | Promote bundled online security services,3
3714-NTNFO,Female,0,No,No,49,Yes,Yes,Fiber optic,No,No,No,No,No,Yes,Month-to-month,Yes,Electronic check,84.5,3906.7,0,0.7056629842894283,1,High Risk,False,Priority 3,Offer incentive to move to a long-term contract | Encourage automatic payment adoption | Offer trial or discounted technical support,3
6078-VESFR,Male,1,Yes,No,13,Yes,No,Fiber optic,No,No,No,No,No,No,Month-to-month,No,Bank transfer (automatic),70.45,849.1,0,0.7046722503307152,1,High Risk,False,Priority 3,Offer incentive to move to a long-term contract | Offer trial or discounted technical support | Promote bundled online security services,3
1346-UFHAX,Female,0,No,No,13,Yes,Yes,Fiber optic,Yes,No,No,No,No,No,Month-to-month,Yes,Credit card (automatic),80.0,1029.35,0,0.70437631361676,1,High Risk,False,Priority 3,Offer incentive to move to a long-term contract | Offer trial or discounted technical support,3
7126-RBHSD,Female,0,Yes,No,17,Yes,Yes,Fiber optic,Yes,No,No,No,No,No,Month-to-month,No,Electronic check,78.9,1348.95,0,0.7040904559632641,1,High Risk,False,Priority 3,Offer incentive to move to a long-term contract | Encourage automatic payment adoption | Offer trial or discounted technical support,3
7967-HYCDE,Male,0,No,No,8,Yes,No,Fiber optic,No,No,No,No,No,No,Month-to-month,No,Bank transfer (automatic),70.7,553.4,0,0.7031410882032966,1,High Risk,False,Priority 3,Offer incentive to move to a long-term contract | Provide proactive onboarding and early engagement | Offer trial or discounted technical support,3
6339-DKLMK,Female,0,No,No,13,No,No phone service,DSL,No,Yes,No,No,No,No,Month-to-month,Yes,Electronic check,31.65,389.95,0,0.7029652492645675,1,High Risk,False,Priority 3,Offer incentive to move to a long-term contract | Encourage automatic payment adoption | Offer trial or discounted technical support,3
6729-GDNGC,Female,1,No,No,20,Yes,No,Fiber optic,No,No,No,No,Yes,No,Month-to-month,No,Bank transfer (automatic),80.7,1614.2,0,0.7029607564864083,1,High Risk,False,Priority 3,Offer incentive to move to a long-term contract | Offer trial or discounted technical support | Promote bundled online security services,3
2122-YWVYA,Female,0,No,No,18,Yes,No,Fiber optic,Yes,No,No,No,No,No,Month-to-month,Yes,Electronic check,75.4,1380.4,0,0.7029063681181109,1,High Risk,False,Priority 3,Offer incentive to move to a long-term contract | Encourage automatic payment adoption | Offer trial or discounted technical support,3
7296-PIXQY,Female,0,Yes,Yes,14,Yes,No,Fiber optic,No,No,No,No,No,No,Month-to-month,No,Electronic check,70.2,1046.5,0,0.702851474210454,1,High Risk,False,Priority 3,Offer incentive to move to a long-term contract | Encourage automatic payment adoption | Offer trial or discounted technical support,3
0277-BKSQP,Male,0,Yes,Yes,8,Yes,No,DSL,No,No,No,No,Yes,No,Month-to-month,Yes,Electronic check,54.4,475.1,0,0.7021525522861486,1,High Risk,False,Priority 3,Offer incentive to move to a long-term contract | Encourage automatic payment adoption | Provide proactive onboarding and early engagement,3
0599-XNYDO,Female,0,Yes,No,20,Yes,No,Fiber optic,No,No,No,No,No,No,Month-to-month,Yes,Bank transfer (automatic),69.8,1540.35,0,0.702112484664259,1,High Risk,False,Priority 3,Offer incentive to move to a long-term contract | Offer trial or discounted technical support | Promote bundled online security services,3
6402-EJMWF,Male,0,No,No,4,Yes,No,DSL,No,No,No,No,No,Yes,Month-to-month,Yes,Mailed check,55.3,238.5,0,0.7017683011268917,1,High Risk,False,Priority 3,Offer incentive to move to a long-term contract | Provide proactive onboarding and early engagement | Offer trial or discounted technical support,3
3798-EPWRR,Female,1,No,No,2,Yes,No,DSL,No,No,No,No,No,No,Month-to-month,No,Electronic check,43.95,85.1,0,0.7006960148722746,1,High Risk,False,Priority 3,Offer incentive to move to a long-term contract | Encourage automatic payment adoption | Provide proactive onboarding and early engagement,3
6127-IYJOZ,Male,1,No,No,1,Yes,No,DSL,No,No,No,No,No,No,Month-to-month,Yes,Mailed check,45.85,45.85,0,0.7006155769077517,1,High Risk,False,Priority 3,Offer incentive to move to a long-term contract | Provide proactive onboarding and early engagement | Offer trial or discounted technical support,3
2782-LFZVW,Female,0,No,No,11,Yes,Yes,DSL,No,No,No,No,No,Yes,Month-to-month,Yes,Mailed check,58.95,601.6,0,0.7005451891507418,1,High Risk,False,Priority 3,Offer incentive to move to a long-term contract | Provide proactive onboarding and early engagement | Offer trial or discounted technical support,3
6185-TASNN,Male,1,No,No,1,Yes,No,DSL,No,No,No,No,No,No,Month-to-month,No,Electronic check,46.3,46.3,0,0.7004245882984717,1,High Risk,False,Priority 3,Offer incentive to move to a long-term contract | Encourage automatic payment adoption | Provide proactive onboarding and early engagement,3
2523-EWWZL,Female,0,Yes,No,27,Yes,No,Fiber optic,No,Yes,No,No,No,No,Month-to-month,Yes,Electronic check,76.1,2093.4,0,0.7000561267002672,1,High Risk,False,Priority 3,Offer incentive to move to a long-term contract | Encourage automatic payment adoption | Offer trial or discounted technical support,3
6542-LWGXJ,Male,0,Yes,No,3,No,No phone service,DSL,No,No,No,No,No,No,Month-to-month,No,Mailed check,25.0,78.25,0,0.699619022190043,1,High Risk,False,Priority 3,Offer incentive to move to a long-term contract | Provide proactive onboarding and early engagement | Offer trial or discounted technical support,3
6259-WJQLC,Male,1,No,No,32,Yes,Yes,Fiber optic,No,No,Yes,No,No,No,Month-to-month,Yes,Credit card (automatic),81.1,2619.25,0,0.6989344547599365,1,High Risk,False,Priority 3,Offer incentive to move to a long-term contract | Offer trial or discounted technical support | Promote bundled online security services,3
7658-UYUQS,Male,1,Yes,No,21,Yes,No,Fiber optic,No,No,Yes,No,Yes,No,Month-to-month,No,Bank transfer (automatic),86.55,1857.25,0,0.6987903566487763,1,High Risk,False,Priority 3,Offer incentive to move to a long-term contract | Offer trial or discounted technical support | Promote bundled online security services,3
2811-POVEX,Female,1,Yes,Yes,23,Yes,No,Fiber optic,No,Yes,Yes,No,No,Yes,Month-to-month,Yes,Bank transfer (automatic),88.45,2130.55,0,0.6982586346634236,1,High Risk,False,Priority 3,Offer incentive to move to a long-term contract | Offer trial or discounted technical support | Promote bundled online security services,3
7729-JTEEC,Male,0,Yes,Yes,2,Yes,No,DSL,No,No,No,No,No,No,Month-to-month,Yes,Electronic check,44.5,90.05,0,0.698097059705473,1,High Risk,False,Priority 3,Offer incentive to move to a long-term contract | Encourage automatic payment adoption | Provide proactive onboarding and early engagement,3
1436-ZMJAN,Female,0,Yes,No,10,Yes,No,DSL,No,No,Yes,No,Yes,Yes,Month-to-month,Yes,Credit card (automatic),67.8,653.15,0,0.6980528947848585,1,High Risk,False,Priority 3,Offer incentive to move to a long-term contract | Provide proactive onboarding and early engagement | Offer trial or discounted technical support,3
3995-WFCSM,Female,0,No,No,2,Yes,No,DSL,No,No,Yes,No,No,Yes,Month-to-month,No,Electronic check,60.85,111.4,0,0.6976515190067529,1,High Risk,False,Priority 3,Offer incentive to move to a long-term contract | Encourage automatic payment adoption | Provide proactive onboarding and early engagement,3
6907-FLBER,Male,0,No,No,1,Yes,Yes,DSL,No,Yes,No,No,No,No,Month-to-month,No,Electronic check,54.3,54.3,0,0.6970964485962057,1,High Risk,False,Priority 3,Offer incentive to move to a long-term contract | Encourage automatic payment adoption | Provide proactive onboarding and early engagement,3
0430-IHCDJ,Male,0,No,No,15,Yes,Yes,DSL,No,No,No,No,No,No,Month-to-month,Yes,Electronic check,49.0,749.25,0,0.696732818595217,1,High Risk,False,Priority 3,Offer incentive to move to a long-term contract | Encourage automatic payment adoption | Offer trial or discounted technical support,3
4828-FAZPK,Female,0,Yes,Yes,16,Yes,Yes,Fiber optic,No,Yes,No,No,No,No,Month-to-month,Yes,Credit card (automatic),79.95,1267.95,0,0.6962556461918102,1,High Risk,False,Priority 3,Offer incentive to move to a long-term contract | Offer trial or discounted technical support | Promote bundled online security services,3
0666-UXTJO,Male,1,Yes,No,34,Yes,No,Fiber optic,No,No,Yes,No,Yes,No,Month-to-month,Yes,Credit card (automatic),85.2,2874.45,0,0.6958749628074218,1,High Risk,False,Priority 3,Offer incentive to move to a long-term contract | Offer trial or discounted technical support | Promote bundled online security services,3
2178-PMGCJ,Male,0,No,No,22,Yes,No,Fiber optic,No,No,No,No,No,No,Month-to-month,Yes,Mailed check,69.7,1490.4,0,0.6957034572632794,1,High Risk,False,Priority 3,Offer incentive to move to a long-term contract | Offer trial or discounted technical support | Promote bundled online security services,3
3987-KQDDU,Male,0,No,No,9,Yes,No,Fiber optic,Yes,No,No,No,No,No,Month-to-month,No,Electronic check,75.6,661.55,0,0.694640315648551,1,High Risk,False,Priority 3,Offer incentive to move to a long-term contract | Encourage automatic payment adoption | Provide proactive onboarding and early engagement,3
0141-YEAYS,Female,1,No,No,27,Yes,Yes,Fiber optic,No,Yes,Yes,No,No,No,Month-to-month,Yes,Bank transfer (automatic),86.45,2401.05,0,0.694583206912973,1,High Risk,False,Priority 3,Offer incentive to move to a long-term contract | Offer trial or discounted technical support | Promote bundled online security services,3
6537-QLGEX,Female,0,No,No,16,No,No phone service,DSL,Yes,No,No,No,Yes,No,Month-to-month,Yes,Electronic check,38.9,664.4,0,0.6941390693272723,1,High Risk,False,Priority 3,Offer incentive to move to a long-term contract | Encourage automatic payment adoption | Offer trial or discounted technical support,3
3737-XBQDD,Male,0,No,No,24,Yes,Yes,Fiber optic,No,Yes,Yes,No,No,No,Month-to-month,Yes,Bank transfer (automatic),84.85,2048.8,0,0.6935214438445556,1,High Risk,False,Priority 3,Offer incentive to move to a long-term contract | Offer trial or discounted technical support | Promote bundled online security services,3
2209-XADXF,Female,0,No,No,1,No,No phone service,DSL,No,No,No,No,No,No,Month-to-month,No,Bank transfer (automatic),25.25,25.25,0,0.6929560689161286,1,High Risk,False,Priority 3,Offer incentive to move to a long-term contract | Provide proactive onboarding and early engagement | Offer trial or discounted technical support,3
4465-VDKIQ,Female,0,No,No,18,Yes,No,Fiber optic,No,Yes,Yes,No,No,No,Month-to-month,No,Electronic check,77.8,1358.6,0,0.6929147102138123,1,High Risk,False,Priority 3,Offer incentive to move to a long-term contract | Encourage automatic payment adoption | Offer trial or discounted technical support,3
7339-POGZN,Female,0,No,No,4,Yes,Yes,DSL,No,No,No,No,No,No,Month-to-month,No,Electronic check,50.7,214.55,0,0.6927139468211854,1,High Risk,False,Priority 3,Offer incentive to move to a long-term contract | Encourage automatic payment adoption | Provide proactive onboarding and early engagement,3
8167-GJLRN,Male,0,No,No,3,No,No phone service,DSL,No,No,No,Yes,No,No,Month-to-month,No,Electronic check,30.4,82.15,0,0.6917291556706765,1,High Risk,False,Priority 3,Offer incentive to move to a long-term contract | Encourage automatic payment adoption | Provide proactive onboarding and early engagement,3
5609-IMCGG,Female,0,No,No,15,Yes,Yes,Fiber optic,Yes,No,Yes,No,No,No,Month-to-month,Yes,Credit card (automatic),84.35,1302.65,0,0.6907668845556684,1,High Risk,False,Priority 3,Offer incentive to move to a long-term contract | Offer trial or discounted technical support,3
7077-XJMET,Male,0,Yes,No,12,Yes,No,DSL,No,No,Yes,Yes,Yes,Yes,Month-to-month,Yes,Electronic check,74.15,741.4,0,0.6898647561190893,1,High Risk,False,Priority 3,Offer incentive to move to a long-term contract | Encourage automatic payment adoption | Provide proactive onboarding and early engagement,3
3234-VKACU,Male,0,No,No,2,Yes,No,DSL,No,No,No,Yes,Yes,Yes,Month-to-month,No,Electronic check,70.3,132.4,0,0.6898507548973604,1,High Risk,False,Priority 3,Offer incentive to move to a long-term contract | Encourage automatic payment adoption | Provide proactive onboarding and early engagement,3
8064-RAVOH,Male,0,No,Yes,1,Yes,No,DSL,No,No,Yes,No,No,No,Month-to-month,Yes,Electronic check,49.85,49.85,0,0.6897433528150264,1,High Risk,False,Priority 3,Offer incentive to move to a long-term contract | Encourage automatic payment adoption | Provide proactive onboarding and early engagement,3
9842-EFSYY,Female,0,No,Yes,4,No,No phone service,DSL,Yes,Yes,Yes,No,Yes,Yes,Month-to-month,Yes,Mailed check,57.2,223.75,0,0.6887933809325147,1,High Risk,False,Priority 3,Offer incentive to move to a long-term contract | Provide proactive onboarding and early engagement | Offer trial or discounted technical support,3
8313-KTIHG,Male,0,No,No,4,Yes,No,DSL,No,No,No,Yes,Yes,No,Month-to-month,Yes,Electronic check,61.3,249.4,0,0.6884828423328605,1,High Risk,False,Priority 3,Offer incentive to move to a long-term contract | Encourage automatic payment adoption | Provide proactive onboarding and early engagement,3
7389-KBFIT,Female,0,Yes,Yes,2,No,No phone service,DSL,No,Yes,No,No,No,No,Month-to-month,Yes,Mailed check,30.25,63.75,0,0.6883255203972918,1,High Risk,False,Priority 3,Offer incentive to move to a long-term contract | Provide proactive onboarding and early engagement | Offer trial or discounted technical support,3
7421-ZLUPA,Female,0,No,No,8,No,No phone service,DSL,No,Yes,No,No,No,No,Month-to-month,Yes,Mailed check,29.25,226.95,0,0.6873458615473349,1,High Risk,False,Priority 3,Offer incentive to move to a long-term contract | Provide proactive onboarding and early engagement | Offer trial or discounted technical support,3
6048-QBXKL,Female,1,No,No,2,Yes,Yes,DSL,No,Yes,No,No,No,No,Month-to-month,Yes,Credit card (automatic),56.55,118.25,0,0.6866155725676547,1,High Risk,False,Priority 3,Offer incentive to move to a long-term contract | Provide proactive onboarding and early engagement | Offer trial or discounted technical support,3
7410-OIEDU,Male,0,No,No,10,Yes,No,Fiber optic,Yes,No,Yes,No,No,No,Month-to-month,Yes,Mailed check,79.85,887.35,0,0.6866098296259715,1,High Risk,False,Priority 3,Offer incentive to move to a long-term contract | Provide proactive onboarding and early engagement | Offer trial or discounted technical support,3
7129-CAKJW,Female,0,No,No,17,Yes,Yes,Fiber optic,No,No,Yes,No,No,No,Month-to-month,No,Bank transfer (automatic),80.05,1345.65,0,0.6863734530720866,1,High Risk,False,Priority 3,Offer incentive to move to a long-term contract | Offer trial or discounted technical support | Promote bundled online security services,3
4570-QHXHL,Female,0,No,No,9,Yes,No,DSL,No,No,No,No,No,No,Month-to-month,Yes,Electronic check,43.75,405.7,0,0.6853346473571985,1,High Risk,False,Priority 3,Offer incentive to move to a long-term contract | Encourage automatic payment adoption | Provide proactive onboarding and early engagement,3
1228-ZLNBX,Male,0,No,No,21,Yes,Yes,Fiber optic,No,No,No,No,No,No,Month-to-month,No,Mailed check,75.3,1570.7,0,0.6842727352522854,1,High Risk,False,Priority 3,Offer incentive to move to a long-term contract | Offer trial or discounted technical support | Promote bundled online security services,3
3481-JHUZH,Male,0,Yes,No,41,Yes,Yes,Fiber optic,No,Yes,No,No,No,No,Month-to-month,Yes,Electronic check,80.25,3439.0,0,0.6842522755961653,1,High Risk,False,Priority 3,Offer incentive to move to a long-term contract | Encourage automatic payment adoption | Offer trial or discounted technical support,3
2921-XWDJH,Female,1,Yes,No,38,Yes,No,Fiber optic,Yes,No,No,No,No,Yes,Month-to-month,Yes,Electronic check,83.45,3147.15,0,0.6841089508061141,1,High Risk,False,Priority 3,Offer incentive to move to a long-term contract | Encourage automatic payment adoption | Offer trial or discounted technical support,3
0096-BXERS,Female,0,Yes,No,6,Yes,Yes,DSL,No,No,No,No,No,No,Month-to-month,No,Electronic check,50.35,314.55,0,0.6832709207079557,1,High Risk,False,Priority 3,Offer incentive to move to a long-term contract | Encourage automatic payment adoption | Provide proactive onboarding and early engagement,3
1942-OQFRW,Male,0,No,No,1,Yes,No,DSL,No,No,No,No,No,No,Month-to-month,No,Electronic check,44.0,44.0,0,0.6828307496739963,1,High Risk,False,Priority 3,Offer incentive to move to a long-term contract | Encourage automatic payment adoption | Provide proactive onboarding and early engagement,3
8676-OOQEJ,Male,0,No,No,4,No,No phone service,DSL,No,No,No,Yes,No,No,Month-to-month,No,Electronic check,30.5,118.4,0,0.682633592623561,1,High Risk,False,Priority 3,Offer incentive to move to a long-term contract | Encourage automatic payment adoption | Provide proactive onboarding and early engagement,3
7636-OWBPG,Male,1,No,No,12,No,No phone service,DSL,No,Yes,No,No,No,No,Month-to-month,Yes,Credit card (automatic),29.35,381.2,0,0.6820140279143221,1,High Risk,False,Priority 3,Offer incentive to move to a long-term contract | Provide proactive onboarding and early engagement | Offer trial or discounted technical support,3
2476-YGEFM,Female,0,No,No,29,Yes,Yes,Fiber optic,No,No,No,No,No,No,Month-to-month,Yes,Credit card (automatic),76.0,2215.25,0,0.681897013871893,1,High Risk,False,Priority 3,Offer incentive to move to a long-term contract | Offer trial or discounted technical support | Promote bundled online security services,3
6180-YBIQI,Male,0,No,No,5,No,No phone service,DSL,No,No,No,No,No,No,Month-to-month,No,Mailed check,24.3,100.2,0,0.6814362972405124,1,High Risk,False,Priority 3,Offer incentive to move to a long-term contract | Provide proactive onboarding and early engagement | Offer trial or discounted technical support,3
9800-ONTFE,Female,0,Yes,Yes,22,Yes,Yes,Fiber optic,No,No,No,No,No,No,Month-to-month,Yes,Bank transfer (automatic),75.8,1615.1,0,0.6804697427209465,1,High Risk,False,Priority 3,Offer incentive to move to a long-term contract | Offer trial or discounted technical support | Promote bundled online security services,3
3780-YVMFA,Female,0,Yes,Yes,8,Yes,No,DSL,No,No,No,Yes,Yes,Yes,Month-to-month,Yes,Electronic check,68.55,564.35,0,0.6803394337758053,1,High Risk,False,Priority 3,Offer incentive to move to a long-term contract | Encourage automatic payment adoption | Provide proactive onboarding and early engagement,3
1230-QAJDW,Male,0,No,No,3,Yes,Yes,DSL,No,No,No,Yes,Yes,No,Month-to-month,Yes,Mailed check,65.25,209.9,0,0.6796908625650434,1,High Risk,False,Priority 3,Offer incentive to move to a long-term contract | Provide proactive onboarding and early engagement | Promote bundled online security services,3
7129-ACFOG,Female,0,No,No,5,Yes,Yes,DSL,Yes,No,No,No,No,No,Month-to-month,Yes,Electronic check,53.8,283.95,0,0.6795304474999122,1,High Risk,False,Priority 3,Offer incentive to move to a long-term contract | Encourage automatic payment adoption | Provide proactive onboarding and early engagement,3
1866-OBPNR,Male,0,Yes,Yes,1,Yes,No,Fiber optic,No,Yes,No,No,No,No,Month-to-month,No,Credit card (automatic),74.6,74.6,0,0.6794755620143423,1,High Risk,False,Priority 3,Offer incentive to move to a long-term contract | Provide proactive onboarding and early engagement | Offer trial or discounted technical support,3
4459-BBGHE,Male,0,No,Yes,30,No,No phone service,DSL,No,No,No,No,Yes,Yes,Month-to-month,Yes,Electronic check,44.5,1307.8,0,0.6792493105308592,1,High Risk,False,Priority 3,Offer incentive to move to a long-term contract | Encourage automatic payment adoption | Offer trial or discounted technical support,3
7504-UWHNB,Male,0,No,No,25,Yes,No,Fiber optic,No,No,No,No,No,No,Month-to-month,No,Electronic check,69.75,1729.35,0,0.6788525160280768,1,High Risk,False,Priority 3,Offer incentive to move to a long-term contract | Encourage automatic payment adoption | Offer trial or discounted technical support,3
5356-CSVSQ,Female,0,No,No,3,Yes,Yes,DSL,No,No,No,Yes,Yes,No,Month-to-month,No,Electronic check,64.6,174.2,0,0.6780504516567388,1,High Risk,False,Priority 3,Offer incentive to move to a long-term contract | Encourage automatic payment adoption | Provide proactive onboarding and early engagement,3
0082-LDZUE,Male,0,No,No,1,Yes,No,DSL,No,No,No,No,No,No,Month-to-month,Yes,Mailed check,44.3,44.3,0,0.6779935566435722,1,High Risk,False,Priority 3,Offer incentive to move to a long-term contract | Provide proactive onboarding and early engagement | Offer trial or discounted technical support,3
9522-BNTHX,Female,1,No,No,34,No,No phone service,DSL,No,Yes,Yes,No,Yes,Yes,Month-to-month,Yes,Electronic check,56.25,1765.95,0,0.6777437814752262,1,High Risk,False,Priority 3,Offer incentive to move to a long-term contract | Encourage automatic payment adoption | Offer trial or discounted technical support,3
1101-SSWAG,Female,0,Yes,No,15,Yes,Yes,DSL,No,No,No,No,No,No,Month-to-month,Yes,Electronic check,51.1,711.15,0,0.6776404923366582,1,High Risk,False,Priority 3,Offer incentive to move to a long-term contract | Encourage automatic payment adoption | Offer trial or discounted technical support,3
1478-VPOAD,Female,0,No,No,1,Yes,No,DSL,No,No,No,No,No,No,Month-to-month,No,Electronic check,43.8,43.8,0,0.6769710280396075,1,High Risk,False,Priority 3,Offer incentive to move to a long-term contract | Encourage automatic payment adoption | Provide proactive onboarding and early engagement,3
3716-UVSPD,Male,0,No,No,1,Yes,No,DSL,No,No,No,Yes,No,No,Month-to-month,Yes,Electronic check,49.3,49.3,0,0.6764793541445725,1,High Risk,False,Priority 3,Offer incentive to move to a long-term contract | Encourage automatic payment adoption | Provide proactive onboarding and early engagement,3
9643-YBLUR,Male,0,Yes,No,9,Yes,Yes,DSL,No,Yes,Yes,No,No,Yes,Month-to-month,Yes,Credit card (automatic),69.05,653.95,0,0.6764521177143553,1,High Risk,False,Priority 3,Offer incentive to move to a long-term contract | Provide proactive onboarding and early engagement | Offer trial or discounted technical support,3
0708-LGSMF,Male,0,Yes,No,13,Yes,Yes,DSL,Yes,No,No,No,No,Yes,Month-to-month,Yes,Electronic check,65.85,902.25,0,0.676269715092305,1,High Risk,False,Priority 3,Offer incentive to move to a long-term contract | Encourage automatic payment adoption | Offer trial or discounted technical support,3
9389-ACWBI,Female,0,Yes,Yes,5,Yes,No,Fiber optic,No,No,No,No,No,No,Month-to-month,No,Credit card (automatic),69.95,320.4,0,0.6758233351502168,1,High Risk,False,Priority 3,Offer incentive to move to a long-term contract | Provide proactive onboarding and early engagement | Offer trial or discounted technical support,3
5651-YLPRD,Female,0,Yes,Yes,32,Yes,No,Fiber optic,No,Yes,No,No,Yes,No,Month-to-month,Yes,Electronic check,86.1,2723.75,0,0.6757249961896432,1,High Risk,False,Priority 3,Offer incentive to move to a long-term contract | Encourage automatic payment adoption | Offer trial or discounted technical support,3
5916-QEWPT,Female,0,Yes,No,2,Yes,No,DSL,No,No,Yes,No,Yes,Yes,Month-to-month,No,Credit card (automatic),69.0,147.8,0,0.6755036143155544,1,High Risk,False,Priority 3,Offer incentive to move to a long-term contract | Provide proactive onboarding and early engagement | Offer trial or discounted technical support,3
7030-NJVDP,Male,0,Yes,No,24,Yes,No,Fiber optic,Yes,No,No,Yes,No,Yes,Month-to-month,Yes,Electronic check,89.25,2210.2,0,0.6744687753073607,1,High Risk,False,Priority 3,Offer incentive to move to a long-term contract | Encourage automatic payment adoption,3
7798-JVXYM,Female,0,No,No,14,Yes,No,DSL,No,No,No,Yes,Yes,Yes,Month-to-month,Yes,Electronic check,69.65,921.4,0,0.6741099696742894,1,High Risk,False,Priority 3,Offer incentive to move to a long-term contract | Encourage automatic payment adoption | Promote bundled online security services,3
8710-YGLWG,Male,0,No,No,1,Yes,No,DSL,No,No,No,No,No,No,Month-to-month,Yes,Mailed check,44.9,44.9,0,0.6739360569809826,1,High Risk,False,Priority 3,Offer incentive to move to a long-term contract | Provide proactive onboarding and early engagement | Offer trial or discounted technical support,3
5404-GGUKR,Male,0,No,No,5,Yes,No,DSL,No,Yes,No,No,No,No,Month-to-month,Yes,Electronic check,51.35,262.3,0,0.6737622020816504,1,High Risk,False,Priority 3,Offer incentive to move to a long-term contract | Encourage automatic payment adoption | Provide proactive onboarding and early engagement,3
8950-MTZNV,Male,0,No,No,1,Yes,No,DSL,No,No,No,No,No,No,Month-to-month,Yes,Mailed check,44.95,44.95,0,0.6735967418338681,1,High Risk,False,Priority 3,Offer incentive to move to a long-term contract | Provide proactive onboarding and early engagement | Offer trial or discounted technical support,3
9777-WJJPR,Male,0,Yes,No,31,Yes,Yes,Fiber optic,No,No,Yes,No,Yes,No,Month-to-month,No,Credit card (automatic),88.65,2683.2,0,0.6733907813621313,1,High Risk,False,Priority 3,Offer incentive to move to a long-term contract | Offer trial or discounted technical support | Promote bundled online security services,3
1216-JWVUX,Male,0,Yes,Yes,25,Yes,No,Fiber optic,No,Yes,No,No,No,No,Month-to-month,Yes,Electronic check,75.5,1901.05,0,0.6733393359621329,1,High Risk,False,Priority 3,Offer incentive to move to a long-term contract | Encourage automatic payment adoption | Offer trial or discounted technical support,3
1261-FWTTE,Male,1,No,No,23,No,No phone service,DSL,No,No,No,No,No,Yes,Month-to-month,Yes,Bank transfer (automatic),34.65,768.45,0,0.6730586386236005,1,High Risk,False,Priority 3,Offer incentive to move to a long-term contract | Offer trial or discounted technical support | Promote bundled online security services,3
9214-EKVXR,Female,0,No,No,1,Yes,No,DSL,No,No,No,No,No,No,Month-to-month,Yes,Mailed check,44.0,44.0,0,0.6727674453989205,1,High Risk,False,Priority 3,Offer incentive to move to a long-term contract | Provide proactive onboarding and early engagement | Offer trial or discounted technical support,3
4948-WBBKL,Female,1,No,No,36,Yes,Yes,Fiber optic,No,No,No,No,No,No,Month-to-month,Yes,Bank transfer (automatic),74.9,2659.45,0,0.6713337953054374,1,High Risk,False,Priority 3,Offer incentive to move to a long-term contract | Offer trial or discounted technical support | Promote bundled online security services,3
7277-OZCGZ,Female,0,No,No,22,Yes,No,Fiber optic,Yes,No,No,Yes,No,Yes,Month-to-month,Yes,Electronic check,89.05,1886.25,0,0.670111875089162,1,High Risk,False,Priority 3,Offer incentive to move to a long-term contract | Encourage automatic payment adoption,3
3137-LUPIX,Female,0,No,No,4,Yes,Yes,DSL,No,No,No,Yes,Yes,No,Month-to-month,Yes,Mailed check,64.4,253.0,0,0.6699439062916928,1,High Risk,False,Priority 3,Offer incentive to move to a long-term contract | Provide proactive onboarding and early engagement | Promote bundled online security services,3
3969-GYXEL,Female,0,No,No,11,Yes,No,Fiber optic,Yes,No,No,No,No,No,Month-to-month,No,Electronic check,76.4,838.7,0,0.6699245811609414,1,High Risk,False,Priority 3,Offer incentive to move to a long-term contract | Encourage automatic payment adoption | Provide proactive onboarding and early engagement,3
5351-QESIO,Male,0,No,Yes,1,No,No phone service,DSL,No,No,No,No,No,No,Month-to-month,No,Mailed check,24.2,24.2,0,0.6695590402907714,1,High Risk,False,Priority 3,Offer incentive to move to a long-term contract | Provide proactive onboarding and early engagement | Offer trial or discounted technical support,3
3566-HJGPK,Male,0,No,No,1,Yes,No,DSL,No,No,No,No,No,No,Month-to-month,Yes,Mailed check,45.55,45.55,0,0.6695108455383009,1,High Risk,False,Priority 3,Offer incentive to move to a long-term contract | Provide proactive onboarding and early engagement | Offer trial or discounted technical support,3
6650-VJONK,Male,0,No,No,1,Yes,No,DSL,No,No,No,No,No,No,Month-to-month,Yes,Bank transfer (automatic),43.85,43.85,0,0.6688357125857091,1,High Risk,False,Priority 3,Offer incentive to move to a long-term contract | Provide proactive onboarding and early engagement | Offer trial or discounted technical support,3
5133-POWUA,Male,0,No,No,1,Yes,No,DSL,No,No,No,No,No,No,Month-to-month,Yes,Mailed check,45.8,45.8,0,0.6678007652350044,1,High Risk,False,Priority 3,Offer incentive to move to a long-term contract | Provide proactive onboarding and early engagement | Offer trial or discounted technical support,3
3961-SXAXY,Male,0,No,No,1,Yes,No,DSL,No,No,No,No,No,No,Month-to-month,Yes,Bank transfer (automatic),44.05,44.05,0,0.6674665979877071,1,High Risk,False,Priority 3,Offer incentive to move to a long-term contract | Provide proactive onboarding and early engagement | Offer trial or discounted technical support,3
1910-FMXJM,Female,0,Yes,No,36,Yes,No,Fiber optic,No,No,No,No,No,Yes,Month-to-month,No,Electronic check,80.4,2937.65,0,0.667283464121323,1,High Risk,False,Priority 3,Offer incentive to move to a long-term contract | Encourage automatic payment adoption | Offer trial or discounted technical support,3
9626-WEQRM,Female,0,No,No,4,No,No phone service,DSL,Yes,No,No,No,No,No,Month-to-month,Yes,Mailed check,29.15,110.05,0,0.6665956630670822,1,High Risk,False,Priority 3,Offer incentive to move to a long-term contract | Provide proactive onboarding and early engagement | Offer trial or discounted technical support,3
6217-TOWGS,Female,0,Yes,No,17,Yes,Yes,DSL,No,Yes,No,No,Yes,Yes,Month-to-month,Yes,Bank transfer (automatic),75.4,1322.55,0,0.6664617263111315,1,High Risk,False,Priority 3,Offer incentive to move to a long-term contract | Offer trial or discounted technical support | Promote bundled online security services,3
0410-IPFTY,Female,0,Yes,No,31,Yes,No,Fiber optic,No,Yes,No,No,No,Yes,Month-to-month,Yes,Bank transfer (automatic),83.85,2674.15,0,0.6662988407678229,1,High Risk,False,Priority 3,Offer incentive to move to a long-term contract | Offer trial or discounted technical support | Promote bundled online security services,3
2519-ERQOJ,Male,1,No,No,33,No,No phone service,DSL,No,No,Yes,Yes,Yes,Yes,Month-to-month,Yes,Electronic check,54.6,1803.7,0,0.6657770213269422,1,High Risk,False,Priority 3,Offer incentive to move to a long-term contract | Encourage automatic payment adoption | Promote bundled online security services,3
4860-IJUDE,Male,0,No,No,13,Yes,No,Fiber optic,Yes,No,No,No,No,No,Month-to-month,Yes,Credit card (automatic),73.75,956.65,0,0.6655814111494572,1,High Risk,False,Priority 3,Offer incentive to move to a long-term contract | Offer trial or discounted technical support,3
6135-OZQVA,Female,0,No,No,7,Yes,Yes,DSL,Yes,No,No,No,No,No,Month-to-month,Yes,Electronic check,53.65,404.35,0,0.6655404236040952,1,High Risk,False,Priority 3,Offer incentive to move to a long-term contract | Encourage automatic payment adoption | Provide proactive onboarding and early engagement,3
3058-WQDRE,Male,0,No,No,13,No,No phone service,DSL,No,No,No,No,No,No,Month-to-month,Yes,Bank transfer (automatic),25.15,331.85,0,0.6654317556128241,1,High Risk,False,Priority 3,Offer incentive to move to a long-term contract | Offer trial or discounted technical support | Promote bundled online security services,3
1536-HBSWP,Female,0,No,No,1,Yes,No,DSL,No,No,No,Yes,No,No,Month-to-month,Yes,Electronic check,49.9,49.9,0,0.6650797790315351,1,High Risk,False,Priority 3,Offer incentive to move to a long-term contract | Encourage automatic payment adoption | Provide proactive onboarding and early engagement,3
1406-PUQVY,Male,0,No,Yes,1,Yes,No,DSL,No,Yes,No,No,No,No,Month-to-month,Yes,Electronic check,49.9,49.9,0,0.6646166656220729,1,High Risk,False,Priority 3,Offer incentive to move to a long-term contract | Encourage automatic payment adoption | Provide proactive onboarding and early engagement,3
0365-GXEZS,Male,0,Yes,No,18,Yes,No,Fiber optic,No,No,Yes,Yes,No,No,Month-to-month,No,Electronic check,78.2,1468.75,0,0.6641744188066188,1,High Risk,False,Priority 3,Offer incentive to move to a long-term contract | Encourage automatic payment adoption | Promote bundled online security services,3
1728-BQDMA,Female,0,No,No,2,Yes,No,DSL,No,No,No,No,No,No,Month-to-month,No,Electronic check,44.45,82.7,0,0.6639705852754084,1,High Risk,False,Priority 3,Offer incentive to move to a long-term contract | Encourage automatic payment adoption | Provide proactive onboarding and early engagement,3
6646-JPPHA,Female,1,No,No,14,Yes,No,Fiber optic,Yes,Yes,No,No,No,No,Month-to-month,No,Electronic check,78.85,1043.8,0,0.6639589897014319,1,High Risk,False,Priority 3,Offer incentive to move to a long-term contract | Encourage automatic payment adoption | Offer trial or discounted technical support,3
6233-HXJMX,Female,0,No,No,45,Yes,Yes,Fiber optic,No,No,Yes,No,No,Yes,Month-to-month,Yes,Credit card (automatic),89.3,4192.15,0,0.6634071154826036,1,High Risk,False,Priority 3,Offer incentive to move to a long-term contract | Offer trial or discounted technical support | Promote bundled online security services,3
2275-RBYQS,Female,0,No,No,1,Yes,No,DSL,No,No,No,No,No,No,Month-to-month,Yes,Mailed check,45.4,45.4,0,0.6631815659840282,1,High Risk,False,Priority 3,Offer incentive to move to a long-term contract | Provide proactive onboarding and early engagement | Offer trial or discounted technical support,3
8725-JEDFD,Male,0,No,No,27,Yes,No,Fiber optic,No,No,No,No,No,No,Month-to-month,Yes,Mailed check,69.05,1793.25,0,0.6630768236372583,1,High Risk,False,Priority 3,Offer incentive to move to a long-term contract | Offer trial or discounted technical support | Promote bundled online security services,3
8108-UXRQN,Female,0,Yes,Yes,11,No,No phone service,DSL,Yes,No,No,No,Yes,Yes,Month-to-month,No,Electronic check,50.55,565.35,0,0.6630735423373144,1,High Risk,False,Priority 3,Offer incentive to move to a long-term contract | Encourage automatic payment adoption | Provide proactive onboarding and early engagement,3
5515-RUGKN,Male,0,No,No,8,Yes,No,DSL,No,No,No,No,No,Yes,Month-to-month,Yes,Credit card (automatic),54.75,438.05,0,0.6624620217275007,1,High Risk,False,Priority 3,Offer incentive to move to a long-term contract | Provide proactive onboarding and early engagement | Offer trial or discounted technical support,3
6416-YJTTB,Male,0,No,No,11,Yes,No,Fiber optic,Yes,No,Yes,No,No,No,Month-to-month,Yes,Bank transfer (automatic),79.5,795.65,0,0.6622115491677171,1,High Risk,False,Priority 3,Offer incentive to move to a long-term contract | Provide proactive onboarding and early engagement | Offer trial or discounted technical support,3
2277-VWCNI,Female,1,No,No,4,Yes,Yes,DSL,No,No,No,No,No,No,Month-to-month,No,Mailed check,48.75,179.85,0,0.6618003543553429,1,High Risk,False,Priority 3,Offer incentive to move to a long-term contract | Provide proactive onboarding and early engagement | Offer trial or discounted technical support,3
8158-WPEZG,Male,0,No,No,11,No,No phone service,DSL,No,Yes,No,Yes,No,No,Month-to-month,Yes,Electronic check,35.65,425.1,0,0.6616767270924132,1,High Risk,False,Priority 3,Offer incentive to move to a long-term contract | Encourage automatic payment adoption | Provide proactive onboarding and early engagement,3
3452-ABWRL,Male,1,No,No,47,Yes,Yes,Fiber optic,No,No,No,No,Yes,No,Month-to-month,Yes,Credit card (automatic),86.05,3865.6,0,0.6615943843099317,1,High Risk,False,Priority 3,Offer incentive to move to a long-term contract | Offer trial or discounted technical support | Promote bundled online security services,3
2432-TFSMK,Male,0,No,No,18,Yes,Yes,Fiber optic,No,No,Yes,No,Yes,No,One year,Yes,Credit card (automatic),89.6,1633.0,0,0.6615086519198559,1,High Risk,False,Priority 3,Offer trial or discounted technical support | Promote bundled online security services,3
0829-XXPLX,Female,0,No,No,20,Yes,No,Fiber optic,Yes,No,Yes,No,Yes,No,Month-to-month,Yes,Bank transfer (automatic),89.4,1871.15,0,0.6605708182877768,1,High Risk,False,Priority 3,Offer incentive to move to a long-term contract | Offer trial or discounted technical support,3
2988-PLAHS,Female,0,No,No,3,Yes,No,DSL,No,No,Yes,No,Yes,Yes,One year,Yes,Electronic check,69.95,220.45,0,0.6600744983106247,1,High Risk,False,Priority 3,Encourage automatic payment adoption | Provide proactive onboarding and early engagement | Offer trial or discounted technical support,3
0975-VOOVL,Female,0,No,No,3,No,No phone service,DSL,No,Yes,No,No,No,No,Month-to-month,No,Mailed check,29.2,98.5,0,0.6595565162204811,1,High Risk,False,Priority 3,Offer incentive to move to a long-term contract | Provide proactive onboarding and early engagement | Offer trial or discounted technical support,3
9708-HPXWZ,Male,1,No,No,5,No,No phone service,DSL,No,No,Yes,Yes,Yes,No,Month-to-month,No,Credit card (automatic),45.4,214.75,0,0.6595066594702973,1,High Risk,False,Priority 3,Offer incentive to move to a long-term contract | Provide proactive onboarding and early engagement | Promote bundled online security services,3
1785-BPHTP,Male,0,Yes,Yes,28,Yes,No,Fiber optic,No,No,Yes,No,Yes,No,Month-to-month,No,Electronic check,85.45,2289.9,0,0.6594595520986926,1,High Risk,False,Priority 3,Offer incentive to move to a long-term contract | Encourage automatic payment adoption | Offer trial or discounted technical support,3
2538-OIMXF,Female,0,No,Yes,1,No,No phone service,DSL,No,No,No,No,No,No,Month-to-month,No,Mailed check,24.7,24.7,0,0.6587332870691383,1,High Risk,False,Priority 3,Offer incentive to move to a long-term contract | Provide proactive onboarding and early engagement | Offer trial or discounted technical support,3
9505-SQFSW,Female,0,Yes,Yes,3,No,No phone service,DSL,No,Yes,No,No,No,Yes,Month-to-month,No,Mailed check,40.3,92.5,0,0.6584335248438085,1,High Risk,False,Priority 3,Offer incentive to move to a long-term contract | Provide proactive onboarding and early engagement | Offer trial or discounted technical support,3
4468-KAZHE,Female,1,Yes,No,20,Yes,No,DSL,No,Yes,No,No,No,Yes,Month-to-month,Yes,Electronic check,60.0,1259.35,0,0.6582615216999057,1,High Risk,False,Priority 3,Offer incentive to move to a long-term contract | Encourage automatic payment adoption | Offer trial or discounted technical support,3
4526-ZJJTM,Female,1,Yes,No,25,Yes,No,Fiber optic,No,Yes,Yes,No,No,Yes,Month-to-month,No,Bank transfer (automatic),88.4,2191.15,0,0.657730231625228,1,High Risk,False,Priority 3,Offer incentive to move to a long-term contract | Offer trial or discounted technical support | Promote bundled online security services,3
1310-QRITU,Female,0,No,No,18,Yes,Yes,DSL,No,No,No,No,No,No,Month-to-month,Yes,Electronic check,50.3,913.3,0,0.657562893990037,1,High Risk,False,Priority 3,Offer incentive to move to a long-term contract | Encourage automatic payment adoption | Offer trial or discounted technical support,3
4993-JCRGJ,Male,0,No,No,26,Yes,Yes,Fiber optic,No,No,Yes,Yes,No,No,Month-to-month,Yes,Mailed check,84.3,2281.6,0,0.6573232737651029,1,High Risk,False,Priority 3,Offer incentive to move to a long-term contract | Promote bundled online security services,3
8180-AKMJV,Female,0,No,No,1,Yes,No,DSL,No,No,No,No,No,No,Month-to-month,Yes,Credit card (automatic),44.55,44.55,0,0.6570983078316771,1,High Risk,False,Priority 3,Offer incentive to move to a long-term contract | Provide proactive onboarding and early engagement | Offer trial or discounted technical support,3
1853-ARAAQ,Female,0,No,No,26,No,No phone service,DSL,No,No,Yes,No,Yes,Yes,Month-to-month,Yes,Credit card (automatic),50.35,1277.5,0,0.6570498038410418,1,High Risk,False,Priority 3,Offer incentive to move to a long-term contract | Offer trial or discounted technical support | Promote bundled online security services,3
4537-DKTAL,Female,0,No,No,2,Yes,No,DSL,No,No,No,No,No,No,Month-to-month,No,Electronic check,45.55,84.4,0,0.6563804624067356,1,High Risk,False,Priority 3,Offer incentive to move to a long-term contract | Encourage automatic payment adoption | Provide proactive onboarding and early engagement,3
6080-TCMYC,Male,0,Yes,Yes,40,Yes,Yes,Fiber optic,No,No,Yes,No,No,No,Month-to-month,Yes,Electronic check,81.2,3292.3,0,0.6556794779121631,1,High Risk,False,Priority 3,Offer incentive to move to a long-term contract | Encourage automatic payment adoption | Offer trial or discounted technical support,3
1025-FALIX,Female,0,No,No,26,Yes,No,Fiber optic,No,No,No,No,No,No,Month-to-month,Yes,Credit card (automatic),69.05,1815.65,0,0.6552717367504163,1,High Risk,False,Priority 3,Offer incentive to move to a long-term contract | Offer trial or discounted technical support | Promote bundled online security services,3
3278-FSIXX,Female,0,No,No,2,Yes,No,DSL,No,No,No,No,No,No,Month-to-month,Yes,Mailed check,45.25,74.2,0,0.6550638006660536,1,High Risk,False,Priority 3,Offer incentive to move to a long-term contract | Provide proactive onboarding and early engagement | Offer trial or discounted technical support,3
3082-VQXNH,Male,0,Yes,No,3,No,No phone service,DSL,No,Yes,No,No,No,No,Month-to-month,No,Credit card (automatic),29.8,94.4,0,0.6545737675913008,1,High Risk,False,Priority 3,Offer incentive to move to a long-term contract | Provide proactive onboarding and early engagement | Offer trial or discounted technical support,3
6218-KNUBD,Male,0,No,No,6,Yes,No,DSL,No,Yes,No,No,Yes,No,Month-to-month,No,Electronic check,59.45,357.6,0,0.6543338723778566,1,High Risk,False,Priority 3,Offer incentive to move to a long-term contract | Encourage automatic payment adoption | Provide proactive onboarding and early engagement,3
0374-IOEGQ,Female,0,No,No,3,Yes,No,DSL,No,No,No,No,No,No,Month-to-month,No,Electronic check,44.6,122.7,0,0.6542944758563408,1,High Risk,False,Priority 3,Offer incentive to move to a long-term contract | Encourage automatic payment adoption | Provide proactive onboarding and early engagement,3
7159-FVYPK,Female,0,Yes,Yes,3,Yes,Yes,DSL,No,Yes,Yes,No,Yes,No,Month-to-month,Yes,Bank transfer (automatic),69.15,235.0,0,0.6539880448947211,1,High Risk,False,Priority 3,Offer incentive to move to a long-term contract | Provide proactive onboarding and early engagement | Offer trial or discounted technical support,3
4931-TRZWN,Female,0,No,No,13,Yes,No,DSL,Yes,No,No,No,Yes,Yes,Month-to-month,Yes,Electronic check,71.95,923.85,0,0.6537614479858931,1,High Risk,False,Priority 3,Offer incentive to move to a long-term contract | Encourage automatic payment adoption | Offer trial or discounted technical support,3
5839-SUYVZ,Male,0,No,No,16,Yes,No,Fiber optic,No,No,No,Yes,No,No,Month-to-month,Yes,Credit card (automatic),74.55,1170.5,0,0.6537073617427033,1,High Risk,False,Priority 3,Offer incentive to move to a long-term contract | Promote bundled online security services,3
9169-BSVIN,Male,0,No,No,12,Yes,Yes,DSL,No,No,Yes,No,Yes,Yes,Month-to-month,No,Bank transfer (automatic),74.75,827.05,0,0.6536299807033505,1,High Risk,False,Priority 3,Offer incentive to move to a long-term contract | Provide proactive onboarding and early engagement | Offer trial or discounted technical support,3
6128-AQBMT,Male,1,Yes,No,41,No,No phone service,DSL,No,Yes,Yes,No,Yes,Yes,Month-to-month,Yes,Electronic check,53.95,2215.4,0,0.6531687629060124,1,High Risk,False,Priority 3,Offer incentive to move to a long-term contract | Encourage automatic payment adoption | Offer trial or discounted technical support,3
4680-KUTAJ,Female,1,No,No,11,Yes,Yes,DSL,Yes,No,No,No,No,No,Month-to-month,Yes,Electronic check,55.6,580.8,0,0.6526862058962608,1,High Risk,False,Priority 3,Offer incentive to move to a long-term contract | Encourage automatic payment adoption | Provide proactive onboarding and early engagement,3
5365-LLFYV,Female,0,No,No,2,Yes,No,DSL,No,No,No,No,No,No,Month-to-month,Yes,Mailed check,45.85,105.6,0,0.6523575220416744,1,High Risk,False,Priority 3,Offer incentive to move to a long-term contract | Provide proactive onboarding and early engagement | Offer trial or discounted technical support,3
5697-GOMBF,Female,1,Yes,Yes,28,No,No phone service,DSL,No,No,No,No,Yes,No,Month-to-month,Yes,Electronic check,35.9,973.65,0,0.6515480914442605,1,High Risk,False,Priority 3,Offer incentive to move to a long-term contract | Encourage automatic payment adoption | Offer trial or discounted technical support,3
3130-ICDUP,Female,0,No,Yes,2,Yes,Yes,Fiber optic,Yes,No,No,No,No,No,Month-to-month,No,Credit card (automatic),80.55,188.1,0,0.6511055874076178,1,High Risk,False,Priority 3,Offer incentive to move to a long-term contract | Provide proactive onboarding and early engagement | Offer trial or discounted technical support,3
0064-YIJGF,Male,0,Yes,Yes,27,Yes,Yes,Fiber optic,No,No,No,No,No,No,Month-to-month,Yes,Bank transfer (automatic),75.75,1929.0,0,0.6508666372454177,1,High Risk,False,Priority 3,Offer incentive to move to a long-term contract | Offer trial or discounted technical support | Promote bundled online security services,3
5392-AKEMH,Female,0,No,No,12,Yes,No,DSL,No,No,No,No,No,No,Month-to-month,Yes,Electronic check,45.05,523.1,0,0.6507214145734416,1,High Risk,False,Priority 3,Offer incentive to move to a long-term contract | Encourage automatic payment adoption | Provide proactive onboarding and early engagement,3
8096-LOIST,Female,0,No,No,19,Yes,No,DSL,No,No,No,No,No,Yes,Month-to-month,Yes,Electronic check,56.2,1093.4,0,0.6504879732131029,1,High Risk,False,Priority 3,Offer incentive to move to a long-term contract | Encourage automatic payment adoption | Offer trial or discounted technical support,3
4727-MCYZG,Male,0,No,No,1,Yes,No,DSL,No,No,No,No,No,Yes,Month-to-month,No,Mailed check,55.55,55.55,0,0.6489632007409252,1,High Risk,False,Priority 3,Offer incentive to move to a long-term contract | Provide proactive onboarding and early engagement | Offer trial or discounted technical support,3
0118-JPNOY,Female,1,No,No,26,Yes,No,Fiber optic,Yes,No,No,No,Yes,No,Month-to-month,Yes,Credit card (automatic),85.8,2193.65,0,0.6489254917758498,1,High Risk,False,Priority 3,Offer incentive to move to a long-term contract | Offer trial or discounted technical support,3
3569-EDBPQ,Female,0,No,No,24,Yes,Yes,Fiber optic,Yes,No,No,Yes,No,No,Month-to-month,Yes,Electronic check,84.35,1938.05,0,0.6482381975845809,1,High Risk,False,Priority 3,Offer incentive to move to a long-term contract | Encourage automatic payment adoption,3
4636-JGAAI,Male,0,Yes,No,34,Yes,Yes,Fiber optic,No,Yes,No,No,No,Yes,Month-to-month,No,Mailed check,88.85,3000.25,0,0.6479442014231688,1,High Risk,False,Priority 3,Offer incentive to move to a long-term contract | Offer trial or discounted technical support | Promote bundled online security services,3
5419-JKZNQ,Male,1,Yes,No,30,Yes,Yes,Fiber optic,No,No,No,No,No,No,Month-to-month,No,Mailed check,77.9,2351.45,0,0.6474692337408116,1,High Risk,False,Priority 3,Offer incentive to move to a long-term contract | Offer trial or discounted technical support | Promote bundled online security services,3
2960-NKRSO,Male,0,No,No,24,Yes,No,Fiber optic,No,Yes,Yes,Yes,No,No,Month-to-month,Yes,Electronic check,85.95,2107.15,0,0.6470313367227608,1,High Risk,False,Priority 3,Offer incentive to move to a long-term contract | Encourage automatic payment adoption | Promote bundled online security services,3
0015-UOCOJ,Female,1,No,No,7,Yes,No,DSL,Yes,No,No,No,No,No,Month-to-month,Yes,Electronic check,48.2,340.35,0,0.6469206651726821,1,High Risk,False,Priority 3,Offer incentive to move to a long-term contract | Encourage automatic payment adoption | Provide proactive onboarding and early engagement,3
4660-IRIBM,Male,0,Yes,Yes,18,Yes,No,Fiber optic,Yes,No,Yes,No,Yes,No,Month-to-month,Yes,Mailed check,87.9,1500.5,0,0.6467438772294507,1,High Risk,False,Priority 3,Offer incentive to move to a long-term contract | Offer trial or discounted technical support,3
0531-ZZJWQ,Male,1,Yes,No,55,Yes,Yes,Fiber optic,No,No,No,No,No,No,Month-to-month,Yes,Electronic check,74.0,4052.4,0,0.6461260239569807,1,High Risk,False,Priority 3,Offer incentive to move to a long-term contract | Encourage automatic payment adoption | Offer trial or discounted technical support,3
2103-ZRXFN,Male,0,No,No,1,Yes,Yes,DSL,No,No,No,No,No,No,Month-to-month,No,Mailed check,50.75,50.75,0,0.64611588262279,1,High Risk,False,Priority 3,Offer incentive to move to a long-term contract | Provide proactive onboarding and early engagement | Offer trial or discounted technical support,3
0003-MKNFE,Male,0,No,No,9,Yes,Yes,DSL,No,No,No,No,No,Yes,Month-to-month,No,Mailed check,59.9,542.4,0,0.6455290917321747,1,High Risk,False,Priority 3,Offer incentive to move to a long-term contract | Provide proactive onboarding and early engagement | Offer trial or discounted technical support,3
2637-FKFSY,Female,0,Yes,No,3,Yes,No,DSL,No,No,No,No,No,No,Month-to-month,Yes,Mailed check,46.1,130.15,0,0.6451108835359909,1,High Risk,False,Priority 3,Offer incentive to move to a long-term contract | Provide proactive onboarding and early engagement | Offer trial or discounted technical support,3
9470-XCCEM,Male,0,Yes,Yes,35,Yes,Yes,Fiber optic,No,Yes,No,No,Yes,No,Month-to-month,Yes,Bank transfer (automatic),89.65,3161.6,0,0.6451012759112031,1,High Risk,False,Priority 3,Offer incentive to move to a long-term contract | Offer trial or discounted technical support | Promote bundled online security services,3
1442-BQPVU,Female,0,No,No,13,No,No phone service,DSL,No,Yes,No,No,No,No,Month-to-month,No,Electronic check,29.15,357.15,0,0.6449500860166747,1,High Risk,False,Priority 3,Offer incentive to move to a long-term contract | Encourage automatic payment adoption | Offer trial or discounted technical support,3
1849-RJYIG,Female,0,No,No,8,Yes,No,DSL,Yes,No,No,No,Yes,No,Month-to-month,Yes,Electronic check,60.0,487.75,0,0.6448002750193926,1,High Risk,False,Priority 3,Offer incentive to move to a long-term contract | Encourage automatic payment adoption | Provide proactive onboarding and early engagement,3
9029-FEGVJ,Female,1,Yes,No,32,Yes,Yes,Fiber optic,No,No,Yes,No,No,No,Month-to-month,No,Mailed check,79.3,2570.0,0,0.6434443396285695,1,High Risk,False,Priority 3,Offer incentive to move to a long-term contract | Offer trial or discounted technical support | Promote bundled online security services,3
8450-UYIBU,Female,1,No,No,35,No,No phone service,DSL,No,No,Yes,No,Yes,No,Month-to-month,Yes,Electronic check,39.85,1434.6,0,0.6434271533564059,1,High Risk,False,Priority 3,Offer incentive to move to a long-term contract | Encourage automatic payment adoption | Offer trial or discounted technical support,3
0641-EVBOJ,Male,0,No,No,3,Yes,No,Fiber optic,Yes,No,No,Yes,No,No,Month-to-month,Yes,Mailed check,82.3,214.4,0,0.6424651941924092,1,High Risk,False,Priority 3,Offer incentive to move to a long-term contract | Provide proactive onboarding and early engagement,3
0804-XBFBV,Female,0,No,Yes,11,No,No phone service,DSL,No,No,No,No,No,No,Month-to-month,No,Electronic check,25.2,321.05,0,0.6420317722463015,1,High Risk,False,Priority 3,Offer incentive to move to a long-term contract | Encourage automatic payment adoption | Provide proactive onboarding and early engagement,3
3845-JHAMY,Female,0,Yes,Yes,16,No,No phone service,DSL,No,No,No,No,No,Yes,Month-to-month,Yes,Credit card (automatic),35.5,552.7,0,0.6416572906975124,1,High Risk,False,Priority 3,Offer incentive to move to a long-term contract | Offer trial or discounted technical support | Promote bundled online security services,3
1816-FLZDK,Male,0,No,No,1,No,No phone service,DSL,No,No,No,Yes,No,No,Month-to-month,No,Mailed check,29.15,29.15,0,0.6413886471778388,1,High Risk,False,Priority 3,Offer incentive to move to a long-term contract | Provide proactive onboarding and early engagement | Promote bundled online security services,3
5968-VXZLG,Male,0,No,No,2,Yes,No,DSL,No,No,No,No,No,No,Month-to-month,Yes,Bank transfer (automatic),46.6,87.9,0,0.6410424078904143,1,High Risk,False,Priority 3,Offer incentive to move to a long-term contract | Provide proactive onboarding and early engagement | Offer trial or discounted technical support,3
4343-EJVQB,Male,0,No,No,7,Yes,No,Fiber optic,Yes,No,No,No,No,No,Month-to-month,No,Mailed check,74.35,533.6,0,0.6408598179569649,1,High Risk,False,Priority 3,Offer incentive to move to a long-term contract | Provide proactive onboarding and early engagement | Offer trial or discounted technical support,3
2792-LSHWX,Female,0,No,No,1,Yes,No,Fiber optic,Yes,Yes,No,Yes,No,No,Month-to-month,Yes,Mailed check,83.4,83.4,0,0.6405083922871202,1,High Risk,False,Priority 3,Offer incentive to move to a long-term contract | Provide proactive onboarding and early engagement,3
9261-WDCAF,Male,0,No,No,3,Yes,No,DSL,No,No,No,No,No,Yes,Month-to-month,No,Mailed check,54.65,189.1,0,0.640393849473886,1,High Risk,False,Priority 3,Offer incentive to move to a long-term contract | Provide proactive onboarding and early engagement | Offer trial or discounted technical support,3
7401-RUBNK,Female,0,Yes,No,18,Yes,No,Fiber optic,Yes,No,No,No,No,No,Month-to-month,No,Electronic check,74.8,1438.05,0,0.6398079625823517,1,High Risk,False,Priority 3,Offer incentive to move to a long-term contract | Encourage automatic payment adoption | Offer trial or discounted technical support,3
1329-VHWNP,Female,0,No,No,7,No,No phone service,DSL,No,No,No,No,No,No,Month-to-month,No,Bank transfer (automatic),25.05,189.95,0,0.6396158194766486,1,High Risk,False,Priority 3,Offer incentive to move to a long-term contract | Provide proactive onboarding and early engagement | Offer trial or discounted technical support,3
1907-YLNYW,Male,0,No,No,8,Yes,No,DSL,Yes,No,Yes,No,No,Yes,Month-to-month,Yes,Electronic check,66.7,579.0,0,0.6394024363993727,1,High Risk,False,Priority 3,Offer incentive to move to a long-term contract | Encourage automatic payment adoption | Provide proactive onboarding and early engagement,3
4522-AKYLR,Female,1,No,No,13,Yes,No,DSL,No,Yes,Yes,No,No,No,Month-to-month,Yes,Electronic check,54.8,731.3,0,0.6385893401019644,1,High Risk,False,Priority 3,Offer incentive to move to a long-term contract | Encourage automatic payment adoption | Offer trial or discounted technical support,3
9348-YVOMK,Male,0,No,No,4,Yes,No,DSL,No,No,No,No,No,No,Month-to-month,Yes,Credit card (automatic),44.8,176.2,0,0.6371429789006869,1,High Risk,False,Priority 3,Offer incentive to move to a long-term contract | Provide proactive onboarding and early engagement | Offer trial or discounted technical support,3
6029-CSMJE,Male,0,No,No,17,No,No phone service,DSL,No,No,No,No,No,No,Month-to-month,Yes,Mailed check,25.65,440.2,0,0.6371341788275534,1,High Risk,False,Priority 3,Offer incentive to move to a long-term contract | Offer trial or discounted technical support | Promote bundled online security services,3
1767-TGTKO,Female,0,Yes,Yes,8,Yes,No,DSL,No,No,No,No,No,No,Month-to-month,Yes,Electronic check,45.45,411.75,0,0.6370564253942442,1,High Risk,False,Priority 3,Offer incentive to move to a long-term contract | Encourage automatic payment adoption | Provide proactive onboarding and early engagement,3
3014-WJKSM,Male,0,Yes,No,29,Yes,No,Fiber optic,No,No,Yes,No,No,No,Month-to-month,Yes,Credit card (automatic),75.3,2263.4,0,0.6363952268538827,1,High Risk,False,Priority 3,Offer incentive to move to a long-term contract | Offer trial or discounted technical support | Promote bundled online security services,3
9667-TKTVZ,Female,0,No,No,2,Yes,Yes,DSL,No,No,No,Yes,No,No,Month-to-month,Yes,Mailed check,54.35,117.05,0,0.6361422210353247,1,High Risk,False,Priority 3,Offer incentive to move to a long-term contract | Provide proactive onboarding and early engagement | Promote bundled online security services,3
1845-ZLLIG,Male,0,No,No,1,Yes,No,DSL,No,Yes,No,No,No,No,Month-to-month,Yes,Mailed check,50.15,50.15,0,0.6357132534874206,1,High Risk,False,Priority 3,Offer incentive to move to a long-term contract | Provide proactive onboarding and early engagement | Offer trial or discounted technical support,3
4065-JJAVA,Female,0,No,No,1,Yes,No,DSL,No,Yes,No,No,No,No,Month-to-month,No,Electronic check,49.5,49.5,0,0.6357019887909909,1,High Risk,False,Priority 3,Offer incentive to move to a long-term contract | Encourage automatic payment adoption | Provide proactive onboarding and early engagement,3
6859-RKMZJ,Male,0,Yes,No,11,Yes,No,DSL,No,No,No,No,Yes,No,Month-to-month,Yes,Bank transfer (automatic),55.05,608.15,0,0.6341312329278724,1,High Risk,False,Priority 3,Offer incentive to move to a long-term contract | Provide proactive onboarding and early engagement | Offer trial or discounted technical support,3
1355-KUSBG,Female,0,Yes,Yes,7,Yes,Yes,DSL,No,No,No,No,No,No,Month-to-month,No,Electronic check,48.8,349.8,0,0.6338509549263431,1,High Risk,False,Priority 3,Offer incentive to move to a long-term contract | Encourage automatic payment adoption | Provide proactive onboarding and early engagement,3
9584-EXCDZ,Female,0,No,No,17,Yes,No,Fiber optic,No,No,No,No,No,No,Month-to-month,No,Bank transfer (automatic),70.5,1165.6,0,0.632639901216496,1,High Risk,False,Priority 3,Offer incentive to move to a long-term contract | Offer trial or discounted technical support | Promote bundled online security services,3
9332-GYWLO,Female,0,Yes,Yes,6,Yes,No,DSL,No,No,No,No,Yes,No,Month-to-month,No,Electronic check,54.85,355.1,0,0.6326247350561792,1,High Risk,False,Priority 3,Offer incentive to move to a long-term contract | Encourage automatic payment adoption | Provide proactive onboarding and early engagement,3
1471-GIQKQ,Female,0,No,No,1,Yes,No,DSL,No,Yes,No,No,No,No,Month-to-month,No,Electronic check,49.95,49.95,0,0.6324784663892352,1,High Risk,False,Priority 3,Offer incentive to move to a long-term contract | Encourage automatic payment adoption | Provide proactive onboarding and early engagement,3
3192-LNKRK,Male,0,Yes,Yes,34,Yes,No,Fiber optic,No,No,Yes,No,Yes,No,Month-to-month,Yes,Mailed check,84.05,2909.95,0,0.6322901281995992,1,High Risk,False,Priority 3,Offer incentive to move to a long-term contract | Offer trial or discounted technical support | Promote bundled online security services,3
3583-KRKMD,Male,0,No,No,18,Yes,No,Fiber optic,No,No,No,Yes,No,No,Month-to-month,Yes,Bank transfer (automatic),75.9,1373.05,0,0.6319420913126383,1,High Risk,False,Priority 3,Offer incentive to move to a long-term contract | Promote bundled online security services,3
3509-GWQGF,Male,1,No,No,24,Yes,No,Fiber optic,No,No,No,No,No,No,Month-to-month,No,Credit card (automatic),70.0,1732.6,0,0.6318763250037835,1,High Risk,False,Priority 3,Offer incentive to move to a long-term contract | Offer trial or discounted technical support | Promote bundled online security services,3
2903-YYTBW,Male,0,Yes,Yes,1,Yes,No,DSL,No,No,No,No,No,No,Month-to-month,No,Electronic check,44.55,44.55,0,0.6315017090978043,1,High Risk,False,Priority 3,Offer incentive to move to a long-term contract | Encourage automatic payment adoption | Provide proactive onboarding and early engagement,3
5522-JBWMO,Male,0,No,Yes,1,Yes,No,DSL,No,No,No,No,No,No,Month-to-month,No,Electronic check,44.0,44.0,0,0.6313408983024038,1,High Risk,False,Priority 3,Offer incentive to move to a long-term contract | Encourage automatic payment adoption | Provide proactive onboarding and early engagement,3
4801-JZAZL,Female,0,Yes,Yes,11,No,No phone service,DSL,Yes,No,No,No,No,No,Month-to-month,Yes,Electronic check,29.6,346.45,0,0.631296070857097,1,High Risk,False,Priority 3,Offer incentive to move to a long-term contract | Encourage automatic payment adoption | Provide proactive onboarding and early engagement,3
6429-SHBCB,Male,0,No,No,19,Yes,Yes,DSL,No,No,No,No,Yes,Yes,Month-to-month,No,Mailed check,69.6,1394.55,0,0.631081179413254,1,High Risk,False,Priority 3,Offer incentive to move to a long-term contract | Offer trial or discounted technical support | Promote bundled online security services,3
3688-FTHLT,Female,0,No,No,16,Yes,Yes,DSL,No,No,No,No,No,Yes,Month-to-month,Yes,Bank transfer (automatic),63.05,1067.05,0,0.6298308284070248,1,High Risk,False,Priority 3,Offer incentive to move to a long-term contract | Offer trial or discounted technical support | Promote bundled online security services,3
0463-ZSDNT,Male,0,No,No,10,Yes,No,DSL,No,No,No,No,No,Yes,Month-to-month,Yes,Bank transfer (automatic),56.75,503.25,0,0.6294747350368097,1,High Risk,False,Priority 3,Offer incentive to move to a long-term contract | Provide proactive onboarding and early engagement | Offer trial or discounted technical support,3
3787-TRIAL,Male,0,Yes,Yes,21,No,No phone service,DSL,No,No,No,No,No,No,Month-to-month,Yes,Electronic check,26.05,565.75,0,0.6286953712476953,1,High Risk,False,Priority 3,Offer incentive to move to a long-term contract | Encourage automatic payment adoption | Offer trial or discounted technical support,3
8149-AIQCG,Male,0,No,No,39,Yes,Yes,Fiber optic,No,No,No,No,No,No,Month-to-month,Yes,Credit card (automatic),73.15,2730.85,0,0.6282697511707311,1,High Risk,False,Priority 3,Offer incentive to move to a long-term contract | Offer trial or discounted technical support | Promote bundled online security services,3
8069-YQQAJ,Male,0,No,No,14,No,No phone service,DSL,No,Yes,No,No,No,No,Month-to-month,Yes,Mailed check,31.1,419.7,0,0.6278057299957561,1,High Risk,False,Priority 3,Offer incentive to move to a long-term contract | Offer trial or discounted technical support | Promote bundled online security services,3
9112-WSNPU,Female,1,No,No,35,Yes,No,Fiber optic,No,No,No,No,No,No,Month-to-month,No,Electronic check,70.55,2419.0,0,0.6275629399938182,1,High Risk,False,Priority 3,Offer incentive to move to a long-term contract | Encourage automatic payment adoption | Offer trial or discounted technical support,3
9992-UJOEL,Male,0,No,No,2,Yes,No,DSL,No,Yes,No,No,No,No,Month-to-month,Yes,Mailed check,50.3,92.75,0,0.6258120538296154,1,High Risk,False,Priority 3,Offer incentive to move to a long-term contract | Provide proactive onboarding and early engagement | Offer trial or discounted technical support,3
1635-FJFCC,Female,0,No,No,5,Yes,No,DSL,No,No,No,No,No,No,Month-to-month,Yes,Credit card (automatic),44.05,202.15,0,0.6252279470428912,1,High Risk,False,Priority 3,Offer incentive to move to a long-term contract | Provide proactive onboarding and early engagement | Offer trial or discounted technical support,3
3351-NGXYI,Female,1,No,No,16,Yes,Yes,DSL,Yes,No,No,No,No,No,Month-to-month,Yes,Electronic check,54.1,889.0,0,0.6244661183155258,1,High Risk,False,Priority 3,Offer incentive to move to a long-term contract | Encourage automatic payment adoption | Offer trial or discounted technical support,3
2720-FVBQP,Female,0,Yes,Yes,6,Yes,Yes,DSL,No,No,No,No,No,No,Month-to-month,Yes,Credit card (automatic),48.95,273.25,0,0.6244264293297707,1,High Risk,False,Priority 3,Offer incentive to move to a long-term contract | Provide proactive onboarding and early engagement | Offer trial or discounted technical support,3
8887-IPQNC,Female,0,Yes,No,7,Yes,No,DSL,No,No,No,No,No,No,Month-to-month,Yes,Mailed check,44.25,313.45,0,0.6239797838058709,1,High Risk,False,Priority 3,Offer incentive to move to a long-term contract | Provide proactive onboarding and early engagement | Offer trial or discounted technical support,3
1047-NNCBF,Male,0,No,No,20,Yes,No,Fiber optic,No,No,No,No,No,No,Month-to-month,No,Credit card (automatic),70.55,1493.55,0,0.6239667089959585,1,High Risk,False,Priority 3,Offer incentive to move to a long-term contract | Offer trial or discounted technical support | Promote bundled online security services,3
8544-GOQSH,Female,0,No,No,14,Yes,No,Fiber optic,No,Yes,No,Yes,No,No,Month-to-month,Yes,Credit card (automatic),80.05,1112.3,0,0.6237768283241845,1,High Risk,False,Priority 3,Offer incentive to move to a long-term contract | Promote bundled online security services,3
7964-VEXDG,Male,0,No,Yes,21,Yes,Yes,Fiber optic,Yes,No,No,No,No,No,Month-to-month,No,Electronic check,80.35,1747.2,0,0.6237652257992924,1,High Risk,False,Priority 3,Offer incentive to move to a long-term contract | Encourage automatic payment adoption | Offer trial or discounted technical support,3
6656-JWRQX,Female,0,No,No,1,No,No phone service,DSL,No,No,No,Yes,No,No,Month-to-month,No,Mailed check,30.55,30.55,0,0.6236506880050013,1,High Risk,False,Priority 3,Offer incentive to move to a long-term contract | Provide proactive onboarding and early engagement | Promote bundled online security services,3
5568-DMXZS,Female,0,No,No,8,Yes,No,DSL,No,Yes,No,Yes,Yes,No,Month-to-month,Yes,Electronic check,65.45,554.45,0,0.6227159800910708,1,High Risk,False,Priority 3,Offer incentive to move to a long-term contract | Encourage automatic payment adoption | Provide proactive onboarding and early engagement,3
7929-DMBCV,Female,0,Yes,No,20,Yes,No,Fiber optic,No,No,Yes,Yes,No,No,Month-to-month,Yes,Mailed check,81.0,1683.7,0,0.6226467714345123,1,High Risk,False,Priority 3,Offer incentive to move to a long-term contract | Promote bundled online security services,3
6789-HJBWG,Female,0,No,No,12,Yes,No,DSL,No,Yes,No,No,No,No,Month-to-month,Yes,Electronic check,49.4,611.65,0,0.6221590803979004,1,High Risk,False,Priority 3,Offer incentive to move to a long-term contract | Encourage automatic payment adoption | Provide proactive onboarding and early engagement,3
5349-AZPEW,Female,0,Yes,Yes,5,No,No phone service,DSL,No,No,No,No,No,No,Month-to-month,No,Mailed check,25.05,125.5,0,0.6220350847499547,1,High Risk,False,Priority 3,Offer incentive to move to a long-term contract | Provide proactive onboarding and early engagement | Offer trial or discounted technical support,3
9812-GHVRI,Female,0,No,No,40,Yes,Yes,Fiber optic,No,No,No,No,No,Yes,Month-to-month,No,Bank transfer (automatic),83.85,3532.25,0,0.6220217018238282,1,High Risk,False,Priority 3,Offer incentive to move to a long-term contract | Offer trial or discounted technical support | Promote bundled online security services,3
5424-RLQLC,Male,0,No,No,10,Yes,No,DSL,No,Yes,No,No,Yes,No,Month-to-month,Yes,Mailed check,59.65,638.95,0,0.6203900083326725,1,High Risk,False,Priority 3,Offer incentive to move to a long-term contract | Provide proactive onboarding and early engagement | Offer trial or discounted technical support,3
4226-KKDON,Male,0,No,No,8,Yes,No,DSL,No,Yes,No,Yes,Yes,No,Month-to-month,Yes,Electronic check,66.65,520.95,0,0.6200455933060808,1,High Risk,False,Priority 3,Offer incentive to move to a long-term contract | Encourage automatic payment adoption | Provide proactive onboarding and early engagement,3
3733-LSYCE,Female,0,Yes,No,15,Yes,No,Fiber optic,No,Yes,No,No,No,No,Month-to-month,No,Bank transfer (automatic),75.35,1114.55,0,0.6192336911100766,1,High Risk,False,Priority 3,Offer incentive to move to a long-term contract | Offer trial or discounted technical support | Promote bundled online security services,3
0585-EGDDA,Male,0,Yes,No,40,Yes,No,Fiber optic,No,Yes,Yes,No,No,No,Month-to-month,Yes,Electronic check,80.0,3168.75,0,0.6189031725596649,1,High Risk,False,Priority 3,Offer incentive to move to a long-term contract | Encourage automatic payment adoption | Offer trial or discounted technical support,3
9631-XEYKE,Male,0,No,No,3,Yes,Yes,DSL,No,No,No,No,No,No,Month-to-month,No,Bank transfer (automatic),50.4,137.25,0,0.6182032738252432,1,High Risk,False,Priority 3,Offer incentive to move to a long-term contract | Provide proactive onboarding and early engagement | Offer trial or discounted technical support,3
1465-LNTLJ,Male,1,Yes,No,8,Yes,No,DSL,No,No,Yes,Yes,No,Yes,Month-to-month,Yes,Credit card (automatic),64.4,581.7,0,0.6181280814298273,1,High Risk,False,Priority 3,Offer incentive to move to a long-term contract | Provide proactive onboarding and early engagement | Promote bundled online security services,3
3413-BMNZE,Male,1,No,No,1,Yes,No,DSL,No,No,No,No,No,No,Month-to-month,No,Bank transfer (automatic),45.25,45.25,0,0.6172644673293872,1,High Risk,False,Priority 3,Offer incentive to move to a long-term contract | Provide proactive onboarding and early engagement | Offer trial or discounted technical support,3
6133-OZILE,Female,0,No,No,18,No,No phone service,DSL,No,No,Yes,Yes,No,No,Month-to-month,Yes,Electronic check,35.2,607.3,0,0.616661851913007,1,High Risk,False,Priority 3,Offer incentive to move to a long-term contract | Encourage automatic payment adoption | Promote bundled online security services,3
9003-CPATH,Male,0,No,No,42,Yes,Yes,Fiber optic,No,No,Yes,No,No,No,Month-to-month,No,Electronic check,79.9,3313.4,0,0.615629358498621,1,High Risk,False,Priority 3,Offer incentive to move to a long-term contract | Encourage automatic payment adoption | Offer trial or discounted technical support,3
1307-TVUFB,Male,1,No,No,42,Yes,Yes,Fiber optic,No,Yes,No,No,No,No,Month-to-month,Yes,Bank transfer (automatic),79.35,3344.1,0,0.614494665264208,1,High Risk,False,Priority 3,Offer incentive to move to a long-term contract | Offer trial or discounted technical support | Promote bundled online security services,3
5173-WXOQV,Male,0,Yes,No,2,Yes,No,DSL,No,Yes,No,Yes,No,Yes,Month-to-month,Yes,Mailed check,64.2,143.65,0,0.6135877258598799,1,High Risk,False,Priority 3,Offer incentive to move to a long-term contract | Provide proactive onboarding and early engagement | Promote bundled online security services,3
5522-NYKPB,Male,0,Yes,Yes,25,Yes,No,Fiber optic,No,No,No,Yes,Yes,No,Month-to-month,No,Electronic check,85.9,2199.05,0,0.6133066472034076,1,High Risk,False,Priority 3,Offer incentive to move to a long-term contract | Encourage automatic payment adoption | Promote bundled online security services,3
4223-WOZCM,Male,1,No,No,2,Yes,No,DSL,No,No,Yes,No,No,No,Month-to-month,No,Mailed check,49.95,107.1,0,0.6129967002837815,1,High Risk,False,Priority 3,Offer incentive to move to a long-term contract | Provide proactive onboarding and early engagement | Offer trial or discounted technical support,3
5934-TSSAU,Female,0,Yes,Yes,23,Yes,No,Fiber optic,No,No,Yes,No,No,No,Month-to-month,Yes,Credit card (automatic),75.3,1702.9,0,0.612987695229834,1,High Risk,False,Priority 3,Offer incentive to move to a long-term contract | Offer trial or discounted technical support | Promote bundled online security services,3
4821-SJHJV,Female,0,Yes,Yes,32,Yes,Yes,Fiber optic,Yes,No,No,No,Yes,No,Month-to-month,No,Electronic check,89.6,2901.8,0,0.6128028908583386,1,High Risk,False,Priority 3,Offer incentive to move to a long-term contract | Encourage automatic payment adoption | Offer trial or discounted technical support,3
6625-UTXEW,Female,0,Yes,No,12,Yes,No,DSL,No,Yes,No,No,No,No,Month-to-month,Yes,Electronic check,51.25,612.1,0,0.6127718218554462,1,High Risk,False,Priority 3,Offer incentive to move to a long-term contract | Encourage automatic payment adoption | Provide proactive onboarding and early engagement,3
5999-LCXAO,Female,0,No,No,1,No,No phone service,DSL,Yes,No,No,No,No,No,Month-to-month,No,Mailed check,29.9,29.9,0,0.6125308531279547,1,High Risk,False,Priority 3,Offer incentive to move to a long-term contract | Provide proactive onboarding and early engagement | Offer trial or discounted technical support,3
8242-JSVBO,Male,0,No,No,7,Yes,No,DSL,No,No,No,No,No,No,Month-to-month,Yes,Bank transfer (automatic),44.65,322.5,0,0.6120322472797233,1,High Risk,False,Priority 3,Offer incentive to move to a long-term contract | Provide proactive onboarding and early engagement | Offer trial or discounted technical support,3
0311-QYWSS,Female,0,No,No,6,Yes,No,DSL,Yes,No,No,No,No,No,Month-to-month,Yes,Electronic check,49.45,314.6,0,0.6117317099293356,1,High Risk,False,Priority 3,Offer incentive to move to a long-term contract | Encourage automatic payment adoption | Provide proactive onboarding and early engagement,3
4950-BDEUX,Male,0,No,No,35,No,No phone service,DSL,No,No,Yes,No,Yes,Yes,Month-to-month,No,Electronic check,49.2,1701.65,0,0.6114464500332052,1,High Risk,False,Priority 3,Offer incentive to move to a long-term contract | Encourage automatic payment adoption | Offer trial or discounted technical support,3
0319-QZTCO,Female,0,Yes,Yes,3,Yes,No,DSL,No,Yes,No,No,Yes,No,Month-to-month,Yes,Credit card (automatic),58.7,168.6,0,0.6109609036774967,1,High Risk,False,Priority 3,Offer incentive to move to a long-term contract | Provide proactive onboarding and early engagement | Offer trial or discounted technical support,3
7876-BEUTG,Female,0,No,No,15,Yes,Yes,DSL,No,No,No,No,No,No,Month-to-month,Yes,Mailed check,48.8,720.1,0,0.6107434959288742,1,High Risk,False,Priority 3,Offer incentive to move to a long-term contract | Offer trial or discounted technical support | Promote bundled online security services,3
5146-CBVOE,Female,0,No,No,16,Yes,No,Fiber optic,No,Yes,No,No,No,No,Month-to-month,No,Bank transfer (automatic),75.1,1212.85,0,0.6107405840998361,1,High Risk,False,Priority 3,Offer incentive to move to a long-term contract | Offer trial or discounted technical support | Promote bundled online security services,3
8623-ULFNQ,Female,1,No,No,26,Yes,Yes,DSL,No,No,No,Yes,No,Yes,Month-to-month,Yes,Electronic check,66.05,1652.4,0,0.6106876557492906,1,High Risk,False,Priority 3,Offer incentive to move to a long-term contract | Encourage automatic payment adoption | Promote bundled online security services,3
4976-LNFVV,Male,1,Yes,No,19,No,No phone service,DSL,No,Yes,Yes,No,No,No,Month-to-month,Yes,Credit card (automatic),34.3,577.15,0,0.6097727563077209,1,High Risk,False,Priority 3,Offer incentive to move to a long-term contract | Offer trial or discounted technical support | Promote bundled online security services,3
2049-BAFNW,Female,0,No,No,1,No,No phone service,DSL,No,No,Yes,Yes,No,No,Month-to-month,No,Mailed check,35.9,35.9,0,0.6097328875365613,1,High Risk,False,Priority 3,Offer incentive to move to a long-term contract | Provide proactive onboarding and early engagement | Promote bundled online security services,3
2101-RANCD,Female,0,No,No,55,Yes,Yes,Fiber optic,No,No,No,No,No,No,Month-to-month,Yes,Electronic check,73.1,4144.9,0,0.6095618897993756,1,High Risk,False,Priority 3,Offer incentive to move to a long-term contract | Encourage automatic payment adoption | Offer trial or discounted technical support,3
5046-NUHWD,Female,1,Yes,No,29,No,No phone service,DSL,Yes,No,Yes,No,No,Yes,Month-to-month,Yes,Electronic check,45.0,1228.65,0,0.6090917811071866,1,High Risk,False,Priority 3,Offer incentive to move to a long-term contract | Encourage automatic payment adoption | Offer trial or discounted technical support,3
5816-SCGFC,Female,1,No,No,7,Yes,No,DSL,No,Yes,No,No,No,No,Month-to-month,Yes,Mailed check,51.3,419.35,0,0.6079249674225656,1,High Risk,False,Priority 3,Offer incentive to move to a long-term contract | Provide proactive onboarding and early engagement | Offer trial or discounted technical support,3
5924-IFQTT,Male,0,Yes,Yes,13,Yes,Yes,DSL,No,Yes,Yes,Yes,Yes,No,Month-to-month,Yes,Electronic check,72.8,930.05,0,0.6078062452629488,1,High Risk,False,Priority 3,Offer incentive to move to a long-term contract | Encourage automatic payment adoption | Promote bundled online security services,3
0106-GHRQR,Male,0,No,No,16,Yes,Yes,DSL,No,Yes,Yes,No,No,Yes,Month-to-month,Yes,Bank transfer (automatic),71.4,1212.1,0,0.6070900759214097,1,High Risk,False,Priority 3,Offer incentive to move to a long-term contract | Offer trial or discounted technical support | Promote bundled online security services,3
1559-DTODC,Male,0,No,No,19,No,No phone service,DSL,No,No,No,No,No,No,Month-to-month,Yes,Bank transfer (automatic),25.15,468.35,0,0.6070870480331675,1,High Risk,False,Priority 3,Offer incentive to move to a long-term contract | Offer trial or discounted technical support | Promote bundled online security services,3
3956-CJUST,Female,1,No,No,23,Yes,No,Fiber optic,Yes,No,No,No,No,No,Month-to-month,Yes,Bank transfer (automatic),75.4,1643.55,0,0.6064350041924629,1,High Risk,False,Priority 3,Offer incentive to move to a long-term contract | Offer trial or discounted technical support,3
6985-HAYWX,Female,0,Yes,No,26,Yes,Yes,Fiber optic,No,Yes,No,No,No,No,Month-to-month,No,Bank transfer (automatic),79.3,2015.8,0,0.6061763257978311,1,High Risk,False,Priority 3,Offer incentive to move to a long-term contract | Offer trial or discounted technical support | Promote bundled online security services,3
3589-PPVKW,Male,0,No,No,9,Yes,No,DSL,No,No,No,No,No,No,Month-to-month,Yes,Mailed check,44.4,348.15,0,0.6060565817226439,1,High Risk,False,Priority 3,Offer incentive to move to a long-term contract | Provide proactive onboarding and early engagement | Offer trial or discounted technical support,3
2272-UOINI,Female,0,No,No,7,Yes,No,DSL,Yes,Yes,No,Yes,Yes,Yes,Month-to-month,Yes,Electronic check,78.5,571.05,0,0.605972793232511,1,High Risk,False,Priority 3,Offer incentive to move to a long-term contract | Encourage automatic payment adoption | Provide proactive onboarding and early engagement,3
2712-SYWAY,Female,0,No,No,1,Yes,Yes,No,No internet service,No internet service,No internet service,No internet service,No internet service,No internet service,Month-to-month,Yes,Electronic check,25.7,25.7,0,0.6051586720534515,1,High Risk,False,Priority 3,Offer incentive to move to a long-term contract | Encourage automatic payment adoption | Provide proactive onboarding and early engagement,3
0541-FITGH,Female,0,Yes,No,2,Yes,No,DSL,Yes,No,No,No,No,Yes,Month-to-month,Yes,Mailed check,62.15,113.1,0,0.6050375728425453,1,High Risk,False,Priority 3,Offer incentive to move to a long-term contract | Provide proactive onboarding and early engagement | Offer trial or discounted technical support,3
8124-NZVGJ,Female,0,No,No,6,No,No phone service,DSL,No,No,No,Yes,Yes,Yes,One year,Yes,Mailed check,49.25,255.6,0,0.6043517634576134,1,High Risk,False,Priority 3,Provide proactive onboarding and early engagement | Promote bundled online security services,3
8654-DHAOW,Female,0,No,No,2,Yes,Yes,DSL,No,Yes,No,No,No,No,Month-to-month,No,Mailed check,54.15,101.65,0,0.6034796963203934,1,High Risk,False,Priority 3,Offer incentive to move to a long-term contract | Provide proactive onboarding and early engagement | Offer trial or discounted technical support,3
2480-SQIOB,Male,0,Yes,Yes,4,Yes,No,DSL,No,No,No,No,No,No,Month-to-month,No,Electronic check,44.8,169.65,0,0.6027084063143089,1,High Risk,False,Priority 3,Offer incentive to move to a long-term contract | Encourage automatic payment adoption | Provide proactive onboarding and early engagement,3
5156-UMKOW,Female,0,No,Yes,3,No,No phone service,DSL,No,Yes,No,No,No,No,Month-to-month,No,Mailed check,29.65,90.05,0,0.6026906717028174,1,High Risk,False,Priority 3,Offer incentive to move to a long-term contract | Provide proactive onboarding and early engagement | Offer trial or discounted technical support,3
4109-CYRBD,Male,1,Yes,No,29,Yes,Yes,DSL,No,No,No,No,No,No,Month-to-month,Yes,Electronic check,51.6,1442.0,0,0.6017554960675159,1,High Risk,False,Priority 3,Offer incentive to move to a long-term contract | Encourage automatic payment adoption | Offer trial or discounted technical support,3
0999-QXNSA,Male,1,No,Yes,7,Yes,No,DSL,No,No,No,No,No,No,Month-to-month,Yes,Mailed check,45.75,344.2,0,0.6002513549487698,1,High Risk,False,Priority 3,Offer incentive to move to a long-term contract | Provide proactive onboarding and early engagement | Offer trial or discounted technical support,3
5858-EAFCZ,Male,0,No,No,1,Yes,No,DSL,No,No,No,No,No,No,Month-to-month,No,Mailed check,44.45,44.45,0,0.5998088632246987,1,High Risk,False,Priority 3,Offer incentive to move to a long-term contract | Provide proactive onboarding and early engagement | Offer trial or discounted technical support,3
9626-VFRGG,Female,0,No,Yes,41,Yes,Yes,Fiber optic,No,Yes,No,No,Yes,No,Month-to-month,Yes,Bank transfer (automatic),88.5,3645.05,0,0.5996592665054316,1,High Risk,False,Priority 3,Offer incentive to move to a long-term contract | Offer trial or discounted technical support | Promote bundled online security services,3
4146-SVFUD,Male,0,No,No,1,Yes,No,DSL,No,No,No,No,No,No,Month-to-month,No,Mailed check,44.6,44.6,0,0.5986967043026705,1,High Risk,False,Priority 3,Offer incentive to move to a long-term contract | Provide proactive onboarding and early engagement | Offer trial or discounted technical support,3
6537-OTKMY,Male,0,No,No,15,No,No phone service,DSL,No,No,Yes,No,Yes,Yes,One year,No,Electronic check,50.75,688.2,0,0.5986911876361939,1,High Risk,False,Priority 3,Encourage automatic payment adoption | Offer trial or discounted technical support | Promote bundled online security services,3
3446-QDSZF,Female,0,No,No,4,Yes,No,DSL,No,No,No,No,Yes,No,Month-to-month,No,Credit card (automatic),55.5,227.35,0,0.5985608713617513,1,High Risk,False,Priority 3,Offer incentive to move to a long-term contract | Provide proactive onboarding and early engagement | Offer trial or discounted technical support,3
2853-CWQFQ,Male,0,No,Yes,1,Yes,No,DSL,No,No,No,Yes,No,Yes,Month-to-month,Yes,Mailed check,59.55,59.55,0,0.5978731447279814,1,High Risk,False,Priority 3,Offer incentive to move to a long-term contract | Provide proactive onboarding and early engagement | Promote bundled online security services,3
4320-QMLLA,Male,0,No,No,7,Yes,No,DSL,No,No,No,No,Yes,No,Month-to-month,No,Mailed check,54.85,370.4,0,0.5976867941471872,1,High Risk,False,Priority 3,Offer incentive to move to a long-term contract | Provide proactive onboarding and early engagement | Offer trial or discounted technical support,3
4067-HLYQI,Female,0,No,No,33,Yes,No,Fiber optic,No,No,No,No,No,No,Month-to-month,Yes,Bank transfer (automatic),70.4,2406.1,0,0.597611892788191,1,High Risk,False,Priority 3,Offer incentive to move to a long-term contract | Offer trial or discounted technical support | Promote bundled online security services,3
8344-WFMFH,Male,0,No,Yes,9,Yes,No,DSL,No,Yes,No,No,No,No,Month-to-month,Yes,Electronic check,50.1,484.05,0,0.5974424193424356,1,High Risk,False,Priority 3,Offer incentive to move to a long-term contract | Encourage automatic payment adoption | Provide proactive onboarding and early engagement,3
5172-MIGPM,Male,0,No,No,4,Yes,Yes,DSL,No,No,No,Yes,No,Yes,Month-to-month,No,Mailed check,65.55,237.2,0,0.5969047337539594,1,High Risk,False,Priority 3,Offer incentive to move to a long-term contract | Provide proactive onboarding and early engagement | Promote bundled online security services,3
9819-FBNSV,Male,1,Yes,No,37,Yes,No,Fiber optic,No,No,No,No,No,No,Month-to-month,Yes,Bank transfer (automatic),72.25,2575.45,0,0.5964451531975175,1,High Risk,False,Priority 3,Offer incentive to move to a long-term contract | Offer trial or discounted technical support | Promote bundled online security services,3
0295-QVKPB,Male,0,No,No,5,Yes,No,DSL,No,No,Yes,Yes,Yes,No,Month-to-month,Yes,Credit card (automatic),63.95,318.1,0,0.5946100311374425,1,High Risk,False,Priority 3,Offer incentive to move to a long-term contract | Provide proactive onboarding and early engagement | Promote bundled online security services,3
4824-GUCBY,Female,1,No,No,22,Yes,No,Fiber optic,Yes,Yes,No,No,No,No,Month-to-month,No,Electronic check,81.7,1820.9,0,0.5945093434570025,1,High Risk,False,Priority 3,Offer incentive to move to a long-term contract | Encourage automatic payment adoption | Offer trial or discounted technical support,3
9281-PKKZE,Female,0,Yes,No,46,No,No phone service,DSL,No,No,No,No,Yes,Yes,Month-to-month,Yes,Electronic check,43.95,2007.85,0,0.593667350363289,1,High Risk,False,Priority 3,Offer incentive to move to a long-term contract | Encourage automatic payment adoption | Offer trial or discounted technical support,3
8286-AFUYI,Male,0,No,No,1,Yes,No,DSL,Yes,No,No,No,No,No,Month-to-month,No,Electronic check,47.95,47.95,0,0.5931191661667223,1,High Risk,False,Priority 3,Offer incentive to move to a long-term contract | Encourage automatic payment adoption | Provide proactive onboarding and early engagement,3
0282-NVSJS,Female,1,Yes,Yes,12,No,No phone service,DSL,No,No,No,Yes,No,No,Month-to-month,Yes,Mailed check,29.3,355.9,0,0.5925780746820148,1,High Risk,False,Priority 3,Offer incentive to move to a long-term contract | Provide proactive onboarding and early engagement | Promote bundled online security services,3
7905-TVXTA,Female,0,No,No,5,Yes,No,DSL,Yes,No,No,Yes,Yes,No,Month-to-month,Yes,Electronic check,64.35,352.65,0,0.591995524939588,1,High Risk,False,Priority 3,Offer incentive to move to a long-term contract | Encourage automatic payment adoption | Provide proactive onboarding and early engagement,3
4307-KWMXE,Male,0,No,No,10,No,No phone service,DSL,No,Yes,No,Yes,No,No,Month-to-month,No,Electronic check,35.75,389.8,0,0.5918959001806318,1,High Risk,False,Priority 3,Offer incentive to move to a long-term contract | Encourage automatic payment adoption | Provide proactive onboarding and early engagement,3
3694-DELSO,Male,0,Yes,Yes,4,No,No phone service,DSL,Yes,No,No,No,Yes,No,Month-to-month,No,Credit card (automatic),38.55,156.1,0,0.5915353994487214,1,High Risk,False,Priority 3,Offer incentive to move to a long-term contract | Provide proactive onboarding and early engagement | Offer trial or discounted technical support,3
0856-NAOES,Male,0,No,No,6,Yes,No,DSL,No,No,Yes,No,Yes,No,Month-to-month,No,Mailed check,60.9,414.1,0,0.5915336793781781,1,High Risk,False,Priority 3,Offer incentive to move to a long-term contract | Provide proactive onboarding and early engagement | Offer trial or discounted technical support,3
0274-JKUJR,Male,0,Yes,Yes,7,No,No phone service,DSL,Yes,Yes,Yes,No,Yes,Yes,Month-to-month,No,Mailed check,58.85,465.7,0,0.5913355300299384,1,High Risk,False,Priority 3,Offer incentive to move to a long-term contract | Provide proactive onboarding and early engagement | Offer trial or discounted technical support,3
9244-ZVAPM,Male,0,No,No,1,Yes,No,DSL,No,No,No,No,No,No,Month-to-month,No,Mailed check,45.6,45.6,0,0.5912568296387686,1,High Risk,False,Priority 3,Offer incentive to move to a long-term contract | Provide proactive onboarding and early engagement | Offer trial or discounted technical support,3
2826-DXLQO,Male,1,Yes,No,7,No,No phone service,DSL,Yes,No,No,No,No,No,Month-to-month,No,Bank transfer (automatic),29.8,220.45,0,0.591179827767778,1,High Risk,False,Priority 3,Offer incentive to move to a long-term contract | Provide proactive onboarding and early engagement | Offer trial or discounted technical support,3
2672-OJQZP,Female,0,No,No,1,Yes,No,DSL,No,No,No,No,No,No,Month-to-month,No,Mailed check,44.75,44.75,0,0.589598698069393,1,High Risk,False,Priority 3,Offer incentive to move to a long-term contract | Provide proactive onboarding and early engagement | Offer trial or discounted technical support,3
0178-SZBHO,Male,0,Yes,Yes,47,Yes,Yes,Fiber optic,No,Yes,No,No,Yes,No,Month-to-month,No,Electronic check,87.2,4017.45,0,0.5894167913628511,1,High Risk,False,Priority 3,Offer incentive to move to a long-term contract | Encourage automatic payment adoption | Offer trial or discounted technical support,3
5882-CMAZQ,Female,0,Yes,Yes,5,No,No phone service,DSL,No,Yes,No,Yes,No,No,Month-to-month,No,Electronic check,34.25,163.55,0,0.5891866113192786,1,High Risk,False,Priority 3,Offer incentive to move to a long-term contract | Encourage automatic payment adoption | Provide proactive onboarding and early engagement,3
2842-BCQGE,Male,0,No,No,43,Yes,Yes,Fiber optic,No,No,No,No,No,No,Month-to-month,Yes,Credit card (automatic),75.35,3161.4,0,0.5891596496279894,1,High Risk,False,Priority 3,Offer incentive to move to a long-term contract | Offer trial or discounted technical support | Promote bundled online security services,3
3808-HFKDE,Female,0,No,No,20,Yes,No,DSL,No,No,No,No,No,No,Month-to-month,Yes,Electronic check,44.35,927.15,0,0.5877456532059211,1,High Risk,False,Priority 3,Offer incentive to move to a long-term contract | Encourage automatic payment adoption | Offer trial or discounted technical support,3
1928-BXYIV,Male,0,No,No,1,Yes,Yes,DSL,Yes,Yes,No,No,No,No,Month-to-month,No,Electronic check,61.15,61.15,0,0.5875963806229785,1,High Risk,False,Priority 3,Offer incentive to move to a long-term contract | Encourage automatic payment adoption | Provide proactive onboarding and early engagement,3
7252-NTGSS,Female,0,No,No,1,Yes,No,DSL,No,No,No,No,No,No,Month-to-month,No,Mailed check,45.15,45.15,0,0.5866071515266593,1,High Risk,False,Priority 3,Offer incentive to move to a long-term contract | Provide proactive onboarding and early engagement | Offer trial or discounted technical support,3
6582-OIVSP,Female,0,No,No,1,Yes,No,DSL,No,No,No,No,No,No,Month-to-month,No,Mailed check,45.3,45.3,0,0.5854836588281795,1,High Risk,False,Priority 3,Offer incentive to move to a long-term contract | Provide proactive onboarding and early engagement | Offer trial or discounted technical support,3
7754-IXRMC,Female,0,No,No,1,Yes,No,DSL,No,No,No,No,No,No,Month-to-month,No,Mailed check,45.35,45.35,0,0.5851089629633892,1,High Risk,False,Priority 3,Offer incentive to move to a long-term contract | Provide proactive onboarding and early engagement | Offer trial or discounted technical support,3
0811-GSDTP,Female,0,No,Yes,13,No,No phone service,DSL,No,Yes,No,No,No,No,Month-to-month,No,Electronic check,30.15,382.2,0,0.5847569430360486,1,High Risk,False,Priority 3,Offer incentive to move to a long-term contract | Encourage automatic payment adoption | Offer trial or discounted technical support,3
2474-LCNUE,Female,0,Yes,No,23,Yes,Yes,DSL,No,No,No,Yes,Yes,Yes,Month-to-month,Yes,Credit card (automatic),73.65,1642.75,0,0.5846319492717107,1,High Risk,False,Priority 3,Offer incentive to move to a long-term contract | Promote bundled online security services,3
9780-FKVVF,Male,0,No,No,6,Yes,No,DSL,Yes,No,No,No,No,Yes,Month-to-month,Yes,Bank transfer (automatic),59.15,336.7,0,0.5840926012387322,1,High Risk,False,Priority 3,Offer incentive to move to a long-term contract | Provide proactive onboarding and early engagement | Offer trial or discounted technical support,3
1895-QTKDO,Female,0,No,No,1,Yes,No,DSL,No,No,No,No,No,No,Month-to-month,No,Credit card (automatic),43.95,43.95,0,0.58264672783778,1,High Risk,False,Priority 3,Offer incentive to move to a long-term contract | Provide proactive onboarding and early engagement | Offer trial or discounted technical support,3
7147-AYBAA,Male,0,No,No,37,Yes,No,Fiber optic,No,No,No,No,No,No,Month-to-month,Yes,Mailed check,70.35,2552.9,0,0.5815831036189586,1,High Risk,False,Priority 3,Offer incentive to move to a long-term contract | Offer trial or discounted technical support | Promote bundled online security services,3
0924-BJCRC,Female,1,Yes,No,60,Yes,Yes,Fiber optic,No,Yes,No,No,No,Yes,Month-to-month,No,Electronic check,89.45,5294.6,0,0.5815226162406386,1,High Risk,False,Priority 3,Offer incentive to move to a long-term contract | Encourage automatic payment adoption | Offer trial or discounted technical support,3
8404-FYDIB,Male,0,No,No,26,Yes,Yes,Fiber optic,Yes,Yes,No,No,No,No,Month-to-month,Yes,Credit card (automatic),86.65,2208.75,0,0.5814719391246624,1,High Risk,False,Priority 3,Offer incentive to move to a long-term contract | Offer trial or discounted technical support,3
1049-FYSYG,Female,0,Yes,No,17,No,No phone service,DSL,No,Yes,Yes,No,No,No,Month-to-month,Yes,Credit card (automatic),35.65,646.05,0,0.5808688050002622,1,High Risk,False,Priority 3,Offer incentive to move to a long-term contract | Offer trial or discounted technical support | Promote bundled online security services,3
6145-NNPNO,Female,0,No,No,1,Yes,No,DSL,No,No,No,No,No,No,Month-to-month,No,Bank transfer (automatic),44.15,44.15,0,0.5806142446858163,1,High Risk,False,Priority 3,Offer incentive to move to a long-term contract | Provide proactive onboarding and early engagement | Offer trial or discounted technical support,3
2257-BOVXD,Male,0,Yes,No,14,Yes,Yes,DSL,No,No,No,Yes,Yes,No,Month-to-month,Yes,Credit card (automatic),66.6,979.5,0,0.5799419753618529,1,High Risk,False,Priority 3,Offer incentive to move to a long-term contract | Promote bundled online security services,3
9873-MNDKV,Female,0,No,No,11,Yes,No,DSL,No,No,No,No,No,No,Month-to-month,Yes,Mailed check,44.65,472.25,0,0.5799307207398007,1,High Risk,False,Priority 3,Offer incentive to move to a long-term contract | Provide proactive onboarding and early engagement | Offer trial or discounted technical support,3
2985-JUUBZ,Male,0,Yes,Yes,40,Yes,Yes,DSL,No,No,Yes,No,Yes,Yes,Month-to-month,Yes,Electronic check,74.55,3015.75,0,0.5797438740084182,1,High Risk,False,Priority 3,Offer incentive to move to a long-term contract | Encourage automatic payment adoption | Offer trial or discounted technical support,3
7312-XSBAT,Male,0,No,No,1,Yes,No,DSL,Yes,No,No,No,No,No,Month-to-month,No,Electronic check,49.75,49.75,0,0.5796414009612949,1,High Risk,False,Priority 3,Offer incentive to move to a long-term contract | Encourage automatic payment adoption | Provide proactive onboarding and early engagement,3
7850-VWJUU,Female,0,No,No,23,Yes,No,Fiber optic,Yes,No,No,No,No,No,Month-to-month,Yes,Bank transfer (automatic),75.0,1778.5,0,0.5793366609215447,1,High Risk,False,Priority 3,Offer incentive to move to a long-term contract | Offer trial or discounted technical support,3
2455-USLMV,Female,0,No,No,31,Yes,Yes,Fiber optic,Yes,No,Yes,No,No,No,Month-to-month,Yes,Credit card (automatic),84.75,2613.4,0,0.5792868645891261,1,High Risk,False,Priority 3,Offer incentive to move to a long-term contract | Offer trial or discounted technical support,3
4439-YRNVD,Female,0,No,No,10,No,No phone service,DSL,No,Yes,No,Yes,No,No,Month-to-month,No,Electronic check,36.25,374.0,0,0.5792742509478743,1,High Risk,False,Priority 3,Offer incentive to move to a long-term contract | Encourage automatic payment adoption | Provide proactive onboarding and early engagement,3
2770-NSVDG,Male,0,Yes,No,24,No,No phone service,DSL,No,No,Yes,No,No,No,Month-to-month,No,Electronic check,29.1,688.0,0,0.5785770752584277,1,High Risk,False,Priority 3,Offer incentive to move to a long-term contract | Encourage automatic payment adoption | Offer trial or discounted technical support,3
7950-XWOVN,Male,0,No,No,11,No,No phone service,DSL,No,Yes,Yes,No,No,No,Month-to-month,No,Mailed check,34.7,383.55,0,0.5781124610697689,1,High Risk,False,Priority 3,Offer incentive to move to a long-term contract | Provide proactive onboarding and early engagement | Offer trial or discounted technical support,3
1919-RTPQD,Male,0,Yes,Yes,7,Yes,No,DSL,No,No,No,No,No,No,Month-to-month,No,Electronic check,44.75,333.65,0,0.5774916731458204,1,High Risk,False,Priority 3,Offer incentive to move to a long-term contract | Encourage automatic payment adoption | Provide proactive onboarding and early engagement,3
5018-GWURO,Female,0,Yes,No,56,Yes,Yes,Fiber optic,No,No,No,No,Yes,No,Month-to-month,Yes,Bank transfer (automatic),85.6,4902.8,0,0.5773886226681427,1,High Risk,False,Priority 3,Offer incentive to move to a long-term contract | Offer trial or discounted technical support | Promote bundled online security services,3
3258-SANFR,Male,1,No,No,6,Yes,No,DSL,No,No,No,No,No,No,Month-to-month,No,Credit card (automatic),44.7,276.5,0,0.5773405372070606,1,High Risk,False,Priority 3,Offer incentive to move to a long-term contract | Provide proactive onboarding and early engagement | Offer trial or discounted technical support,3
6288-LBEAR,Female,0,No,No,23,Yes,No,Fiber optic,No,Yes,No,Yes,No,No,Month-to-month,Yes,Mailed check,79.1,1783.75,0,0.5767094060746641,1,High Risk,False,Priority 3,Offer incentive to move to a long-term contract | Promote bundled online security services,3
7693-QPEFS,Male,1,No,No,52,Yes,Yes,Fiber optic,No,No,No,No,No,No,Month-to-month,Yes,Bank transfer (automatic),72.95,3829.75,0,0.5760457254990622,1,High Risk,False,Priority 3,Offer incentive to move to a long-term contract | Offer trial or discounted technical support | Promote bundled online security services,3
6143-JQKEA,Male,0,No,No,10,Yes,No,DSL,No,No,No,No,No,No,Month-to-month,Yes,Credit card (automatic),45.8,436.2,0,0.5758423287934014,1,High Risk,False,Priority 3,Offer incentive to move to a long-term contract | Provide proactive onboarding and early engagement | Offer trial or discounted technical support,3
6817-WTYHE,Male,0,No,No,2,Yes,No,DSL,No,No,No,No,No,No,Month-to-month,No,Bank transfer (automatic),44.9,111.05,0,0.5750319220615955,1,High Risk,False,Priority 3,Offer incentive to move to a long-term contract | Provide proactive onboarding and early engagement | Offer trial or discounted technical support,3
1564-HJUVY,Male,0,No,No,4,Yes,No,DSL,No,Yes,No,Yes,Yes,No,Month-to-month,Yes,Bank transfer (automatic),63.75,226.2,0,0.5746850243681566,1,High Risk,False,Priority 3,Offer incentive to move to a long-term contract | Provide proactive onboarding and early engagement | Promote bundled online security services,3
1357-MVDOZ,Male,0,Yes,Yes,11,Yes,No,DSL,No,No,Yes,No,Yes,No,Month-to-month,Yes,Bank transfer (automatic),59.65,683.25,0,0.5745532940131317,1,High Risk,False,Priority 3,Offer incentive to move to a long-term contract | Provide proactive onboarding and early engagement | Offer trial or discounted technical support,3
4061-UKJWL,Male,0,No,No,3,Yes,No,DSL,No,No,No,No,No,No,Month-to-month,No,Mailed check,45.45,141.7,0,0.574552270007137,1,High Risk,False,Priority 3,Offer incentive to move to a long-term contract | Provide proactive onboarding and early engagement | Offer trial or discounted technical support,3
9415-TPKRV,Female,0,Yes,Yes,8,Yes,Yes,DSL,No,Yes,No,No,No,No,Month-to-month,No,Electronic check,55.75,446.8,0,0.5742766275681466,1,High Risk,False,Priority 3,Offer incentive to move to a long-term contract | Encourage automatic payment adoption | Provide proactive onboarding and early engagement,3
6538-POCHL,Male,0,No,No,33,Yes,No,Fiber optic,No,Yes,Yes,No,No,No,Month-to-month,Yes,Credit card (automatic),79.0,2576.8,0,0.5741997600996345,1,High Risk,False,Priority 3,Offer incentive to move to a long-term contract | Offer trial or discounted technical support | Promote bundled online security services,3
7878-JGDKK,Male,0,No,No,4,Yes,No,DSL,No,No,No,No,No,No,Month-to-month,No,Mailed check,44.55,220.75,0,0.5740393674615797,1,High Risk,False,Priority 3,Offer incentive to move to a long-term contract | Provide proactive onboarding and early engagement | Offer trial or discounted technical support,3
0822-QGCXA,Female,1,Yes,No,27,Yes,Yes,DSL,No,Yes,Yes,Yes,Yes,Yes,Month-to-month,No,Electronic check,83.85,2310.2,0,0.5740383968508044,1,High Risk,False,Priority 3,Offer incentive to move to a long-term contract | Encourage automatic payment adoption | Promote bundled online security services,3
3503-TYDAY,Female,0,Yes,No,43,Yes,Yes,Fiber optic,No,Yes,No,No,No,No,Month-to-month,No,Electronic check,80.45,3398.9,0,0.5735551318571147,1,High Risk,False,Priority 3,Offer incentive to move to a long-term contract | Encourage automatic payment adoption | Offer trial or discounted technical support,3
9681-KYGYB,Male,1,Yes,No,49,Yes,Yes,Fiber optic,Yes,Yes,Yes,No,No,No,Month-to-month,Yes,Electronic check,88.2,4159.45,0,0.5735218869091876,1,High Risk,False,Priority 3,Offer incentive to move to a long-term contract | Encourage automatic payment adoption | Offer trial or discounted technical support,3
7669-LCRSD,Male,0,Yes,Yes,12,Yes,No,DSL,No,No,No,No,Yes,No,Month-to-month,Yes,Mailed check,56.3,628.65,0,0.573282065428426,1,High Risk,False,Priority 3,Offer incentive to move to a long-term contract | Provide proactive onboarding and early engagement | Offer trial or discounted technical support,3
4280-DLSHD,Male,0,Yes,No,8,Yes,No,DSL,No,Yes,Yes,No,No,No,Month-to-month,Yes,Mailed check,54.75,445.85,0,0.5728789138554724,1,High Risk,False,Priority 3,Offer incentive to move to a long-term contract | Provide proactive onboarding and early engagement | Offer trial or discounted technical support,3
7916-VCCPB,Female,0,Yes,Yes,16,Yes,No,Fiber optic,No,Yes,No,No,No,No,Month-to-month,No,Bank transfer (automatic),73.25,1195.75,0,0.5727609209867603,1,High Risk,False,Priority 3,Offer incentive to move to a long-term contract | Offer trial or discounted technical support | Promote bundled online security services,3
1169-WCVAK,Male,0,Yes,No,19,Yes,Yes,Fiber optic,Yes,Yes,No,Yes,No,No,Month-to-month,Yes,Credit card (automatic),88.8,1672.35,0,0.5727300938214774,1,High Risk,False,Priority 3,Offer incentive to move to a long-term contract,3
8660-BUETV,Female,0,No,No,3,Yes,No,DSL,No,No,No,No,No,No,Month-to-month,No,Mailed check,44.75,148.05,0,0.5721099143650152,1,High Risk,False,Priority 3,Offer incentive to move to a long-term contract | Provide proactive onboarding and early engagement | Offer trial or discounted technical support,3
5949-HGVJL,Female,0,Yes,No,26,Yes,No,DSL,No,Yes,No,Yes,Yes,Yes,Month-to-month,Yes,Electronic check,73.05,1959.5,0,0.5719549480945644,1,High Risk,False,Priority 3,Offer incentive to move to a long-term contract | Encourage automatic payment adoption | Promote bundled online security services,3
9688-YGXVR,Female,0,No,No,44,Yes,No,Fiber optic,No,Yes,Yes,No,Yes,No,Month-to-month,Yes,Credit card (automatic),88.15,3973.2,0,0.5718902723464644,1,High Risk,False,Priority 3,Offer incentive to move to a long-term contract | Offer trial or discounted technical support | Promote bundled online security services,3
0356-ERHVT,Male,0,Yes,No,11,Yes,No,DSL,No,No,No,No,No,No,Month-to-month,Yes,Bank transfer (automatic),45.9,521.9,0,0.5718628709445628,1,High Risk,False,Priority 3,Offer incentive to move to a long-term contract | Provide proactive onboarding and early engagement | Offer trial or discounted technical support,3
4026-SKKHW,Male,0,No,No,3,Yes,No,DSL,No,No,No,Yes,No,No,Month-to-month,Yes,Mailed check,50.25,152.3,0,0.5714943547391768,1,High Risk,False,Priority 3,Offer incentive to move to a long-term contract | Provide proactive onboarding and early engagement | Promote bundled online security services,3
7075-BNDVQ,Female,0,No,No,4,No,No phone service,DSL,Yes,No,Yes,No,No,No,Month-to-month,No,Mailed check,35.0,135.75,0,0.5713778735972942,1,High Risk,False,Priority 3,Offer incentive to move to a long-term contract | Provide proactive onboarding and early engagement | Offer trial or discounted technical support,3
5433-KYGHE,Female,0,No,Yes,14,Yes,Yes,Fiber optic,Yes,No,No,Yes,No,No,Month-to-month,Yes,Mailed check,86.0,1164.05,0,0.5713125364422644,1,High Risk,False,Priority 3,Offer incentive to move to a long-term contract,3
6896-SRVYQ,Male,1,No,No,44,Yes,No,Fiber optic,No,No,Yes,No,No,No,Month-to-month,No,Electronic check,73.85,3122.4,0,0.5710591974041425,1,High Risk,False,Priority 3,Offer incentive to move to a long-term contract | Encourage automatic payment adoption | Offer trial or discounted technical support,3
2436-QBZFP,Female,0,Yes,Yes,22,No,No phone service,DSL,No,Yes,No,No,Yes,No,Month-to-month,No,Electronic check,39.2,849.9,0,0.5701739626726549,1,High Risk,False,Priority 3,Offer incentive to move to a long-term contract | Encourage automatic payment adoption | Offer trial or discounted technical support,3
3345-PBBFH,Male,0,Yes,No,8,Yes,No,DSL,No,Yes,No,No,No,No,Month-to-month,Yes,Bank transfer (automatic),49.55,393.45,0,0.5700991125792075,1,High Risk,False,Priority 3,Offer incentive to move to a long-term contract | Provide proactive onboarding and early engagement | Offer trial or discounted technical support,3
8728-SKJLR,Male,0,No,No,41,Yes,No,Fiber optic,No,No,No,Yes,No,No,Month-to-month,Yes,Electronic check,74.25,3089.1,0,0.5700601351653292,1,High Risk,False,Priority 3,Offer incentive to move to a long-term contract | Encourage automatic payment adoption | Promote bundled online security services,3
9644-UMGQA,Male,0,Yes,Yes,6,Yes,No,DSL,Yes,No,No,No,No,No,Month-to-month,Yes,Electronic check,49.15,295.65,0,0.5699912026721233,1,High Risk,False,Priority 3,Offer incentive to move to a long-term contract | Encourage automatic payment adoption | Provide proactive onboarding and early engagement,3
5575-TPIZQ,Male,0,No,No,46,Yes,Yes,Fiber optic,Yes,No,No,No,Yes,No,Month-to-month,Yes,Credit card (automatic),89.15,4245.55,0,0.5696718477255073,1,High Risk,False,Priority 3,Offer incentive to move to a long-term contract | Offer trial or discounted technical support,3
2181-UAESM,Male,0,No,No,2,Yes,No,DSL,Yes,No,Yes,No,No,No,Month-to-month,No,Electronic check,53.45,119.5,0,0.5696715589846653,1,High Risk,False,Priority 3,Offer incentive to move to a long-term contract | Encourage automatic payment adoption | Provide proactive onboarding and early engagement,3
3466-WAESX,Male,0,No,Yes,16,Yes,Yes,DSL,Yes,Yes,No,No,No,Yes,Month-to-month,Yes,Electronic check,69.1,1083.7,0,0.569516995393512,1,High Risk,False,Priority 3,Offer incentive to move to a long-term contract | Encourage automatic payment adoption | Offer trial or discounted technical support,3
1763-WQFUK,Male,0,No,No,3,Yes,No,DSL,No,No,No,Yes,No,No,Month-to-month,Yes,Mailed check,50.5,147.75,0,0.5693521254922144,1,High Risk,False,Priority 3,Offer incentive to move to a long-term contract | Provide proactive onboarding and early engagement | Promote bundled online security services,3
6888-SBYAI,Male,0,No,No,1,Yes,No,DSL,Yes,No,No,No,No,No,Month-to-month,Yes,Mailed check,50.7,50.7,0,0.5692981071540422,1,High Risk,False,Priority 3,Offer incentive to move to a long-term contract | Provide proactive onboarding and early engagement | Offer trial or discounted technical support,3
9373-WSLOY,Male,1,Yes,No,33,No,No phone service,DSL,No,Yes,Yes,Yes,Yes,No,Month-to-month,Yes,Electronic check,50.0,1750.85,0,0.5692721983163034,1,High Risk,False,Priority 3,Offer incentive to move to a long-term contract | Encourage automatic payment adoption | Promote bundled online security services,3
7794-JASDG,Male,0,No,No,1,Yes,No,DSL,Yes,No,No,No,No,No,Month-to-month,Yes,Mailed check,50.75,50.75,0,0.5689195528976614,1,High Risk,False,Priority 3,Offer incentive to move to a long-term contract | Provide proactive onboarding and early engagement | Offer trial or discounted technical support,3
0374-AACSZ,Female,0,No,No,1,Yes,No,DSL,Yes,No,No,No,No,No,Month-to-month,No,Electronic check,50.15,50.15,0,0.5685289860405441,1,High Risk,False,Priority 3,Offer incentive to move to a long-term contract | Encourage automatic payment adoption | Provide proactive onboarding and early engagement,3
9089-UOWJG,Female,0,Yes,Yes,12,Yes,No,DSL,No,No,Yes,No,Yes,No,Month-to-month,Yes,Credit card (automatic),58.35,740.55,0,0.5683761478188433,1,High Risk,False,Priority 3,Offer incentive to move to a long-term contract | Provide proactive onboarding and early engagement | Offer trial or discounted technical support,3
6844-DZKRF,Male,0,No,No,2,Yes,No,DSL,No,No,No,Yes,No,No,Month-to-month,Yes,Credit card (automatic),50.2,109.25,0,0.568050676937992,1,High Risk,False,Priority 3,Offer incentive to move to a long-term contract | Provide proactive onboarding and early engagement | Promote bundled online security services,3
5402-HTOTQ,Male,0,No,No,16,Yes,Yes,DSL,No,Yes,No,No,No,No,Month-to-month,No,Electronic check,55.3,875.35,0,0.5679478468679662,1,High Risk,False,Priority 3,Offer incentive to move to a long-term contract | Encourage automatic payment adoption | Offer trial or discounted technical support,3
3873-NFTGI,Male,0,No,No,14,Yes,Yes,DSL,No,Yes,No,No,No,No,Month-to-month,Yes,Credit card (automatic),55.5,767.55,0,0.5675364334769083,1,High Risk,False,Priority 3,Offer incentive to move to a long-term contract | Offer trial or discounted technical support | Promote bundled online security services,3
6202-DYYFX,Female,0,No,No,22,Yes,Yes,Fiber optic,No,No,No,No,No,No,One year,Yes,Credit card (automatic),76.0,1783.6,0,0.5673906943104617,1,High Risk,False,Priority 3,Offer trial or discounted technical support | Promote bundled online security services,3
9767-FFLEM,Male,0,No,No,38,Yes,No,Fiber optic,No,No,No,No,No,No,Month-to-month,Yes,Credit card (automatic),69.5,2625.25,0,0.5672981801535444,1,High Risk,False,Priority 3,Offer incentive to move to a long-term contract | Offer trial or discounted technical support | Promote bundled online security services,3
6726-WEXXK,Male,1,Yes,No,27,Yes,Yes,Fiber optic,Yes,No,Yes,No,No,No,One year,Yes,Electronic check,85.9,2220.1,0,0.566128122862433,1,High Risk,False,Priority 3,Encourage automatic payment adoption | Offer trial or discounted technical support,3
0867-LDTTC,Male,0,No,No,5,Yes,No,DSL,No,No,Yes,Yes,Yes,Yes,Month-to-month,No,Bank transfer (automatic),75.15,392.65,0,0.5660746030078602,1,High Risk,False,Priority 3,Offer incentive to move to a long-term contract | Provide proactive onboarding and early engagement | Promote bundled online security services,3
3173-NVMPX,Female,0,Yes,Yes,9,Yes,Yes,DSL,No,Yes,No,No,No,No,Month-to-month,Yes,Mailed check,55.3,501.2,0,0.5658633836810615,1,High Risk,False,Priority 3,Offer incentive to move to a long-term contract | Provide proactive onboarding and early engagement | Offer trial or discounted technical support,3
0013-MHZWF,Female,0,No,Yes,9,Yes,No,DSL,No,No,No,Yes,Yes,Yes,Month-to-month,Yes,Credit card (automatic),69.4,571.45,0,0.5656697986547743,1,High Risk,False,Priority 3,Offer incentive to move to a long-term contract | Provide proactive onboarding and early engagement | Promote bundled online security services,3
0929-PECLO,Female,1,No,No,63,Yes,Yes,Fiber optic,No,No,Yes,No,No,Yes,Month-to-month,Yes,Bank transfer (automatic),89.6,5538.8,0,0.5653458300002239,1,High Risk,False,Priority 3,Offer incentive to move to a long-term contract | Offer trial or discounted technical support | Promote bundled online security services,3
4462-CYWMH,Male,1,Yes,No,62,Yes,Yes,Fiber optic,No,Yes,No,No,No,Yes,Month-to-month,Yes,Bank transfer (automatic),89.8,5629.55,0,0.56470894127184,1,High Risk,False,Priority 3,Offer incentive to move to a long-term contract | Offer trial or discounted technical support | Promote bundled online security services,3
0623-GDISB,Female,0,No,No,1,Yes,No,DSL,Yes,No,No,No,No,No,Month-to-month,Yes,Bank transfer (automatic),48.45,48.45,0,0.564591874114745,1,High Risk,False,Priority 3,Offer incentive to move to a long-term contract | Provide proactive onboarding and early engagement | Offer trial or discounted technical support,3
8757-TFHHJ,Male,0,No,No,1,Yes,No,DSL,Yes,No,No,No,No,No,Month-to-month,Yes,Credit card (automatic),49.8,49.8,0,0.5630173081205825,1,High Risk,False,Priority 3,Offer incentive to move to a long-term contract | Provide proactive onboarding and early engagement | Offer trial or discounted technical support,3
7909-FIOIY,Female,0,Yes,Yes,19,No,No phone service,DSL,No,No,No,No,No,No,Month-to-month,Yes,Mailed check,24.85,434.8,0,0.5618131828652639,1,High Risk,False,Priority 3,Offer incentive to move to a long-term contract | Offer trial or discounted technical support | Promote bundled online security services,3
7766-CLTIC,Female,0,No,No,10,Yes,No,DSL,No,No,No,Yes,No,Yes,Month-to-month,Yes,Mailed check,60.95,629.55,0,0.5616758287970693,1,High Risk,False,Priority 3,Offer incentive to move to a long-term contract | Provide proactive onboarding and early engagement | Promote bundled online security services,3
9761-XUJWD,Male,0,No,No,5,Yes,No,DSL,No,Yes,No,Yes,No,Yes,Month-to-month,Yes,Bank transfer (automatic),65.6,339.9,0,0.5613726366909486,1,High Risk,False,Priority 3,Offer incentive to move to a long-term contract | Provide proactive onboarding and early engagement | Promote bundled online security services,3
1703-MGIAB,Female,0,No,No,17,Yes,Yes,DSL,No,No,Yes,Yes,Yes,No,Month-to-month,Yes,Mailed check,69.0,1108.0,0,0.5605515588345292,1,High Risk,False,Priority 3,Offer incentive to move to a long-term contract | Promote bundled online security services,3
4238-HFHSN,Male,1,Yes,No,61,Yes,Yes,Fiber optic,No,Yes,No,No,No,No,Month-to-month,Yes,Electronic check,82.15,4904.85,0,0.5601430539090012,1,High Risk,False,Priority 3,Offer incentive to move to a long-term contract | Encourage automatic payment adoption | Offer trial or discounted technical support,3
1215-VFYVK,Female,0,No,No,4,No,No phone service,DSL,Yes,No,Yes,Yes,No,Yes,Month-to-month,No,Mailed check,48.25,202.25,0,0.5600744062261467,1,High Risk,False,Priority 3,Offer incentive to move to a long-term contract | Provide proactive onboarding and early engagement,3
6022-KOUQO,Female,0,Yes,Yes,2,No,No phone service,DSL,No,No,No,Yes,No,No,Month-to-month,No,Bank transfer (automatic),29.05,44.75,0,0.5599830249764146,1,High Risk,False,Priority 3,Offer incentive to move to a long-term contract | Provide proactive onboarding and early engagement | Promote bundled online security services,3
7055-HNEOJ,Male,0,Yes,No,3,Yes,No,DSL,No,No,Yes,Yes,No,No,Month-to-month,Yes,Mailed check,55.8,154.55,0,0.5596793049635926,1,High Risk,False,Priority 3,Offer incentive to move to a long-term contract | Provide proactive onboarding and early engagement | Promote bundled online security services,3
5778-BVOFB,Female,0,No,No,9,Yes,No,DSL,No,No,No,Yes,Yes,No,Month-to-month,Yes,Bank transfer (automatic),59.5,530.05,0,0.559043630223793,1,High Risk,False,Priority 3,Offer incentive to move to a long-term contract | Provide proactive onboarding and early engagement | Promote bundled online security services,3
6257-RJOHI,Male,0,No,No,4,Yes,No,DSL,No,No,No,Yes,No,No,Month-to-month,Yes,Mailed check,50.8,202.3,0,0.5583774740347324,1,High Risk,False,Priority 3,Offer incentive to move to a long-term contract | Provide proactive onboarding and early engagement | Promote bundled online security services,3
5201-USSQZ,Female,0,Yes,No,26,Yes,No,Fiber optic,No,No,No,Yes,No,Yes,Month-to-month,No,Credit card (automatic),85.9,2196.45,0,0.5581881274238286,1,High Risk,False,Priority 3,Offer incentive to move to a long-term contract | Promote bundled online security services,3
9700-ISPUP,Female,0,Yes,Yes,10,Yes,No,DSL,No,Yes,No,Yes,No,Yes,Month-to-month,Yes,Electronic check,65.5,616.9,0,0.558174620746733,1,High Risk,False,Priority 3,Offer incentive to move to a long-term contract | Encourage automatic payment adoption | Provide proactive onboarding and early engagement,3
9774-NRNAU,Male,1,Yes,No,27,Yes,Yes,DSL,No,Yes,Yes,Yes,Yes,Yes,Month-to-month,Yes,Bank transfer (automatic),84.8,2309.55,0,0.5580511477750972,1,High Risk,False,Priority 3,Offer incentive to move to a long-term contract | Promote bundled online security services,3
5371-VYLSX,Female,1,No,No,50,Yes,Yes,Fiber optic,Yes,Yes,No,No,No,No,Month-to-month,Yes,Electronic check,83.4,4113.7,0,0.557665674802892,1,High Risk,False,Priority 3,Offer incentive to move to a long-term contract | Encourage automatic payment adoption | Offer trial or discounted technical support,3
4282-ACRXS,Male,1,Yes,No,38,No,No phone service,DSL,No,No,No,No,No,No,Month-to-month,Yes,Electronic check,24.85,955.75,0,0.5576256857080752,1,High Risk,False,Priority 3,Offer incentive to move to a long-term contract | Encourage automatic payment adoption | Offer trial or discounted technical support,3
9795-VOWON,Male,0,No,No,7,No,No phone service,DSL,No,No,No,No,No,No,One year,Yes,Credit card (automatic),24.35,150.85,0,0.5572176136101975,1,High Risk,False,Priority 3,Provide proactive onboarding and early engagement | Offer trial or discounted technical support | Promote bundled online security services,3
6921-OZMFH,Male,0,Yes,Yes,5,Yes,Yes,DSL,No,No,No,Yes,No,No,Month-to-month,Yes,Mailed check,55.7,259.4,0,0.5567973880950264,1,High Risk,False,Priority 3,Offer incentive to move to a long-term contract | Provide proactive onboarding and early engagement | Promote bundled online security services,3
1658-XUHBX,Female,1,Yes,Yes,59,Yes,Yes,Fiber optic,No,No,Yes,No,No,Yes,Month-to-month,Yes,Credit card (automatic),88.75,5348.65,0,0.5566347577950382,1,High Risk,False,Priority 3,Offer incentive to move to a long-term contract | Offer trial or discounted technical support | Promote bundled online security services,3
0929-HYQEW,Male,0,No,No,3,Yes,No,DSL,Yes,No,No,No,No,No,Month-to-month,Yes,Mailed check,50.15,160.85,0,0.5561879990628289,1,High Risk,False,Priority 3,Offer incentive to move to a long-term contract | Provide proactive onboarding and early engagement | Offer trial or discounted technical support,3
9862-KJTYK,Male,0,No,Yes,19,No,No phone service,DSL,No,No,No,No,No,No,Month-to-month,Yes,Credit card (automatic),25.35,566.1,0,0.5555339623378565,1,High Risk,False,Priority 3,Offer incentive to move to a long-term contract | Offer trial or discounted technical support | Promote bundled online security services,3
6549-NNDYT,Female,0,No,No,13,No,No phone service,DSL,Yes,No,No,No,No,No,Month-to-month,Yes,Bank transfer (automatic),30.85,394.1,0,0.5554191018445213,1,High Risk,False,Priority 3,Offer incentive to move to a long-term contract | Offer trial or discounted technical support,3
1600-DILPE,Female,0,No,No,12,Yes,No,DSL,No,No,No,No,No,No,Month-to-month,Yes,Bank transfer (automatic),45.0,524.35,0,0.554840414581932,1,High Risk,False,Priority 3,Offer incentive to move to a long-term contract | Provide proactive onboarding and early engagement | Offer trial or discounted technical support,3
5133-VRSAB,Male,0,No,No,8,No,No phone service,DSL,Yes,No,No,No,No,No,Month-to-month,No,Mailed check,29.35,216.45,0,0.5546279962084009,1,High Risk,False,Priority 3,Offer incentive to move to a long-term contract | Provide proactive onboarding and early engagement | Offer trial or discounted technical support,3
3452-SRFEG,Male,0,No,No,49,Yes,Yes,Fiber optic,No,No,No,No,No,No,Month-to-month,Yes,Bank transfer (automatic),74.6,3720.35,0,0.554588034823563,1,High Risk,False,Priority 3,Offer incentive to move to a long-term contract | Offer trial or discounted technical support | Promote bundled online security services,3
6614-VBEGU,Female,0,Yes,No,24,Yes,No,DSL,No,Yes,No,No,Yes,Yes,Month-to-month,Yes,Bank transfer (automatic),69.45,1614.05,0,0.5545222624523063,1,High Risk,False,Priority 3,Offer incentive to move to a long-term contract | Offer trial or discounted technical support | Promote bundled online security services,3
0980-PVMRC,Female,0,Yes,Yes,40,No,No phone service,DSL,No,Yes,No,No,Yes,Yes,Month-to-month,Yes,Electronic check,50.85,2036.55,0,0.553891611187773,1,High Risk,False,Priority 3,Offer incentive to move to a long-term contract | Encourage automatic payment adoption | Offer trial or discounted technical support,3
6599-GZWCM,Female,0,No,No,13,Yes,No,Fiber optic,No,Yes,No,No,No,No,One year,Yes,Mailed check,74.65,966.25,0,0.553703809041807,1,High Risk,False,Priority 3,Offer trial or discounted technical support | Promote bundled online security services,3
7594-LZNWR,Male,1,No,No,34,Yes,No,Fiber optic,No,No,No,No,No,No,Month-to-month,No,Credit card (automatic),69.15,2275.1,0,0.5530583131160594,1,High Risk,False,Priority 3,Offer incentive to move to a long-term contract | Offer trial or discounted technical support | Promote bundled online security services,3
7346-MEDWM,Female,0,No,No,59,Yes,Yes,Fiber optic,No,Yes,Yes,No,No,No,Month-to-month,Yes,Electronic check,83.25,4949.1,0,0.5530155972357664,1,High Risk,False,Priority 3,Offer incentive to move to a long-term contract | Encourage automatic payment adoption | Offer trial or discounted technical support,3
6360-SVNWV,Female,1,No,No,31,Yes,No,Fiber optic,Yes,No,No,No,No,No,Month-to-month,Yes,Credit card (automatic),73.55,2094.65,0,0.5529895719803267,1,High Risk,False,Priority 3,Offer incentive to move to a long-term contract | Offer trial or discounted technical support,3
5948-UJZLF,Male,0,No,No,2,Yes,No,DSL,No,Yes,No,No,No,No,Month-to-month,No,Mailed check,49.25,97.0,0,0.552944255187889,1,High Risk,False,Priority 3,Offer incentive to move to a long-term contract | Provide proactive onboarding and early engagement | Offer trial or discounted technical support,3
6253-WRFHY,Male,0,Yes,Yes,13,Yes,No,DSL,No,No,No,No,Yes,Yes,One year,Yes,Electronic check,64.75,877.35,0,0.5527179217031362,1,High Risk,False,Priority 3,Encourage automatic payment adoption | Offer trial or discounted technical support | Promote bundled online security services,3
3845-FXCYS,Male,0,No,No,2,Yes,No,No,No internet service,No internet service,No internet service,No internet service,No internet service,No internet service,Month-to-month,Yes,Electronic check,19.65,31.2,0,0.5524496684042332,1,High Risk,False,Priority 3,Offer incentive to move to a long-term contract | Encourage automatic payment adoption | Provide proactive onboarding and early engagement,3
6624-JDRDS,Female,0,No,No,6,No,No phone service,DSL,Yes,No,No,No,No,No,Month-to-month,No,Bank transfer (automatic),29.45,161.45,0,0.55225535220905,1,High Risk,False,Priority 3,Offer incentive to move to a long-term contract | Provide proactive onboarding and early engagement | Offer trial or discounted technical support,3
5939-XAIXZ,Female,0,No,No,19,Yes,Yes,DSL,No,No,Yes,No,No,No,Month-to-month,Yes,Mailed check,56.1,1033.9,0,0.5520545106817621,1,High Risk,False,Priority 3,Offer incentive to move to a long-term contract | Offer trial or discounted technical support | Promote bundled online security services,3
6917-IAYHD,Male,0,No,Yes,1,No,No phone service,DSL,No,Yes,No,Yes,No,No,Month-to-month,No,Mailed check,33.6,33.6,0,0.5518188613466555,1,High Risk,False,Priority 3,Offer incentive to move to a long-term contract | Provide proactive onboarding and early engagement | Promote bundled online security services,3
2240-HSJQD,Male,0,No,Yes,38,Yes,Yes,Fiber optic,No,Yes,No,No,No,No,Month-to-month,Yes,Mailed check,81.85,3141.7,0,0.5513889983472574,1,High Risk,False,Priority 3,Offer incentive to move to a long-term contract | Offer trial or discounted technical support | Promote bundled online security services,3
4819-HJPIW,Male,0,No,No,18,No,No phone service,DSL,No,No,No,No,No,No,Month-to-month,No,Mailed check,25.15,476.8,0,0.5508469985626613,1,High Risk,False,Priority 3,Offer incentive to move to a long-term contract | Offer trial or discounted technical support | Promote bundled online security services,3
8705-DWKTI,Male,0,No,No,52,Yes,No,Fiber optic,No,No,Yes,No,No,Yes,Month-to-month,Yes,Credit card (automatic),83.8,4331.4,0,0.5478247349551857,1,High Risk,False,Priority 3,Offer incentive to move to a long-term contract | Offer trial or discounted technical support | Promote bundled online security services,3
5973-EJGDP,Male,0,No,No,51,Yes,Yes,Fiber optic,No,Yes,Yes,Yes,No,No,Month-to-month,Yes,Electronic check,87.35,4473.0,0,0.5477662101123222,1,High Risk,False,Priority 3,Offer incentive to move to a long-term contract | Encourage automatic payment adoption | Promote bundled online security services,3
3043-TYBNO,Male,0,No,No,3,Yes,No,DSL,No,No,No,Yes,No,Yes,Month-to-month,No,Mailed check,60.65,196.9,0,0.5477062306390448,1,High Risk,False,Priority 3,Offer incentive to move to a long-term contract | Provide proactive onboarding and early engagement | Promote bundled online security services,3
4452-QIIEB,Male,0,No,No,7,Yes,No,DSL,No,No,No,No,No,No,Month-to-month,No,Mailed check,43.9,278.4,0,0.5473678776484503,1,High Risk,False,Priority 3,Offer incentive to move to a long-term contract | Provide proactive onboarding and early engagement | Offer trial or discounted technical support,3
8910-LEDAG,Male,1,Yes,No,34,Yes,No,Fiber optic,No,No,No,No,No,No,Month-to-month,No,Credit card (automatic),71.55,2427.35,0,0.5470036536383971,1,High Risk,False,Priority 3,Offer incentive to move to a long-term contract | Offer trial or discounted technical support | Promote bundled online security services,3
7966-YOTQW,Male,0,No,No,10,Yes,Yes,DSL,Yes,No,No,No,No,No,Month-to-month,Yes,Credit card (automatic),54.5,568.2,0,0.5466853745297912,1,High Risk,False,Priority 3,Offer incentive to move to a long-term contract | Provide proactive onboarding and early engagement | Offer trial or discounted technical support,3
1024-KPRBB,Female,0,No,No,38,Yes,No,Fiber optic,No,No,No,No,Yes,Yes,One year,Yes,Mailed check,89.1,3342.0,0,0.5463597621554377,1,High Risk,False,Priority 3,Offer trial or discounted technical support | Promote bundled online security services,3
0603-OLQDC,Male,0,No,Yes,12,Yes,No,DSL,Yes,No,No,No,Yes,Yes,Month-to-month,Yes,Mailed check,69.85,837.5,0,0.5462252281963557,1,High Risk,False,Priority 3,Offer incentive to move to a long-term contract | Provide proactive onboarding and early engagement | Offer trial or discounted technical support,3
3606-SBKRY,Male,0,No,No,31,No,No phone service,DSL,No,No,Yes,No,Yes,Yes,One year,Yes,Electronic check,50.05,1523.4,0,0.5459163011543012,1,High Risk,False,Priority 3,Encourage automatic payment adoption | Offer trial or discounted technical support | Promote bundled online security services,3
0191-ZHSKZ,Male,1,No,No,30,Yes,No,DSL,Yes,Yes,No,No,Yes,Yes,Month-to-month,Yes,Electronic check,74.75,2111.3,0,0.545717111529264,1,High Risk,False,Priority 3,Offer incentive to move to a long-term contract | Encourage automatic payment adoption | Offer trial or discounted technical support,3
0734-OXWBT,Male,0,No,Yes,3,Yes,No,DSL,No,No,No,Yes,Yes,Yes,Month-to-month,No,Mailed check,70.7,225.65,0,0.5455859581172895,1,High Risk,False,Priority 3,Offer incentive to move to a long-term contract | Provide proactive onboarding and early engagement | Promote bundled online security services,3
8805-JNRAZ,Female,0,No,No,2,Yes,No,DSL,No,Yes,No,No,No,No,Month-to-month,No,Mailed check,49.2,103.7,0,0.5454882495926784,1,High Risk,False,Priority 3,Offer incentive to move to a long-term contract | Provide proactive onboarding and early engagement | Offer trial or discounted technical support,3
5438-QMDDL,Female,0,Yes,No,19,Yes,No,DSL,No,Yes,No,No,No,Yes,Month-to-month,Yes,Mailed check,59.8,1130.85,0,0.5447633902892962,1,High Risk,False,Priority 3,Offer incentive to move to a long-term contract | Offer trial or discounted technical support | Promote bundled online security services,3
4987-GQWPO,Male,0,No,No,17,No,No phone service,DSL,No,No,No,No,No,No,Month-to-month,No,Credit card (automatic),25.1,382.8,0,0.5446749814042366,1,High Risk,False,Priority 3,Offer incentive to move to a long-term contract | Offer trial or discounted technical support | Promote bundled online security services,3
8229-MYEJZ,Female,0,No,No,10,Yes,No,DSL,No,Yes,No,No,No,No,Month-to-month,No,Electronic check,51.2,498.25,0,0.5441810703553652,1,High Risk,False,Priority 3,Offer incentive to move to a long-term contract | Encourage automatic payment adoption | Provide proactive onboarding and early engagement,3
7554-AKDQF,Female,0,Yes,No,6,Yes,No,DSL,No,No,No,No,No,No,Month-to-month,No,Mailed check,45.65,323.45,0,0.5440745315266423,1,High Risk,False,Priority 3,Offer incentive to move to a long-term contract | Provide proactive onboarding and early engagement | Offer trial or discounted technical support,3
9445-ZUEQE,Male,0,Yes,Yes,27,Yes,Yes,Fiber optic,No,Yes,No,Yes,No,No,Month-to-month,Yes,Credit card (automatic),85.2,2151.6,0,0.5425914787462806,1,High Risk,False,Priority 3,Offer incentive to move to a long-term contract | Promote bundled online security services,3
2190-BCXEC,Female,0,Yes,No,40,Yes,Yes,Fiber optic,No,No,No,Yes,No,No,Month-to-month,Yes,Credit card (automatic),78.85,3126.85,0,0.5421239575833816,1,High Risk,False,Priority 3,Offer incentive to move to a long-term contract | Promote bundled online security services,3
9108-EJFJP,Female,0,Yes,No,1,Yes,No,DSL,Yes,Yes,No,No,No,No,Month-to-month,Yes,Mailed check,53.55,53.55,0,0.5420063735609828,1,High Risk,False,Priority 3,Offer incentive to move to a long-term contract | Provide proactive onboarding and early engagement | Offer trial or discounted technical support,3
5060-TQUQN,Male,0,Yes,Yes,30,Yes,Yes,Fiber optic,No,Yes,No,Yes,No,No,Month-to-month,Yes,Bank transfer (automatic),83.55,2570.2,0,0.5419930665042482,1,High Risk,False,Priority 3,Offer incentive to move to a long-term contract | Promote bundled online security services,3
9327-QSDED,Male,0,No,No,8,Yes,No,DSL,No,No,No,No,No,No,Month-to-month,No,Mailed check,43.55,335.4,0,0.5414402719620822,1,High Risk,False,Priority 3,Offer incentive to move to a long-term contract | Provide proactive onboarding and early engagement | Offer trial or discounted technical support,3
4080-IIARD,Female,0,Yes,No,13,Yes,Yes,DSL,Yes,Yes,No,Yes,Yes,No,Month-to-month,Yes,Electronic check,76.2,981.45,0,0.541113713626323,1,High Risk,False,Priority 3,Offer incentive to move to a long-term contract | Encourage automatic payment adoption,3
4450-YOOHP,Female,0,No,No,39,No,No phone service,DSL,No,No,Yes,No,Yes,Yes,Month-to-month,Yes,Credit card (automatic),50.65,1905.4,0,0.5410541277984566,1,High Risk,False,Priority 3,Offer incentive to move to a long-term contract | Offer trial or discounted technical support | Promote bundled online security services,3
5076-YVXCM,Male,0,No,No,51,Yes,Yes,Fiber optic,No,No,No,No,No,Yes,Month-to-month,No,Bank transfer (automatic),83.4,4149.45,0,0.5400537823323595,1,High Risk,False,Priority 3,Offer incentive to move to a long-term contract | Offer trial or discounted technical support | Promote bundled online security services,3
4482-FTFFX,Male,0,No,No,5,Yes,No,DSL,No,No,Yes,Yes,No,No,Month-to-month,No,Electronic check,56.15,291.45,0,0.5398195187222834,1,High Risk,False,Priority 3,Offer incentive to move to a long-term contract | Encourage automatic payment adoption | Provide proactive onboarding and early engagement,3
1791-PQHBB,Female,0,No,Yes,2,Yes,No,DSL,Yes,No,No,No,No,Yes,Month-to-month,Yes,Credit card (automatic),61.2,125.95,0,0.5396431672984373,1,High Risk,False,Priority 3,Offer incentive to move to a long-term contract | Provide proactive onboarding and early engagement | Offer trial or discounted technical support,3
0419-YAAPX,Male,0,Yes,No,49,Yes,No,Fiber optic,No,Yes,No,No,Yes,No,Month-to-month,Yes,Credit card (automatic),85.3,4297.95,0,0.5392252951737821,1,High Risk,False,Priority 3,Offer incentive to move to a long-term contract | Offer trial or discounted technical support | Promote bundled online security services,3
0774-IFUVM,Male,0,Yes,Yes,11,Yes,Yes,DSL,Yes,No,No,No,Yes,No,Month-to-month,Yes,Bank transfer (automatic),65.15,723.35,0,0.5388206889574875,1,High Risk,False,Priority 3,Offer incentive to move to a long-term contract | Provide proactive onboarding and early engagement | Offer trial or discounted technical support,3
1803-BGNBD,Female,0,No,No,12,Yes,No,DSL,No,Yes,No,Yes,No,No,Month-to-month,Yes,Electronic check,54.3,654.5,0,0.5386050035921169,1,High Risk,False,Priority 3,Offer incentive to move to a long-term contract | Encourage automatic payment adoption | Provide proactive onboarding and early engagement,3
7869-ZYDST,Male,0,Yes,No,31,Yes,Yes,DSL,No,No,No,No,Yes,No,Month-to-month,Yes,Credit card (automatic),59.05,1882.8,0,0.5381211095586113,1,High Risk,False,Priority 3,Offer incentive to move to a long-term contract | Offer trial or discounted technical support | Promote bundled online security services,3
3195-TQDZX,Male,0,No,No,3,Yes,No,No,No internet service,No internet service,No internet service,No internet service,No internet service,No internet service,Month-to-month,Yes,Electronic check,20.25,61.45,0,0.5377866604982261,1,High Risk,False,Priority 3,Offer incentive to move to a long-term contract | Encourage automatic payment adoption | Provide proactive onboarding and early engagement,3
5600-PDUJF,Male,0,No,No,6,Yes,No,DSL,No,No,No,Yes,No,No,Month-to-month,Yes,Credit card (automatic),49.5,312.7,0,0.5377549782989365,1,High Risk,False,Priority 3,Offer incentive to move to a long-term contract | Provide proactive onboarding and early engagement | Promote bundled online security services,3
7596-LDUXP,Female,0,No,No,12,Yes,No,Fiber optic,Yes,No,No,No,Yes,No,One year,Yes,Credit card (automatic),85.15,979.05,0,0.5377480786871001,1,High Risk,False,Priority 3,Provide proactive onboarding and early engagement | Offer trial or discounted technical support,3
2792-VPPET,Male,0,No,No,3,Yes,No,No,No internet service,No internet service,No internet service,No internet service,No internet service,No internet service,Month-to-month,Yes,Electronic check,20.5,76.95,0,0.5366764052235218,1,High Risk,False,Priority 3,Offer incentive to move to a long-term contract | Encourage automatic payment adoption | Provide proactive onboarding and early engagement,3
3865-QBWSJ,Male,1,No,Yes,38,Yes,Yes,Fiber optic,Yes,No,No,No,No,No,Month-to-month,Yes,Mailed check,80.45,3162.65,0,0.5366734103091608,1,High Risk,False,Priority 3,Offer incentive to move to a long-term contract | Offer trial or discounted technical support,3
1353-LJWEM,Male,0,No,No,11,Yes,No,DSL,No,Yes,Yes,Yes,No,No,Month-to-month,Yes,Electronic check,60.9,688.5,0,0.5357225200624677,1,High Risk,False,Priority 3,Offer incentive to move to a long-term contract | Encourage automatic payment adoption | Provide proactive onboarding and early engagement,3
3301-LSLWQ,Female,0,No,No,29,Yes,Yes,DSL,Yes,No,No,No,No,Yes,Month-to-month,Yes,Electronic check,66.1,1912.15,0,0.5355753837296755,1,High Risk,False,Priority 3,Offer incentive to move to a long-term contract | Encourage automatic payment adoption | Offer trial or discounted technical support,3
1456-TWCGB,Male,0,No,No,4,Yes,No,DSL,No,Yes,No,No,No,No,Month-to-month,No,Mailed check,49.25,208.45,0,0.5355574669881784,1,High Risk,False,Priority 3,Offer incentive to move to a long-term contract | Provide proactive onboarding and early engagement | Offer trial or discounted technical support,3
1548-ARAGG,Female,0,Yes,Yes,4,Yes,Yes,DSL,No,Yes,No,Yes,No,No,Month-to-month,Yes,Mailed check,58.5,224.85,0,0.5350553579284835,1,High Risk,False,Priority 3,Offer incentive to move to a long-term contract | Provide proactive onboarding and early engagement | Promote bundled online security services,3
1596-OQSPS,Female,0,No,No,11,Yes,No,DSL,No,Yes,No,No,No,No,Month-to-month,No,Electronic check,51.1,531.15,0,0.5350362124982905,1,High Risk,False,Priority 3,Offer incentive to move to a long-term contract | Encourage automatic payment adoption | Provide proactive onboarding and early engagement,3
1089-HDMKP,Male,1,No,Yes,11,Yes,No,DSL,No,Yes,No,Yes,No,No,Month-to-month,Yes,Electronic check,54.55,601.25,0,0.5350218992846147,1,High Risk,False,Priority 3,Offer incentive to move to a long-term contract | Encourage automatic payment adoption | Provide proactive onboarding and early engagement,3
5527-ACHSO,Female,0,No,No,11,Yes,No,DSL,No,No,No,Yes,Yes,Yes,Month-to-month,No,Mailed check,70.5,829.3,0,0.5344607056892366,1,High Risk,False,Priority 3,Offer incentive to move to a long-term contract | Provide proactive onboarding and early engagement | Promote bundled online security services,3
9481-SFCQY,Female,0,No,Yes,14,Yes,No,DSL,No,No,Yes,No,Yes,No,Month-to-month,Yes,Credit card (automatic),59.8,824.85,0,0.5340934734553456,1,High Risk,False,Priority 3,Offer incentive to move to a long-term contract | Offer trial or discounted technical support | Promote bundled online security services,3
8791-GFXLZ,Male,0,No,No,12,Yes,No,DSL,No,Yes,No,No,No,No,Month-to-month,Yes,Bank transfer (automatic),49.05,593.05,0,0.5336865544775244,1,High Risk,False,Priority 3,Offer incentive to move to a long-term contract | Provide proactive onboarding and early engagement | Offer trial or discounted technical support,3
1976-AZZPJ,Male,0,Yes,No,7,No,No phone service,DSL,Yes,Yes,No,No,No,No,Month-to-month,No,Mailed check,34.2,256.6,0,0.5336094161289315,1,High Risk,False,Priority 3,Offer incentive to move to a long-term contract | Provide proactive onboarding and early engagement | Offer trial or discounted technical support,3
8896-BQTTI,Male,0,No,No,1,Yes,Yes,No,No internet service,No internet service,No internet service,No internet service,No internet service,No internet service,Month-to-month,Yes,Mailed check,25.0,25.0,0,0.5333178391282473,1,High Risk,False,Priority 3,Offer incentive to move to a long-term contract | Provide proactive onboarding and early engagement,3
2740-JFBOK,Male,0,No,No,10,Yes,Yes,No,No internet service,No internet service,No internet service,No internet service,No internet service,No internet service,Month-to-month,Yes,Electronic check,24.0,226.55,0,0.5332898601392889,1,High Risk,False,Priority 3,Offer incentive to move to a long-term contract | Encourage automatic payment adoption | Provide proactive onboarding and early engagement,3
1422-DGUBX,Male,0,Yes,No,32,Yes,Yes,Fiber optic,No,No,No,Yes,No,No,One year,Yes,Electronic check,79.25,2619.15,0,0.5326023157677398,1,High Risk,False,Priority 3,Encourage automatic payment adoption | Promote bundled online security services,3
8201-AAXCB,Male,0,Yes,Yes,25,Yes,Yes,DSL,No,No,No,No,Yes,No,Month-to-month,No,Electronic check,60.35,1404.65,0,0.5323320793424505,1,High Risk,False,Priority 3,Offer incentive to move to a long-term contract | Encourage automatic payment adoption | Offer trial or discounted technical support,3
5207-PLSTK,Male,0,Yes,Yes,1,Yes,No,DSL,Yes,No,No,No,No,No,Month-to-month,Yes,Mailed check,48.75,48.75,0,0.5319629869716163,1,High Risk,False,Priority 3,Offer incentive to move to a long-term contract | Provide proactive onboarding and early engagement | Offer trial or discounted technical support,3
6507-DTJZV,Male,0,No,Yes,13,Yes,No,DSL,No,No,No,No,Yes,Yes,Month-to-month,No,Credit card (automatic),66.4,831.75,0,0.5309297744658965,1,High Risk,False,Priority 3,Offer incentive to move to a long-term contract | Offer trial or discounted technical support | Promote bundled online security services,3
3069-SSVSN,Female,0,No,No,1,No,No phone service,DSL,No,No,No,No,No,No,One year,No,Mailed check,25.85,25.85,0,0.5307616125919645,1,High Risk,False,Priority 3,Provide proactive onboarding and early engagement | Offer trial or discounted technical support | Promote bundled online security services,3
1208-NBVFH,Male,0,Yes,Yes,20,Yes,No,DSL,No,No,Yes,No,No,No,Month-to-month,Yes,Electronic check,49.6,939.8,0,0.5305544332998346,1,High Risk,False,Priority 3,Offer incentive to move to a long-term contract | Encourage automatic payment adoption | Offer trial or discounted technical support,3
4396-KLSEH,Male,0,No,No,4,Yes,No,No,No internet service,No internet service,No internet service,No internet service,No internet service,No internet service,Month-to-month,Yes,Electronic check,19.85,63.0,0,0.5292822822413477,1,High Risk,False,Priority 3,Offer incentive to move to a long-term contract | Encourage automatic payment adoption | Provide proactive onboarding and early engagement,3
6668-CNMFP,Female,0,Yes,Yes,19,Yes,Yes,Fiber optic,No,No,No,Yes,No,Yes,One year,Yes,Bank transfer (automatic),89.35,1686.85,0,0.5286540568732983,1,High Risk,False,Priority 3,Promote bundled online security services,3
7343-EOBEU,Male,0,Yes,No,3,Yes,Yes,No,No internet service,No internet service,No internet service,No internet service,No internet service,No internet service,Month-to-month,Yes,Mailed check,23.6,89.05,0,0.5285812133117871,1,High Risk,False,Priority 3,Offer incentive to move to a long-term contract | Provide proactive onboarding and early engagement,3
5780-INQIK,Female,0,No,No,8,Yes,No,DSL,No,No,No,Yes,No,No,Month-to-month,No,Electronic check,49.4,408.25,0,0.5285097631088618,1,High Risk,False,Priority 3,Offer incentive to move to a long-term contract | Encourage automatic payment adoption | Provide proactive onboarding and early engagement,3
8455-HIRAQ,Female,0,No,No,8,Yes,No,DSL,No,No,No,No,No,No,Month-to-month,No,Mailed check,44.45,369.3,0,0.5280441261742079,1,High Risk,False,Priority 3,Offer incentive to move to a long-term contract | Provide proactive onboarding and early engagement | Offer trial or discounted technical support,3
8388-FYNPZ,Male,0,No,No,4,Yes,No,DSL,Yes,No,Yes,No,No,No,Month-to-month,No,Electronic check,56.75,245.15,0,0.5276836325798994,1,High Risk,False,Priority 3,Offer incentive to move to a long-term contract | Encourage automatic payment adoption | Provide proactive onboarding and early engagement,3
1935-IMVBB,Male,0,Yes,No,56,Yes,No,Fiber optic,No,No,No,No,Yes,Yes,Month-to-month,No,Mailed check,89.7,4952.95,0,0.5273081859802953,1,High Risk,False,Priority 3,Offer incentive to move to a long-term contract | Offer trial or discounted technical support | Promote bundled online security services,3
8647-SDTWQ,Male,0,Yes,Yes,57,Yes,Yes,Fiber optic,No,No,No,No,No,No,Month-to-month,Yes,Electronic check,74.3,4018.35,0,0.5272808635661334,1,High Risk,False,Priority 3,Offer incentive to move to a long-term contract | Encourage automatic payment adoption | Offer trial or discounted technical support,3
3345-JHUEO,Male,0,No,No,4,Yes,No,No,No internet service,No internet service,No internet service,No internet service,No internet service,No internet service,Month-to-month,Yes,Electronic check,20.2,55.7,0,0.5261824407126612,1,High Risk,False,Priority 3,Offer incentive to move to a long-term contract | Encourage automatic payment adoption | Provide proactive onboarding and early engagement,3
8807-ARQET,Female,0,No,No,41,No,No phone service,DSL,No,Yes,No,No,No,Yes,Month-to-month,Yes,Electronic check,40.35,1677.85,0,0.5259680402995978,1,High Risk,False,Priority 3,Offer incentive to move to a long-term contract | Encourage automatic payment adoption | Offer trial or discounted technical support,3
6897-UUBNU,Male,0,No,No,29,Yes,No,Fiber optic,No,Yes,No,Yes,Yes,No,Month-to-month,No,Mailed check,89.65,2623.65,0,0.5257872015806088,1,High Risk,False,Priority 3,Offer incentive to move to a long-term contract | Promote bundled online security services,3
7993-NQLJE,Male,0,Yes,Yes,15,Yes,No,Fiber optic,Yes,No,No,No,No,No,Month-to-month,No,Mailed check,75.1,1151.55,0,0.525208843114836,1,High Risk,False,Priority 3,Offer incentive to move to a long-term contract | Offer trial or discounted technical support,3
6713-OKOMC,Female,0,No,No,10,No,No phone service,DSL,Yes,No,No,No,No,No,Month-to-month,No,Mailed check,29.75,301.9,0,0.5245312045030223,1,High Risk,False,Priority 3,Offer incentive to move to a long-term contract | Provide proactive onboarding and early engagement | Offer trial or discounted technical support,3
1996-DBMUS,Female,1,Yes,No,48,Yes,No,Fiber optic,No,No,No,No,No,No,Month-to-month,Yes,Bank transfer (automatic),70.65,3545.05,0,0.5244335409794388,1,High Risk,False,Priority 3,Offer incentive to move to a long-term contract | Offer trial or discounted technical support | Promote bundled online security services,3
5686-CMAWK,Male,0,No,No,17,Yes,Yes,Fiber optic,No,No,Yes,Yes,No,No,One year,No,Electronic check,86.75,1410.25,0,0.524232516751471,1,High Risk,False,Priority 3,Encourage automatic payment adoption | Promote bundled online security services,3
5136-GFPMB,Male,0,No,No,54,Yes,Yes,Fiber optic,No,No,Yes,No,No,Yes,Month-to-month,No,Credit card (automatic),89.4,4869.5,0,0.5238010681774142,1,High Risk,False,Priority 3,Offer incentive to move to a long-term contract | Offer trial or discounted technical support | Promote bundled online security services,3
2195-VVRJF,Male,1,Yes,No,18,Yes,No,DSL,Yes,No,No,No,No,Yes,Month-to-month,Yes,Credit card (automatic),59.1,1011.05,0,0.5237581833059262,1,High Risk,False,Priority 3,Offer incentive to move to a long-term contract | Offer trial or discounted technical support,3
9396-ZSFLL,Female,0,No,No,15,Yes,Yes,DSL,No,No,No,No,No,No,Month-to-month,No,Mailed check,48.85,631.4,0,0.5236569530714531,1,High Risk,False,Priority 3,Offer incentive to move to a long-term contract | Offer trial or discounted technical support | Promote bundled online security services,3
7009-LGECI,Female,0,No,No,4,Yes,No,DSL,Yes,No,No,No,No,No,Month-to-month,Yes,Bank transfer (automatic),50.55,235.65,0,0.5233958004042721,1,High Risk,False,Priority 3,Offer incentive to move to a long-term contract | Provide proactive onboarding and early engagement | Offer trial or discounted technical support,3
7621-VPNET,Female,0,Yes,No,42,Yes,Yes,Fiber optic,No,No,Yes,Yes,No,No,Month-to-month,Yes,Credit card (automatic),85.9,3729.75,0,0.5226703968173402,1,High Risk,False,Priority 3,Offer incentive to move to a long-term contract | Promote bundled online security services,3
3113-IWHLC,Male,0,No,No,5,Yes,No,DSL,Yes,No,Yes,No,No,No,Month-to-month,Yes,Mailed check,55.8,274.35,0,0.5216585755777989,1,High Risk,False,Priority 3,Offer incentive to move to a long-term contract | Provide proactive onboarding and early engagement | Offer trial or discounted technical support,3
3842-QTGDL,Male,0,Yes,No,16,Yes,No,Fiber optic,Yes,Yes,No,No,No,No,Month-to-month,No,Bank transfer (automatic),80.75,1321.3,0,0.5201645864117828,1,High Risk,False,Priority 3,Offer incentive to move to a long-term contract | Offer trial or discounted technical support,3
3016-KSVCP,Male,0,Yes,No,29,No,No phone service,DSL,No,No,No,No,Yes,No,Month-to-month,No,Mailed check,33.75,1009.25,0,0.5195518067486791,1,High Risk,False,Priority 3,Offer incentive to move to a long-term contract | Offer trial or discounted technical support | Promote bundled online security services,3
4012-ZTHBR,Female,0,Yes,Yes,21,Yes,No,DSL,No,No,No,No,No,No,Month-to-month,Yes,Electronic check,44.95,926.25,0,0.5194166234587778,1,High Risk,False,Priority 3,Offer incentive to move to a long-term contract | Encourage automatic payment adoption | Offer trial or discounted technical support,3
2692-PFYTJ,Female,0,No,No,1,Yes,Yes,No,No internet service,No internet service,No internet service,No internet service,No internet service,No internet service,Month-to-month,Yes,Mailed check,25.75,25.75,0,0.519293830926811,1,High Risk,False,Priority 3,Offer incentive to move to a long-term contract | Provide proactive onboarding and early engagement,3
2625-TRCZQ,Female,0,Yes,No,51,No,No phone service,DSL,No,Yes,No,No,Yes,Yes,Month-to-month,Yes,Electronic check,49.65,2553.35,0,0.519107390183721,1,High Risk,False,Priority 3,Offer incentive to move to a long-term contract | Encourage automatic payment adoption | Offer trial or discounted technical support,3
8967-SZQAS,Female,0,No,No,14,Yes,No,DSL,No,Yes,No,No,No,No,Month-to-month,No,Electronic check,50.45,765.45,0,0.5174289162986794,1,High Risk,False,Priority 3,Offer incentive to move to a long-term contract | Encourage automatic payment adoption | Offer trial or discounted technical support,3
3594-KADLU,Male,0,Yes,No,3,No,No phone service,DSL,Yes,No,No,Yes,No,No,Month-to-month,No,Mailed check,35.1,101.1,0,0.5168899456509222,1,High Risk,False,Priority 3,Offer incentive to move to a long-term contract | Provide proactive onboarding and early engagement,3
8799-OXZMD,Female,0,No,No,28,No,No phone service,DSL,No,No,Yes,No,No,No,Month-to-month,Yes,Mailed check,29.75,790.7,0,0.5167757534460603,1,High Risk,False,Priority 3,Offer incentive to move to a long-term contract | Offer trial or discounted technical support | Promote bundled online security services,3
9163-GHAYE,Female,0,No,No,15,Yes,No,DSL,No,Yes,No,No,No,No,Month-to-month,No,Electronic check,48.85,736.8,0,0.5166027151319689,1,High Risk,False,Priority 3,Offer incentive to move to a long-term contract | Encourage automatic payment adoption | Offer trial or discounted technical support,3
4957-TREIR,Male,0,No,No,3,Yes,No,DSL,Yes,No,No,Yes,Yes,No,Month-to-month,Yes,Credit card (automatic),64.4,195.65,0,0.5156316548476987,1,High Risk,False,Priority 3,Offer incentive to move to a long-term contract | Provide proactive onboarding and early engagement,3
2273-QCKXA,Male,0,No,No,1,Yes,No,DSL,No,No,No,Yes,No,No,Month-to-month,No,Mailed check,49.05,49.05,0,0.515455540800636,1,High Risk,False,Priority 3,Offer incentive to move to a long-term contract | Provide proactive onboarding and early engagement | Promote bundled online security services,3
6954-OOYZZ,Male,0,Yes,No,18,Yes,No,DSL,No,No,No,No,No,No,Month-to-month,Yes,Bank transfer (automatic),44.35,768.05,0,0.5153902210361143,1,High Risk,False,Priority 3,Offer incentive to move to a long-term contract | Offer trial or discounted technical support | Promote bundled online security services,3
2320-SLKMB,Female,0,No,No,26,No,No phone service,DSL,No,No,Yes,Yes,Yes,No,Month-to-month,Yes,Credit card (automatic),44.45,1183.8,0,0.5150653503718481,1,High Risk,False,Priority 3,Offer incentive to move to a long-term contract | Promote bundled online security services,3
8205-MQUGY,Male,0,Yes,Yes,12,Yes,No,DSL,Yes,No,No,No,No,No,Month-to-month,Yes,Electronic check,49.2,571.15,0,0.5143455250582463,1,High Risk,False,Priority 3,Offer incentive to move to a long-term contract | Encourage automatic payment adoption | Provide proactive onboarding and early engagement,3
0668-OGMHD,Female,0,Yes,No,21,No,No phone service,DSL,Yes,No,No,No,No,No,Month-to-month,No,Electronic check,28.5,629.35,0,0.5141246102327528,1,High Risk,False,Priority 3,Offer incentive to move to a long-term contract | Encourage automatic payment adoption | Offer trial or discounted technical support,3
6576-FBXOJ,Male,0,Yes,No,17,No,No phone service,DSL,No,No,Yes,Yes,Yes,Yes,One year,No,Electronic check,54.6,934.8,0,0.5139756955491847,1,High Risk,False,Priority 3,Encourage automatic payment adoption | Promote bundled online security services,3
7396-VJUZB,Male,0,Yes,Yes,4,Yes,No,DSL,No,No,No,No,No,No,Month-to-month,No,Mailed check,45.25,155.35,0,0.5128657050986881,1,High Risk,False,Priority 3,Offer incentive to move to a long-term contract | Provide proactive onboarding and early engagement | Offer trial or discounted technical support,3
9489-UTFKA,Male,1,Yes,No,8,Yes,No,DSL,Yes,No,No,No,Yes,No,Month-to-month,No,Bank transfer (automatic),60.9,551.95,0,0.5118015788270055,1,High Risk,False,Priority 3,Offer incentive to move to a long-term contract | Provide proactive onboarding and early engagement | Offer trial or discounted technical support,3
3689-MOZGR,Female,0,No,No,29,No,No phone service,DSL,No,No,No,Yes,No,No,Month-to-month,Yes,Electronic check,31.2,926.2,0,0.5112893825580157,1,High Risk,False,Priority 3,Offer incentive to move to a long-term contract | Encourage automatic payment adoption | Promote bundled online security services,3
2045-BMBTJ,Female,1,No,No,33,No,No phone service,DSL,Yes,Yes,Yes,No,Yes,Yes,Month-to-month,Yes,Bank transfer (automatic),59.45,1884.65,0,0.5111056036732338,1,High Risk,False,Priority 3,Offer incentive to move to a long-term contract | Offer trial or discounted technical support,3
9137-NOQKA,Male,1,No,No,2,Yes,No,No,No internet service,No internet service,No internet service,No internet service,No internet service,No internet service,Month-to-month,No,Electronic check,19.2,37.2,0,0.5110221519666288,1,High Risk,False,Priority 3,Offer incentive to move to a long-term contract | Encourage automatic payment adoption | Provide proactive onboarding and early engagement,3
5423-BHIXO,Female,0,No,No,32,Yes,Yes,DSL,No,Yes,No,No,No,No,Month-to-month,Yes,Electronic check,54.2,1739.6,0,0.5107943488483183,1,High Risk,False,Priority 3,Offer incentive to move to a long-term contract | Encourage automatic payment adoption | Offer trial or discounted technical support,3
5311-IHLEI,Male,0,No,No,12,No,No phone service,DSL,Yes,Yes,No,Yes,Yes,No,Month-to-month,Yes,Bank transfer (automatic),50.95,605.75,0,0.5103839337607836,1,High Risk,False,Priority 3,Offer incentive to move to a long-term contract | Provide proactive onboarding and early engagement,3
6344-SFJVH,Female,0,No,No,20,No,No phone service,DSL,No,No,No,No,No,No,Month-to-month,No,Credit card (automatic),24.9,505.95,0,0.5094363221389272,1,High Risk,False,Priority 3,Offer incentive to move to a long-term contract | Offer trial or discounted technical support | Promote bundled online security services,3
7905-NJMXS,Male,1,Yes,No,7,Yes,Yes,DSL,Yes,Yes,No,Yes,No,No,Month-to-month,No,Electronic check,64.2,475.0,0,0.5090622732319845,1,High Risk,False,Priority 3,Offer incentive to move to a long-term contract | Encourage automatic payment adoption | Provide proactive onboarding and early engagement,3
9314-QDMDW,Male,0,No,No,11,Yes,No,DSL,No,Yes,No,No,Yes,No,One year,Yes,Electronic check,61.25,729.95,0,0.5085993070717757,1,High Risk,False,Priority 3,Encourage automatic payment adoption | Provide proactive onboarding and early engagement | Offer trial or discounted technical support,3
5651-CPDND,Male,0,No,No,10,Yes,No,DSL,No,No,No,No,No,No,Month-to-month,No,Mailed check,46.0,492.1,0,0.5073809686847476,1,High Risk,False,Priority 3,Offer incentive to move to a long-term contract | Provide proactive onboarding and early engagement | Offer trial or discounted technical support,3
7661-CPURM,Male,0,No,No,19,Yes,No,Fiber optic,No,No,No,Yes,No,Yes,One year,Yes,Credit card (automatic),87.7,1725.95,0,0.5072424895247727,1,High Risk,False,Priority 3,Promote bundled online security services,3
8049-WJCLQ,Male,0,Yes,Yes,10,Yes,No,DSL,No,No,Yes,No,Yes,No,Month-to-month,No,Mailed check,60.2,563.5,0,0.5062546693029208,1,High Risk,False,Priority 3,Offer incentive to move to a long-term contract | Provide proactive onboarding and early engagement | Offer trial or discounted technical support,3
5843-TTHGI,Female,0,No,No,18,Yes,No,DSL,No,No,Yes,No,No,No,Month-to-month,Yes,Mailed check,50.0,892.7,0,0.5058950382407253,1,High Risk,False,Priority 3,Offer incentive to move to a long-term contract | Offer trial or discounted technical support | Promote bundled online security services,3
8263-OKETD,Female,0,No,No,20,Yes,Yes,DSL,No,Yes,No,Yes,No,Yes,Month-to-month,Yes,Credit card (automatic),68.9,1370.35,0,0.5051991401527633,1,High Risk,False,Priority 3,Offer incentive to move to a long-term contract | Promote bundled online security services,3
5136-RGMZO,Male,0,No,No,31,Yes,Yes,DSL,No,Yes,No,Yes,Yes,No,Month-to-month,Yes,Electronic check,71.05,2168.15,0,0.5041446579011981,1,High Risk,False,Priority 3,Offer incentive to move to a long-term contract | Encourage automatic payment adoption | Promote bundled online security services,3
3522-CDKHF,Female,0,Yes,No,32,Yes,No,Fiber optic,Yes,No,No,No,No,No,Month-to-month,Yes,Bank transfer (automatic),75.5,2324.7,0,0.504060422983634,1,High Risk,False,Priority 3,Offer incentive to move to a long-term contract | Offer trial or discounted technical support,3
1480-IVEVR,Male,1,Yes,No,35,Yes,Yes,Fiber optic,No,No,Yes,No,No,No,One year,Yes,Bank transfer (automatic),81.6,2815.25,0,0.5038467398679913,1,High Risk,False,Priority 3,Offer trial or discounted technical support | Promote bundled online security services,3
6917-YACBP,Female,1,No,No,59,Yes,Yes,Fiber optic,Yes,Yes,Yes,No,No,No,Month-to-month,Yes,Electronic check,89.75,5496.9,0,0.5032932984522392,1,High Risk,False,Priority 3,Offer incentive to move to a long-term contract | Encourage automatic payment adoption | Offer trial or discounted technical support,3
3604-WLABM,Female,0,No,No,10,Yes,No,DSL,No,No,Yes,Yes,No,No,Month-to-month,No,Electronic check,54.25,583.0,0,0.5032700632680926,1,High Risk,False,Priority 3,Offer incentive to move to a long-term contract | Encourage automatic payment adoption | Provide proactive onboarding and early engagement,3
2607-FBDFF,Male,0,No,No,1,Yes,No,DSL,No,No,No,Yes,No,No,Month-to-month,No,Credit card (automatic),49.0,49.0,0,0.5025068745452593,1,High Risk,False,Priority 3,Offer incentive to move to a long-term contract | Provide proactive onboarding and early engagement | Promote bundled online security services,3
5651-WYIPH,Female,1,No,No,18,Yes,No,DSL,No,Yes,No,No,No,No,Month-to-month,Yes,Credit card (automatic),49.85,865.75,0,0.5023044692989991,1,High Risk,False,Priority 3,Offer incentive to move to a long-term contract | Offer trial or discounted technical support | Promote bundled online security services,3
8868-GAGIO,Male,0,Yes,No,45,Yes,Yes,Fiber optic,Yes,No,Yes,No,No,No,Month-to-month,Yes,Mailed check,84.55,3713.95,0,0.5019522082802281,1,High Risk,False,Priority 3,Offer incentive to move to a long-term contract | Offer trial or discounted technical support,3
1575-KRZZE,Female,0,No,No,4,Yes,No,DSL,Yes,Yes,No,No,No,No,Month-to-month,No,Electronic check,55.2,220.65,0,0.5018170217563308,1,High Risk,False,Priority 3,Offer incentive to move to a long-term contract | Encourage automatic payment adoption | Provide proactive onboarding and early engagement,3
8980-WQFWL,Female,0,No,No,35,Yes,No,DSL,No,No,Yes,No,No,Yes,Month-to-month,Yes,Electronic check,62.1,2096.1,0,0.5017328362133348,1,High Risk,False,Priority 3,Offer incentive to move to a long-term contract | Encourage automatic payment adoption | Offer trial or discounted technical support,3
8095-WANWK,Female,0,No,No,10,Yes,No,DSL,No,No,No,No,No,No,Month-to-month,No,Mailed check,45.25,428.7,0,0.5015547017431611,1,High Risk,False,Priority 3,Offer incentive to move to a long-term contract | Provide proactive onboarding and early engagement | Offer trial or discounted technical support,3
6854-EXGSF,Female,0,No,No,8,Yes,Yes,DSL,Yes,Yes,Yes,No,No,No,Month-to-month,Yes,Bank transfer (automatic),65.5,573.15,0,0.5010315186037377,1,High Risk,False,Priority 3,Offer incentive to move to a long-term contract | Provide proactive onboarding and early engagement | Offer trial or discounted technical support,3
7750-EYXWZ,Female,0,No,No,12,No,No phone service,DSL,No,Yes,Yes,Yes,Yes,Yes,One year,No,Electronic check,60.65,743.3,0,0.5009406746352371,1,High Risk,False,Priority 3,Encourage automatic payment adoption | Provide proactive onboarding and early engagement | Promote bundled online security services,3
1848-LBZHY,Female,0,Yes,No,7,Yes,No,DSL,Yes,No,No,No,No,No,Month-to-month,Yes,Bank transfer (automatic),50.3,355.1,0,0.5009400995002892,1,High Risk,False,Priority 3,Offer incentive to move to a long-term contract | Provide proactive onboarding and early engagement | Offer trial or discounted technical support,3
0550-DCXLH,Male,0,No,No,13,Yes,No,DSL,No,Yes,No,Yes,Yes,Yes,Month-to-month,No,Mailed check,73.35,931.55,0,0.50083759039819,1,High Risk,False,Priority 3,Offer incentive to move to a long-term contract | Promote bundled online security services,3
5309-TAIKL,Female,0,No,No,7,Yes,No,DSL,No,No,Yes,Yes,No,Yes,Month-to-month,No,Bank transfer (automatic),62.8,418.3,0,0.5004250505721075,1,High Risk,False,Priority 3,Offer incentive to move to a long-term contract | Provide proactive onboarding and early engagement | Promote bundled online security services,3
6572-ADKRS,Female,0,No,No,46,Yes,No,Fiber optic,No,No,Yes,No,No,No,Month-to-month,Yes,Credit card (automatic),74.8,3548.3,0,0.5001619111089449,1,High Risk,False,Priority 3,Offer incentive to move to a long-term contract | Offer trial or discounted technical support | Promote bundled online security services,3
